Network FabricNetwork_net is external, skipping
Network FabricNetwork_net is external, skipping
Removing volume fabricnetwork_net_orderer2.exemplo.com
Network FabricNetwork_net is external, skipping
Network FabricNetwork_net is external, skipping
Removing volume fabricnetwork_net_orderer0.exemplo.com
Removing volume fabricnetwork_net_orderer3.exemplo.com
Removing volume fabricnetwork_net_orderer1.exemplo.com
Removing volume fabricnetwork_net_peer0.Org1.exemplo.com
Removing volume fabricnetwork_net_peer0.Org3.exemplo.com
Removing volume fabricnetwork_net_peer1.Org1.exemplo.com
Removing volume fabricnetwork_net_peer1.Org3.exemplo.com
Removing volume fabricnetwork_net_peer0.Org2.exemplo.com
Removing volume fabricnetwork_net_peer0.Org4.exemplo.com
Removing volume fabricnetwork_net_peer1.Org2.exemplo.com
Removing volume fabricnetwork_net_peer1.Org4.exemplo.com
Network FabricNetwork_net is external, skipping
Network FabricNetwork_net is external, skipping
Network FabricNetwork_net is external, skipping
Removing volume fabricnetwork_net_orderer0.exemplo.com
Volume fabricnetwork_net_orderer0.exemplo.com not found.
Removing volume fabricnetwork_net_orderer1.exemplo.com
Volume fabricnetwork_net_orderer1.exemplo.com not found.
Removing volume fabricnetwork_net_peer0.Org1.exemplo.com
Volume fabricnetwork_net_peer0.Org1.exemplo.com not found.
Removing volume fabricnetwork_net_peer1.Org1.exemplo.com
Volume fabricnetwork_net_peer1.Org1.exemplo.com not found.
Removing volume fabricnetwork_net_peer0.Org2.exemplo.com
Volume fabricnetwork_net_peer0.Org2.exemplo.com not found.
Removing volume fabricnetwork_net_peer1.Org2.exemplo.com
Volume fabricnetwork_net_peer1.Org2.exemplo.com not found.
Network FabricNetwork_net is external, skipping
Removing volume fabricnetwork_net_orderer2.exemplo.com
Volume fabricnetwork_net_orderer2.exemplo.com not found.
Removing volume fabricnetwork_net_orderer3.exemplo.com
Volume fabricnetwork_net_orderer3.exemplo.com not found.
Removing volume fabricnetwork_net_peer0.Org3.exemplo.com
Volume fabricnetwork_net_peer0.Org3.exemplo.com not found.
Removing volume fabricnetwork_net_peer1.Org3.exemplo.com
Volume fabricnetwork_net_peer1.Org3.exemplo.com not found.
Removing volume fabricnetwork_net_peer0.Org4.exemplo.com
Volume fabricnetwork_net_peer0.Org4.exemplo.com not found.
Removing volume fabricnetwork_net_peer1.Org4.exemplo.com
Volume fabricnetwork_net_peer1.Org4.exemplo.com not found.
Unable to find image 'alpine:latest' locally
latest: Pulling from library/alpine
6a0ac1617861: Pulling fs layer
6a0ac1617861: Verifying Checksum
6a0ac1617861: Download complete
6a0ac1617861: Pull complete
Digest: sha256:5b10f432ef3da1b8d4c7eb6c487f2f5a8f096bc91145e68878dd4a5019afde11
Status: Downloaded newer image for alpine:latest
The Docker Engine you're using is running in swarm mode.

Compose does not use swarm mode to deploy services to multiple nodes in a swarm. All containers will be scheduled on the current node.

To deploy your application across the swarm, use `docker stack deploy`.

Creating ca-orderer ... 
Creating ca-org2    ... 
Creating ca-org1    ... 
The Docker Engine you're using is running in swarm mode.

Compose does not use swarm mode to deploy services to multiple nodes in a swarm. All containers will be scheduled on the current node.

To deploy your application across the swarm, use `docker stack deploy`.

Creating ca-org3 ... 
Creating ca-org4 ... 
Creating ca-orderer ... done
Creating ca-org2    ... done
Creating ca-org4 ... done
Creating ca-org3 ... done
Creating ca-org1    ... done
Unable to find image 'alpine:latest' locally
chown: /data/organizations/fabric-ca/ordererOrg/fabric-ca-server.db-journal: No such file or directory
latest: Pulling from library/alpine
6a0ac1617861: Already exists
Digest: sha256:5b10f432ef3da1b8d4c7eb6c487f2f5a8f096bc91145e68878dd4a5019afde11
Status: Downloaded newer image for alpine:latest
2026/04/17 10:34:21 [INFO] Created a default configuration file at /mnt/prj/g11718038933/new_HERMESSC/IC_Create_Network/network/organizations/fabric-ca/Org1/client/fabric-ca-client-config.yaml
2026/04/17 10:34:21 [INFO] generating key: &{A:ecdsa S:256}
2026/04/17 10:34:21 [INFO] encoded CSR
2026/04/17 10:34:22 [INFO] Stored client certificate at /mnt/prj/g11718038933/new_HERMESSC/IC_Create_Network/network/organizations/fabric-ca/Org1/client/msp/signcerts/cert.pem
2026/04/17 10:34:22 [INFO] Stored root CA certificate at /mnt/prj/g11718038933/new_HERMESSC/IC_Create_Network/network/organizations/fabric-ca/Org1/client/msp/cacerts/10-10-20-151-8054-ca-org1.pem
2026/04/17 10:34:22 [INFO] Stored Issuer public key at /mnt/prj/g11718038933/new_HERMESSC/IC_Create_Network/network/organizations/fabric-ca/Org1/client/msp/IssuerPublicKey
2026/04/17 10:34:22 [INFO] Stored Issuer revocation public key at /mnt/prj/g11718038933/new_HERMESSC/IC_Create_Network/network/organizations/fabric-ca/Org1/client/msp/IssuerRevocationPublicKey
2026/04/17 10:34:22 [INFO] Configuration file location: /mnt/prj/g11718038933/new_HERMESSC/IC_Create_Network/network/organizations/fabric-ca/Org1/client/fabric-ca-client-config.yaml
2026/04/17 10:34:23 [INFO] generating key: &{A:ecdsa S:256}
2026/04/17 10:34:23 [INFO] encoded CSR
2026/04/17 10:34:23 [INFO] Stored client certificate at /mnt/prj/g11718038933/new_HERMESSC/IC_Create_Network/network/organizations/peerOrganizations/Org1.exemplo.com/peers/peer0.Org1.exemplo.com/msp/signcerts/cert.pem
2026/04/17 10:34:23 [INFO] Stored root CA certificate at /mnt/prj/g11718038933/new_HERMESSC/IC_Create_Network/network/organizations/peerOrganizations/Org1.exemplo.com/peers/peer0.Org1.exemplo.com/msp/cacerts/10-10-20-151-8054-ca-org1.pem
2026/04/17 10:34:23 [INFO] Stored Issuer public key at /mnt/prj/g11718038933/new_HERMESSC/IC_Create_Network/network/organizations/peerOrganizations/Org1.exemplo.com/peers/peer0.Org1.exemplo.com/msp/IssuerPublicKey
2026/04/17 10:34:23 [INFO] Stored Issuer revocation public key at /mnt/prj/g11718038933/new_HERMESSC/IC_Create_Network/network/organizations/peerOrganizations/Org1.exemplo.com/peers/peer0.Org1.exemplo.com/msp/IssuerRevocationPublicKey
2026/04/17 10:34:23 [INFO] generating key: &{A:ecdsa S:256}
2026/04/17 10:34:23 [INFO] encoded CSR
2026/04/17 10:34:24 [INFO] Stored client certificate at /mnt/prj/g11718038933/new_HERMESSC/IC_Create_Network/network/organizations/peerOrganizations/Org1.exemplo.com/peers/peer0.Org1.exemplo.com/tls/signcerts/cert.pem
2026/04/17 10:34:24 [INFO] Stored TLS root CA certificate at /mnt/prj/g11718038933/new_HERMESSC/IC_Create_Network/network/organizations/peerOrganizations/Org1.exemplo.com/peers/peer0.Org1.exemplo.com/tls/tlscacerts/tls-10-10-20-151-8054-ca-org1.pem
2026/04/17 10:34:24 [INFO] Stored Issuer public key at /mnt/prj/g11718038933/new_HERMESSC/IC_Create_Network/network/organizations/peerOrganizations/Org1.exemplo.com/peers/peer0.Org1.exemplo.com/tls/IssuerPublicKey
2026/04/17 10:34:24 [INFO] Stored Issuer revocation public key at /mnt/prj/g11718038933/new_HERMESSC/IC_Create_Network/network/organizations/peerOrganizations/Org1.exemplo.com/peers/peer0.Org1.exemplo.com/tls/IssuerRevocationPublicKey
2026/04/17 10:34:24 [INFO] Configuration file location: /mnt/prj/g11718038933/new_HERMESSC/IC_Create_Network/network/organizations/fabric-ca/Org1/client/fabric-ca-client-config.yaml
2026/04/17 10:34:24 [INFO] generating key: &{A:ecdsa S:256}
2026/04/17 10:34:24 [INFO] encoded CSR
2026/04/17 10:34:25 [INFO] Stored client certificate at /mnt/prj/g11718038933/new_HERMESSC/IC_Create_Network/network/organizations/peerOrganizations/Org1.exemplo.com/peers/peer1.Org1.exemplo.com/msp/signcerts/cert.pem
2026/04/17 10:34:25 [INFO] Stored root CA certificate at /mnt/prj/g11718038933/new_HERMESSC/IC_Create_Network/network/organizations/peerOrganizations/Org1.exemplo.com/peers/peer1.Org1.exemplo.com/msp/cacerts/10-10-20-151-8054-ca-org1.pem
2026/04/17 10:34:25 [INFO] Stored Issuer public key at /mnt/prj/g11718038933/new_HERMESSC/IC_Create_Network/network/organizations/peerOrganizations/Org1.exemplo.com/peers/peer1.Org1.exemplo.com/msp/IssuerPublicKey
2026/04/17 10:34:25 [INFO] Stored Issuer revocation public key at /mnt/prj/g11718038933/new_HERMESSC/IC_Create_Network/network/organizations/peerOrganizations/Org1.exemplo.com/peers/peer1.Org1.exemplo.com/msp/IssuerRevocationPublicKey
2026/04/17 10:34:25 [INFO] generating key: &{A:ecdsa S:256}
2026/04/17 10:34:25 [INFO] encoded CSR
2026/04/17 10:34:25 [INFO] Stored client certificate at /mnt/prj/g11718038933/new_HERMESSC/IC_Create_Network/network/organizations/peerOrganizations/Org1.exemplo.com/peers/peer1.Org1.exemplo.com/tls/signcerts/cert.pem
2026/04/17 10:34:26 [INFO] Stored TLS root CA certificate at /mnt/prj/g11718038933/new_HERMESSC/IC_Create_Network/network/organizations/peerOrganizations/Org1.exemplo.com/peers/peer1.Org1.exemplo.com/tls/tlscacerts/tls-10-10-20-151-8054-ca-org1.pem
2026/04/17 10:34:26 [INFO] Stored Issuer public key at /mnt/prj/g11718038933/new_HERMESSC/IC_Create_Network/network/organizations/peerOrganizations/Org1.exemplo.com/peers/peer1.Org1.exemplo.com/tls/IssuerPublicKey
2026/04/17 10:34:26 [INFO] Stored Issuer revocation public key at /mnt/prj/g11718038933/new_HERMESSC/IC_Create_Network/network/organizations/peerOrganizations/Org1.exemplo.com/peers/peer1.Org1.exemplo.com/tls/IssuerRevocationPublicKey
2026/04/17 10:34:26 [INFO] Configuration file location: /mnt/prj/g11718038933/new_HERMESSC/IC_Create_Network/network/organizations/fabric-ca/Org1/client/fabric-ca-client-config.yaml
2026/04/17 10:34:26 [INFO] generating key: &{A:ecdsa S:256}
2026/04/17 10:34:26 [INFO] encoded CSR
2026/04/17 10:34:27 [INFO] Stored client certificate at /mnt/prj/g11718038933/new_HERMESSC/IC_Create_Network/network/organizations/peerOrganizations/Org1.exemplo.com/users/Admin@Org1.exemplo.com/msp/signcerts/cert.pem
2026/04/17 10:34:27 [INFO] Stored root CA certificate at /mnt/prj/g11718038933/new_HERMESSC/IC_Create_Network/network/organizations/peerOrganizations/Org1.exemplo.com/users/Admin@Org1.exemplo.com/msp/cacerts/10-10-20-151-8054-ca-org1.pem
2026/04/17 10:34:27 [INFO] Stored Issuer public key at /mnt/prj/g11718038933/new_HERMESSC/IC_Create_Network/network/organizations/peerOrganizations/Org1.exemplo.com/users/Admin@Org1.exemplo.com/msp/IssuerPublicKey
2026/04/17 10:34:27 [INFO] Stored Issuer revocation public key at /mnt/prj/g11718038933/new_HERMESSC/IC_Create_Network/network/organizations/peerOrganizations/Org1.exemplo.com/users/Admin@Org1.exemplo.com/msp/IssuerRevocationPublicKey
2026/04/17 10:34:27 [INFO] Created a default configuration file at /mnt/prj/g11718038933/new_HERMESSC/IC_Create_Network/network/organizations/fabric-ca/Org2/client/fabric-ca-client-config.yaml
2026/04/17 10:34:27 [INFO] generating key: &{A:ecdsa S:256}
2026/04/17 10:34:27 [INFO] encoded CSR
2026/04/17 10:34:28 [INFO] Stored client certificate at /mnt/prj/g11718038933/new_HERMESSC/IC_Create_Network/network/organizations/fabric-ca/Org2/client/msp/signcerts/cert.pem
2026/04/17 10:34:28 [INFO] Stored root CA certificate at /mnt/prj/g11718038933/new_HERMESSC/IC_Create_Network/network/organizations/fabric-ca/Org2/client/msp/cacerts/10-10-20-151-9054-ca-org2.pem
2026/04/17 10:34:28 [INFO] Stored Issuer public key at /mnt/prj/g11718038933/new_HERMESSC/IC_Create_Network/network/organizations/fabric-ca/Org2/client/msp/IssuerPublicKey
2026/04/17 10:34:28 [INFO] Stored Issuer revocation public key at /mnt/prj/g11718038933/new_HERMESSC/IC_Create_Network/network/organizations/fabric-ca/Org2/client/msp/IssuerRevocationPublicKey
2026/04/17 10:34:28 [INFO] Configuration file location: /mnt/prj/g11718038933/new_HERMESSC/IC_Create_Network/network/organizations/fabric-ca/Org2/client/fabric-ca-client-config.yaml
2026/04/17 10:34:28 [INFO] generating key: &{A:ecdsa S:256}
2026/04/17 10:34:28 [INFO] encoded CSR
2026/04/17 10:34:29 [INFO] Stored client certificate at /mnt/prj/g11718038933/new_HERMESSC/IC_Create_Network/network/organizations/peerOrganizations/Org2.exemplo.com/peers/peer0.Org2.exemplo.com/msp/signcerts/cert.pem
2026/04/17 10:34:29 [INFO] Stored root CA certificate at /mnt/prj/g11718038933/new_HERMESSC/IC_Create_Network/network/organizations/peerOrganizations/Org2.exemplo.com/peers/peer0.Org2.exemplo.com/msp/cacerts/10-10-20-151-9054-ca-org2.pem
2026/04/17 10:34:29 [INFO] Stored Issuer public key at /mnt/prj/g11718038933/new_HERMESSC/IC_Create_Network/network/organizations/peerOrganizations/Org2.exemplo.com/peers/peer0.Org2.exemplo.com/msp/IssuerPublicKey
2026/04/17 10:34:29 [INFO] Stored Issuer revocation public key at /mnt/prj/g11718038933/new_HERMESSC/IC_Create_Network/network/organizations/peerOrganizations/Org2.exemplo.com/peers/peer0.Org2.exemplo.com/msp/IssuerRevocationPublicKey
2026/04/17 10:34:29 [INFO] generating key: &{A:ecdsa S:256}
2026/04/17 10:34:29 [INFO] encoded CSR
2026/04/17 10:34:29 [INFO] Stored client certificate at /mnt/prj/g11718038933/new_HERMESSC/IC_Create_Network/network/organizations/peerOrganizations/Org2.exemplo.com/peers/peer0.Org2.exemplo.com/tls/signcerts/cert.pem
2026/04/17 10:34:29 [INFO] Stored TLS root CA certificate at /mnt/prj/g11718038933/new_HERMESSC/IC_Create_Network/network/organizations/peerOrganizations/Org2.exemplo.com/peers/peer0.Org2.exemplo.com/tls/tlscacerts/tls-10-10-20-151-9054-ca-org2.pem
2026/04/17 10:34:29 [INFO] Stored Issuer public key at /mnt/prj/g11718038933/new_HERMESSC/IC_Create_Network/network/organizations/peerOrganizations/Org2.exemplo.com/peers/peer0.Org2.exemplo.com/tls/IssuerPublicKey
2026/04/17 10:34:29 [INFO] Stored Issuer revocation public key at /mnt/prj/g11718038933/new_HERMESSC/IC_Create_Network/network/organizations/peerOrganizations/Org2.exemplo.com/peers/peer0.Org2.exemplo.com/tls/IssuerRevocationPublicKey
2026/04/17 10:34:29 [INFO] Configuration file location: /mnt/prj/g11718038933/new_HERMESSC/IC_Create_Network/network/organizations/fabric-ca/Org2/client/fabric-ca-client-config.yaml
2026/04/17 10:34:30 [INFO] generating key: &{A:ecdsa S:256}
2026/04/17 10:34:30 [INFO] encoded CSR
2026/04/17 10:34:30 [INFO] Stored client certificate at /mnt/prj/g11718038933/new_HERMESSC/IC_Create_Network/network/organizations/peerOrganizations/Org2.exemplo.com/peers/peer1.Org2.exemplo.com/msp/signcerts/cert.pem
2026/04/17 10:34:30 [INFO] Stored root CA certificate at /mnt/prj/g11718038933/new_HERMESSC/IC_Create_Network/network/organizations/peerOrganizations/Org2.exemplo.com/peers/peer1.Org2.exemplo.com/msp/cacerts/10-10-20-151-9054-ca-org2.pem
2026/04/17 10:34:30 [INFO] Stored Issuer public key at /mnt/prj/g11718038933/new_HERMESSC/IC_Create_Network/network/organizations/peerOrganizations/Org2.exemplo.com/peers/peer1.Org2.exemplo.com/msp/IssuerPublicKey
2026/04/17 10:34:30 [INFO] Stored Issuer revocation public key at /mnt/prj/g11718038933/new_HERMESSC/IC_Create_Network/network/organizations/peerOrganizations/Org2.exemplo.com/peers/peer1.Org2.exemplo.com/msp/IssuerRevocationPublicKey
2026/04/17 10:34:30 [INFO] generating key: &{A:ecdsa S:256}
2026/04/17 10:34:30 [INFO] encoded CSR
2026/04/17 10:34:31 [INFO] Stored client certificate at /mnt/prj/g11718038933/new_HERMESSC/IC_Create_Network/network/organizations/peerOrganizations/Org2.exemplo.com/peers/peer1.Org2.exemplo.com/tls/signcerts/cert.pem
2026/04/17 10:34:31 [INFO] Stored TLS root CA certificate at /mnt/prj/g11718038933/new_HERMESSC/IC_Create_Network/network/organizations/peerOrganizations/Org2.exemplo.com/peers/peer1.Org2.exemplo.com/tls/tlscacerts/tls-10-10-20-151-9054-ca-org2.pem
2026/04/17 10:34:31 [INFO] Stored Issuer public key at /mnt/prj/g11718038933/new_HERMESSC/IC_Create_Network/network/organizations/peerOrganizations/Org2.exemplo.com/peers/peer1.Org2.exemplo.com/tls/IssuerPublicKey
2026/04/17 10:34:31 [INFO] Stored Issuer revocation public key at /mnt/prj/g11718038933/new_HERMESSC/IC_Create_Network/network/organizations/peerOrganizations/Org2.exemplo.com/peers/peer1.Org2.exemplo.com/tls/IssuerRevocationPublicKey
2026/04/17 10:34:31 [INFO] Configuration file location: /mnt/prj/g11718038933/new_HERMESSC/IC_Create_Network/network/organizations/fabric-ca/Org2/client/fabric-ca-client-config.yaml
2026/04/17 10:34:32 [INFO] generating key: &{A:ecdsa S:256}
2026/04/17 10:34:32 [INFO] encoded CSR
2026/04/17 10:34:33 [INFO] Stored client certificate at /mnt/prj/g11718038933/new_HERMESSC/IC_Create_Network/network/organizations/peerOrganizations/Org2.exemplo.com/users/Admin@Org2.exemplo.com/msp/signcerts/cert.pem
2026/04/17 10:34:33 [INFO] Stored root CA certificate at /mnt/prj/g11718038933/new_HERMESSC/IC_Create_Network/network/organizations/peerOrganizations/Org2.exemplo.com/users/Admin@Org2.exemplo.com/msp/cacerts/10-10-20-151-9054-ca-org2.pem
2026/04/17 10:34:33 [INFO] Stored Issuer public key at /mnt/prj/g11718038933/new_HERMESSC/IC_Create_Network/network/organizations/peerOrganizations/Org2.exemplo.com/users/Admin@Org2.exemplo.com/msp/IssuerPublicKey
2026/04/17 10:34:33 [INFO] Stored Issuer revocation public key at /mnt/prj/g11718038933/new_HERMESSC/IC_Create_Network/network/organizations/peerOrganizations/Org2.exemplo.com/users/Admin@Org2.exemplo.com/msp/IssuerRevocationPublicKey
2026/04/17 10:34:33 [INFO] Created a default configuration file at /mnt/prj/g11718038933/new_HERMESSC/IC_Create_Network/network/organizations/fabric-ca/Org3/client/fabric-ca-client-config.yaml
2026/04/17 10:34:33 [INFO] generating key: &{A:ecdsa S:256}
2026/04/17 10:34:33 [INFO] encoded CSR
2026/04/17 10:34:33 [INFO] Stored client certificate at /mnt/prj/g11718038933/new_HERMESSC/IC_Create_Network/network/organizations/fabric-ca/Org3/client/msp/signcerts/cert.pem
2026/04/17 10:34:33 [INFO] Stored root CA certificate at /mnt/prj/g11718038933/new_HERMESSC/IC_Create_Network/network/organizations/fabric-ca/Org3/client/msp/cacerts/10-10-20-152-10054-ca-org3.pem
2026/04/17 10:34:33 [INFO] Stored Issuer public key at /mnt/prj/g11718038933/new_HERMESSC/IC_Create_Network/network/organizations/fabric-ca/Org3/client/msp/IssuerPublicKey
2026/04/17 10:34:34 [INFO] Stored Issuer revocation public key at /mnt/prj/g11718038933/new_HERMESSC/IC_Create_Network/network/organizations/fabric-ca/Org3/client/msp/IssuerRevocationPublicKey
2026/04/17 10:34:34 [INFO] Configuration file location: /mnt/prj/g11718038933/new_HERMESSC/IC_Create_Network/network/organizations/fabric-ca/Org3/client/fabric-ca-client-config.yaml
2026/04/17 10:34:34 [INFO] generating key: &{A:ecdsa S:256}
2026/04/17 10:34:34 [INFO] encoded CSR
2026/04/17 10:34:34 [INFO] Stored client certificate at /mnt/prj/g11718038933/new_HERMESSC/IC_Create_Network/network/organizations/peerOrganizations/Org3.exemplo.com/peers/peer0.Org3.exemplo.com/msp/signcerts/cert.pem
2026/04/17 10:34:34 [INFO] Stored root CA certificate at /mnt/prj/g11718038933/new_HERMESSC/IC_Create_Network/network/organizations/peerOrganizations/Org3.exemplo.com/peers/peer0.Org3.exemplo.com/msp/cacerts/10-10-20-152-10054-ca-org3.pem
2026/04/17 10:34:35 [INFO] Stored Issuer public key at /mnt/prj/g11718038933/new_HERMESSC/IC_Create_Network/network/organizations/peerOrganizations/Org3.exemplo.com/peers/peer0.Org3.exemplo.com/msp/IssuerPublicKey
2026/04/17 10:34:35 [INFO] Stored Issuer revocation public key at /mnt/prj/g11718038933/new_HERMESSC/IC_Create_Network/network/organizations/peerOrganizations/Org3.exemplo.com/peers/peer0.Org3.exemplo.com/msp/IssuerRevocationPublicKey
2026/04/17 10:34:35 [INFO] generating key: &{A:ecdsa S:256}
2026/04/17 10:34:35 [INFO] encoded CSR
2026/04/17 10:34:35 [INFO] Stored client certificate at /mnt/prj/g11718038933/new_HERMESSC/IC_Create_Network/network/organizations/peerOrganizations/Org3.exemplo.com/peers/peer0.Org3.exemplo.com/tls/signcerts/cert.pem
2026/04/17 10:34:35 [INFO] Stored TLS root CA certificate at /mnt/prj/g11718038933/new_HERMESSC/IC_Create_Network/network/organizations/peerOrganizations/Org3.exemplo.com/peers/peer0.Org3.exemplo.com/tls/tlscacerts/tls-10-10-20-152-10054-ca-org3.pem
2026/04/17 10:34:36 [INFO] Stored Issuer public key at /mnt/prj/g11718038933/new_HERMESSC/IC_Create_Network/network/organizations/peerOrganizations/Org3.exemplo.com/peers/peer0.Org3.exemplo.com/tls/IssuerPublicKey
2026/04/17 10:34:36 [INFO] Stored Issuer revocation public key at /mnt/prj/g11718038933/new_HERMESSC/IC_Create_Network/network/organizations/peerOrganizations/Org3.exemplo.com/peers/peer0.Org3.exemplo.com/tls/IssuerRevocationPublicKey
2026/04/17 10:34:36 [INFO] Configuration file location: /mnt/prj/g11718038933/new_HERMESSC/IC_Create_Network/network/organizations/fabric-ca/Org3/client/fabric-ca-client-config.yaml
2026/04/17 10:34:36 [INFO] generating key: &{A:ecdsa S:256}
2026/04/17 10:34:36 [INFO] encoded CSR
2026/04/17 10:34:37 [INFO] Stored client certificate at /mnt/prj/g11718038933/new_HERMESSC/IC_Create_Network/network/organizations/peerOrganizations/Org3.exemplo.com/peers/peer1.Org3.exemplo.com/msp/signcerts/cert.pem
2026/04/17 10:34:37 [INFO] Stored root CA certificate at /mnt/prj/g11718038933/new_HERMESSC/IC_Create_Network/network/organizations/peerOrganizations/Org3.exemplo.com/peers/peer1.Org3.exemplo.com/msp/cacerts/10-10-20-152-10054-ca-org3.pem
2026/04/17 10:34:37 [INFO] Stored Issuer public key at /mnt/prj/g11718038933/new_HERMESSC/IC_Create_Network/network/organizations/peerOrganizations/Org3.exemplo.com/peers/peer1.Org3.exemplo.com/msp/IssuerPublicKey
2026/04/17 10:34:37 [INFO] Stored Issuer revocation public key at /mnt/prj/g11718038933/new_HERMESSC/IC_Create_Network/network/organizations/peerOrganizations/Org3.exemplo.com/peers/peer1.Org3.exemplo.com/msp/IssuerRevocationPublicKey
2026/04/17 10:34:37 [INFO] generating key: &{A:ecdsa S:256}
2026/04/17 10:34:37 [INFO] encoded CSR
2026/04/17 10:34:38 [INFO] Stored client certificate at /mnt/prj/g11718038933/new_HERMESSC/IC_Create_Network/network/organizations/peerOrganizations/Org3.exemplo.com/peers/peer1.Org3.exemplo.com/tls/signcerts/cert.pem
2026/04/17 10:34:38 [INFO] Stored TLS root CA certificate at /mnt/prj/g11718038933/new_HERMESSC/IC_Create_Network/network/organizations/peerOrganizations/Org3.exemplo.com/peers/peer1.Org3.exemplo.com/tls/tlscacerts/tls-10-10-20-152-10054-ca-org3.pem
2026/04/17 10:34:38 [INFO] Stored Issuer public key at /mnt/prj/g11718038933/new_HERMESSC/IC_Create_Network/network/organizations/peerOrganizations/Org3.exemplo.com/peers/peer1.Org3.exemplo.com/tls/IssuerPublicKey
2026/04/17 10:34:38 [INFO] Stored Issuer revocation public key at /mnt/prj/g11718038933/new_HERMESSC/IC_Create_Network/network/organizations/peerOrganizations/Org3.exemplo.com/peers/peer1.Org3.exemplo.com/tls/IssuerRevocationPublicKey
2026/04/17 10:34:39 [INFO] Configuration file location: /mnt/prj/g11718038933/new_HERMESSC/IC_Create_Network/network/organizations/fabric-ca/Org3/client/fabric-ca-client-config.yaml
2026/04/17 10:34:39 [INFO] generating key: &{A:ecdsa S:256}
2026/04/17 10:34:39 [INFO] encoded CSR
2026/04/17 10:34:40 [INFO] Stored client certificate at /mnt/prj/g11718038933/new_HERMESSC/IC_Create_Network/network/organizations/peerOrganizations/Org3.exemplo.com/users/Admin@Org3.exemplo.com/msp/signcerts/cert.pem
2026/04/17 10:34:40 [INFO] Stored root CA certificate at /mnt/prj/g11718038933/new_HERMESSC/IC_Create_Network/network/organizations/peerOrganizations/Org3.exemplo.com/users/Admin@Org3.exemplo.com/msp/cacerts/10-10-20-152-10054-ca-org3.pem
2026/04/17 10:34:40 [INFO] Stored Issuer public key at /mnt/prj/g11718038933/new_HERMESSC/IC_Create_Network/network/organizations/peerOrganizations/Org3.exemplo.com/users/Admin@Org3.exemplo.com/msp/IssuerPublicKey
2026/04/17 10:34:40 [INFO] Stored Issuer revocation public key at /mnt/prj/g11718038933/new_HERMESSC/IC_Create_Network/network/organizations/peerOrganizations/Org3.exemplo.com/users/Admin@Org3.exemplo.com/msp/IssuerRevocationPublicKey
2026/04/17 10:34:40 [INFO] Created a default configuration file at /mnt/prj/g11718038933/new_HERMESSC/IC_Create_Network/network/organizations/fabric-ca/Org4/client/fabric-ca-client-config.yaml
2026/04/17 10:34:40 [INFO] generating key: &{A:ecdsa S:256}
2026/04/17 10:34:40 [INFO] encoded CSR
2026/04/17 10:34:41 [INFO] Stored client certificate at /mnt/prj/g11718038933/new_HERMESSC/IC_Create_Network/network/organizations/fabric-ca/Org4/client/msp/signcerts/cert.pem
2026/04/17 10:34:41 [INFO] Stored root CA certificate at /mnt/prj/g11718038933/new_HERMESSC/IC_Create_Network/network/organizations/fabric-ca/Org4/client/msp/cacerts/10-10-20-152-11054-ca-org4.pem
2026/04/17 10:34:41 [INFO] Stored Issuer public key at /mnt/prj/g11718038933/new_HERMESSC/IC_Create_Network/network/organizations/fabric-ca/Org4/client/msp/IssuerPublicKey
2026/04/17 10:34:41 [INFO] Stored Issuer revocation public key at /mnt/prj/g11718038933/new_HERMESSC/IC_Create_Network/network/organizations/fabric-ca/Org4/client/msp/IssuerRevocationPublicKey
2026/04/17 10:34:41 [INFO] Configuration file location: /mnt/prj/g11718038933/new_HERMESSC/IC_Create_Network/network/organizations/fabric-ca/Org4/client/fabric-ca-client-config.yaml
2026/04/17 10:34:41 [INFO] generating key: &{A:ecdsa S:256}
2026/04/17 10:34:41 [INFO] encoded CSR
2026/04/17 10:34:42 [INFO] Stored client certificate at /mnt/prj/g11718038933/new_HERMESSC/IC_Create_Network/network/organizations/peerOrganizations/Org4.exemplo.com/peers/peer0.Org4.exemplo.com/msp/signcerts/cert.pem
2026/04/17 10:34:42 [INFO] Stored root CA certificate at /mnt/prj/g11718038933/new_HERMESSC/IC_Create_Network/network/organizations/peerOrganizations/Org4.exemplo.com/peers/peer0.Org4.exemplo.com/msp/cacerts/10-10-20-152-11054-ca-org4.pem
2026/04/17 10:34:42 [INFO] Stored Issuer public key at /mnt/prj/g11718038933/new_HERMESSC/IC_Create_Network/network/organizations/peerOrganizations/Org4.exemplo.com/peers/peer0.Org4.exemplo.com/msp/IssuerPublicKey
2026/04/17 10:34:42 [INFO] Stored Issuer revocation public key at /mnt/prj/g11718038933/new_HERMESSC/IC_Create_Network/network/organizations/peerOrganizations/Org4.exemplo.com/peers/peer0.Org4.exemplo.com/msp/IssuerRevocationPublicKey
2026/04/17 10:34:42 [INFO] generating key: &{A:ecdsa S:256}
2026/04/17 10:34:42 [INFO] encoded CSR
2026/04/17 10:34:42 [INFO] Stored client certificate at /mnt/prj/g11718038933/new_HERMESSC/IC_Create_Network/network/organizations/peerOrganizations/Org4.exemplo.com/peers/peer0.Org4.exemplo.com/tls/signcerts/cert.pem
2026/04/17 10:34:43 [INFO] Stored TLS root CA certificate at /mnt/prj/g11718038933/new_HERMESSC/IC_Create_Network/network/organizations/peerOrganizations/Org4.exemplo.com/peers/peer0.Org4.exemplo.com/tls/tlscacerts/tls-10-10-20-152-11054-ca-org4.pem
2026/04/17 10:34:43 [INFO] Stored Issuer public key at /mnt/prj/g11718038933/new_HERMESSC/IC_Create_Network/network/organizations/peerOrganizations/Org4.exemplo.com/peers/peer0.Org4.exemplo.com/tls/IssuerPublicKey
2026/04/17 10:34:43 [INFO] Stored Issuer revocation public key at /mnt/prj/g11718038933/new_HERMESSC/IC_Create_Network/network/organizations/peerOrganizations/Org4.exemplo.com/peers/peer0.Org4.exemplo.com/tls/IssuerRevocationPublicKey
2026/04/17 10:34:43 [INFO] Configuration file location: /mnt/prj/g11718038933/new_HERMESSC/IC_Create_Network/network/organizations/fabric-ca/Org4/client/fabric-ca-client-config.yaml
2026/04/17 10:34:43 [INFO] generating key: &{A:ecdsa S:256}
2026/04/17 10:34:43 [INFO] encoded CSR
2026/04/17 10:34:44 [INFO] Stored client certificate at /mnt/prj/g11718038933/new_HERMESSC/IC_Create_Network/network/organizations/peerOrganizations/Org4.exemplo.com/peers/peer1.Org4.exemplo.com/msp/signcerts/cert.pem
2026/04/17 10:34:44 [INFO] Stored root CA certificate at /mnt/prj/g11718038933/new_HERMESSC/IC_Create_Network/network/organizations/peerOrganizations/Org4.exemplo.com/peers/peer1.Org4.exemplo.com/msp/cacerts/10-10-20-152-11054-ca-org4.pem
2026/04/17 10:34:44 [INFO] Stored Issuer public key at /mnt/prj/g11718038933/new_HERMESSC/IC_Create_Network/network/organizations/peerOrganizations/Org4.exemplo.com/peers/peer1.Org4.exemplo.com/msp/IssuerPublicKey
2026/04/17 10:34:44 [INFO] Stored Issuer revocation public key at /mnt/prj/g11718038933/new_HERMESSC/IC_Create_Network/network/organizations/peerOrganizations/Org4.exemplo.com/peers/peer1.Org4.exemplo.com/msp/IssuerRevocationPublicKey
2026/04/17 10:34:44 [INFO] generating key: &{A:ecdsa S:256}
2026/04/17 10:34:44 [INFO] encoded CSR
2026/04/17 10:34:46 [INFO] Stored client certificate at /mnt/prj/g11718038933/new_HERMESSC/IC_Create_Network/network/organizations/peerOrganizations/Org4.exemplo.com/peers/peer1.Org4.exemplo.com/tls/signcerts/cert.pem
2026/04/17 10:34:47 [INFO] Stored TLS root CA certificate at /mnt/prj/g11718038933/new_HERMESSC/IC_Create_Network/network/organizations/peerOrganizations/Org4.exemplo.com/peers/peer1.Org4.exemplo.com/tls/tlscacerts/tls-10-10-20-152-11054-ca-org4.pem
2026/04/17 10:34:47 [INFO] Stored Issuer public key at /mnt/prj/g11718038933/new_HERMESSC/IC_Create_Network/network/organizations/peerOrganizations/Org4.exemplo.com/peers/peer1.Org4.exemplo.com/tls/IssuerPublicKey
2026/04/17 10:34:47 [INFO] Stored Issuer revocation public key at /mnt/prj/g11718038933/new_HERMESSC/IC_Create_Network/network/organizations/peerOrganizations/Org4.exemplo.com/peers/peer1.Org4.exemplo.com/tls/IssuerRevocationPublicKey
2026/04/17 10:34:47 [INFO] Configuration file location: /mnt/prj/g11718038933/new_HERMESSC/IC_Create_Network/network/organizations/fabric-ca/Org4/client/fabric-ca-client-config.yaml
2026/04/17 10:34:47 [INFO] generating key: &{A:ecdsa S:256}
2026/04/17 10:34:47 [INFO] encoded CSR
2026/04/17 10:34:48 [INFO] Stored client certificate at /mnt/prj/g11718038933/new_HERMESSC/IC_Create_Network/network/organizations/peerOrganizations/Org4.exemplo.com/users/Admin@Org4.exemplo.com/msp/signcerts/cert.pem
2026/04/17 10:34:48 [INFO] Stored root CA certificate at /mnt/prj/g11718038933/new_HERMESSC/IC_Create_Network/network/organizations/peerOrganizations/Org4.exemplo.com/users/Admin@Org4.exemplo.com/msp/cacerts/10-10-20-152-11054-ca-org4.pem
2026/04/17 10:34:48 [INFO] Stored Issuer public key at /mnt/prj/g11718038933/new_HERMESSC/IC_Create_Network/network/organizations/peerOrganizations/Org4.exemplo.com/users/Admin@Org4.exemplo.com/msp/IssuerPublicKey
2026/04/17 10:34:48 [INFO] Stored Issuer revocation public key at /mnt/prj/g11718038933/new_HERMESSC/IC_Create_Network/network/organizations/peerOrganizations/Org4.exemplo.com/users/Admin@Org4.exemplo.com/msp/IssuerRevocationPublicKey
2026/04/17 10:34:48 [INFO] Created a default configuration file at /mnt/prj/g11718038933/new_HERMESSC/IC_Create_Network/network/organizations/fabric-ca/ordererOrg/client/fabric-ca-client-config.yaml
2026/04/17 10:34:48 [INFO] generating key: &{A:ecdsa S:256}
2026/04/17 10:34:49 [INFO] encoded CSR
2026/04/17 10:34:49 [INFO] Stored client certificate at /mnt/prj/g11718038933/new_HERMESSC/IC_Create_Network/network/organizations/fabric-ca/ordererOrg/client/msp/signcerts/cert.pem
2026/04/17 10:34:50 [INFO] Stored root CA certificate at /mnt/prj/g11718038933/new_HERMESSC/IC_Create_Network/network/organizations/fabric-ca/ordererOrg/client/msp/cacerts/10-10-20-151-7054-ca-orderer.pem
2026/04/17 10:34:50 [INFO] Stored Issuer public key at /mnt/prj/g11718038933/new_HERMESSC/IC_Create_Network/network/organizations/fabric-ca/ordererOrg/client/msp/IssuerPublicKey
2026/04/17 10:34:50 [INFO] Stored Issuer revocation public key at /mnt/prj/g11718038933/new_HERMESSC/IC_Create_Network/network/organizations/fabric-ca/ordererOrg/client/msp/IssuerRevocationPublicKey
2026/04/17 10:34:50 [INFO] Configuration file location: /mnt/prj/g11718038933/new_HERMESSC/IC_Create_Network/network/organizations/fabric-ca/ordererOrg/client/fabric-ca-client-config.yaml
2026/04/17 10:34:50 [INFO] generating key: &{A:ecdsa S:256}
2026/04/17 10:34:50 [INFO] encoded CSR
2026/04/17 10:34:51 [INFO] Stored client certificate at /mnt/prj/g11718038933/new_HERMESSC/IC_Create_Network/network/organizations/ordererOrganizations/exemplo.com/orderers/orderer0.exemplo.com/msp/signcerts/cert.pem
2026/04/17 10:34:51 [INFO] Stored root CA certificate at /mnt/prj/g11718038933/new_HERMESSC/IC_Create_Network/network/organizations/ordererOrganizations/exemplo.com/orderers/orderer0.exemplo.com/msp/cacerts/10-10-20-151-7054-ca-orderer.pem
2026/04/17 10:34:51 [INFO] Stored Issuer public key at /mnt/prj/g11718038933/new_HERMESSC/IC_Create_Network/network/organizations/ordererOrganizations/exemplo.com/orderers/orderer0.exemplo.com/msp/IssuerPublicKey
2026/04/17 10:34:51 [INFO] Stored Issuer revocation public key at /mnt/prj/g11718038933/new_HERMESSC/IC_Create_Network/network/organizations/ordererOrganizations/exemplo.com/orderers/orderer0.exemplo.com/msp/IssuerRevocationPublicKey
2026/04/17 10:34:52 [INFO] generating key: &{A:ecdsa S:256}
2026/04/17 10:34:52 [INFO] encoded CSR
2026/04/17 10:34:52 [INFO] Stored client certificate at /mnt/prj/g11718038933/new_HERMESSC/IC_Create_Network/network/organizations/ordererOrganizations/exemplo.com/orderers/orderer0.exemplo.com/tls/signcerts/cert.pem
2026/04/17 10:34:52 [INFO] Stored TLS root CA certificate at /mnt/prj/g11718038933/new_HERMESSC/IC_Create_Network/network/organizations/ordererOrganizations/exemplo.com/orderers/orderer0.exemplo.com/tls/tlscacerts/tls-10-10-20-151-7054-ca-orderer.pem
2026/04/17 10:34:53 [INFO] Stored Issuer public key at /mnt/prj/g11718038933/new_HERMESSC/IC_Create_Network/network/organizations/ordererOrganizations/exemplo.com/orderers/orderer0.exemplo.com/tls/IssuerPublicKey
2026/04/17 10:34:53 [INFO] Stored Issuer revocation public key at /mnt/prj/g11718038933/new_HERMESSC/IC_Create_Network/network/organizations/ordererOrganizations/exemplo.com/orderers/orderer0.exemplo.com/tls/IssuerRevocationPublicKey
2026/04/17 10:34:53 [INFO] Configuration file location: /mnt/prj/g11718038933/new_HERMESSC/IC_Create_Network/network/organizations/fabric-ca/ordererOrg/client/fabric-ca-client-config.yaml
2026/04/17 10:34:53 [INFO] generating key: &{A:ecdsa S:256}
2026/04/17 10:34:54 [INFO] encoded CSR
2026/04/17 10:34:54 [INFO] Stored client certificate at /mnt/prj/g11718038933/new_HERMESSC/IC_Create_Network/network/organizations/ordererOrganizations/exemplo.com/orderers/orderer1.exemplo.com/msp/signcerts/cert.pem
2026/04/17 10:34:54 [INFO] Stored root CA certificate at /mnt/prj/g11718038933/new_HERMESSC/IC_Create_Network/network/organizations/ordererOrganizations/exemplo.com/orderers/orderer1.exemplo.com/msp/cacerts/10-10-20-151-7054-ca-orderer.pem
2026/04/17 10:34:55 [INFO] Stored Issuer public key at /mnt/prj/g11718038933/new_HERMESSC/IC_Create_Network/network/organizations/ordererOrganizations/exemplo.com/orderers/orderer1.exemplo.com/msp/IssuerPublicKey
2026/04/17 10:34:55 [INFO] Stored Issuer revocation public key at /mnt/prj/g11718038933/new_HERMESSC/IC_Create_Network/network/organizations/ordererOrganizations/exemplo.com/orderers/orderer1.exemplo.com/msp/IssuerRevocationPublicKey
2026/04/17 10:34:55 [INFO] generating key: &{A:ecdsa S:256}
2026/04/17 10:34:55 [INFO] encoded CSR
2026/04/17 10:34:56 [INFO] Stored client certificate at /mnt/prj/g11718038933/new_HERMESSC/IC_Create_Network/network/organizations/ordererOrganizations/exemplo.com/orderers/orderer1.exemplo.com/tls/signcerts/cert.pem
2026/04/17 10:34:56 [INFO] Stored TLS root CA certificate at /mnt/prj/g11718038933/new_HERMESSC/IC_Create_Network/network/organizations/ordererOrganizations/exemplo.com/orderers/orderer1.exemplo.com/tls/tlscacerts/tls-10-10-20-151-7054-ca-orderer.pem
2026/04/17 10:34:56 [INFO] Stored Issuer public key at /mnt/prj/g11718038933/new_HERMESSC/IC_Create_Network/network/organizations/ordererOrganizations/exemplo.com/orderers/orderer1.exemplo.com/tls/IssuerPublicKey
2026/04/17 10:34:56 [INFO] Stored Issuer revocation public key at /mnt/prj/g11718038933/new_HERMESSC/IC_Create_Network/network/organizations/ordererOrganizations/exemplo.com/orderers/orderer1.exemplo.com/tls/IssuerRevocationPublicKey
2026/04/17 10:34:57 [INFO] Configuration file location: /mnt/prj/g11718038933/new_HERMESSC/IC_Create_Network/network/organizations/fabric-ca/ordererOrg/client/fabric-ca-client-config.yaml
2026/04/17 10:34:57 [INFO] generating key: &{A:ecdsa S:256}
2026/04/17 10:34:57 [INFO] encoded CSR
2026/04/17 10:34:58 [INFO] Stored client certificate at /mnt/prj/g11718038933/new_HERMESSC/IC_Create_Network/network/organizations/ordererOrganizations/exemplo.com/orderers/orderer2.exemplo.com/msp/signcerts/cert.pem
2026/04/17 10:34:58 [INFO] Stored root CA certificate at /mnt/prj/g11718038933/new_HERMESSC/IC_Create_Network/network/organizations/ordererOrganizations/exemplo.com/orderers/orderer2.exemplo.com/msp/cacerts/10-10-20-151-7054-ca-orderer.pem
2026/04/17 10:34:58 [INFO] Stored Issuer public key at /mnt/prj/g11718038933/new_HERMESSC/IC_Create_Network/network/organizations/ordererOrganizations/exemplo.com/orderers/orderer2.exemplo.com/msp/IssuerPublicKey
2026/04/17 10:34:58 [INFO] Stored Issuer revocation public key at /mnt/prj/g11718038933/new_HERMESSC/IC_Create_Network/network/organizations/ordererOrganizations/exemplo.com/orderers/orderer2.exemplo.com/msp/IssuerRevocationPublicKey
2026/04/17 10:34:58 [INFO] generating key: &{A:ecdsa S:256}
2026/04/17 10:34:58 [INFO] encoded CSR
2026/04/17 10:34:59 [INFO] Stored client certificate at /mnt/prj/g11718038933/new_HERMESSC/IC_Create_Network/network/organizations/ordererOrganizations/exemplo.com/orderers/orderer2.exemplo.com/tls/signcerts/cert.pem
2026/04/17 10:34:59 [INFO] Stored TLS root CA certificate at /mnt/prj/g11718038933/new_HERMESSC/IC_Create_Network/network/organizations/ordererOrganizations/exemplo.com/orderers/orderer2.exemplo.com/tls/tlscacerts/tls-10-10-20-151-7054-ca-orderer.pem
2026/04/17 10:34:59 [INFO] Stored Issuer public key at /mnt/prj/g11718038933/new_HERMESSC/IC_Create_Network/network/organizations/ordererOrganizations/exemplo.com/orderers/orderer2.exemplo.com/tls/IssuerPublicKey
2026/04/17 10:34:59 [INFO] Stored Issuer revocation public key at /mnt/prj/g11718038933/new_HERMESSC/IC_Create_Network/network/organizations/ordererOrganizations/exemplo.com/orderers/orderer2.exemplo.com/tls/IssuerRevocationPublicKey
2026/04/17 10:34:59 [INFO] Configuration file location: /mnt/prj/g11718038933/new_HERMESSC/IC_Create_Network/network/organizations/fabric-ca/ordererOrg/client/fabric-ca-client-config.yaml
2026/04/17 10:35:00 [INFO] generating key: &{A:ecdsa S:256}
2026/04/17 10:35:00 [INFO] encoded CSR
2026/04/17 10:35:01 [INFO] Stored client certificate at /mnt/prj/g11718038933/new_HERMESSC/IC_Create_Network/network/organizations/ordererOrganizations/exemplo.com/orderers/orderer3.exemplo.com/msp/signcerts/cert.pem
2026/04/17 10:35:01 [INFO] Stored root CA certificate at /mnt/prj/g11718038933/new_HERMESSC/IC_Create_Network/network/organizations/ordererOrganizations/exemplo.com/orderers/orderer3.exemplo.com/msp/cacerts/10-10-20-151-7054-ca-orderer.pem
2026/04/17 10:35:01 [INFO] Stored Issuer public key at /mnt/prj/g11718038933/new_HERMESSC/IC_Create_Network/network/organizations/ordererOrganizations/exemplo.com/orderers/orderer3.exemplo.com/msp/IssuerPublicKey
2026/04/17 10:35:01 [INFO] Stored Issuer revocation public key at /mnt/prj/g11718038933/new_HERMESSC/IC_Create_Network/network/organizations/ordererOrganizations/exemplo.com/orderers/orderer3.exemplo.com/msp/IssuerRevocationPublicKey
2026/04/17 10:35:01 [INFO] generating key: &{A:ecdsa S:256}
2026/04/17 10:35:01 [INFO] encoded CSR
2026/04/17 10:35:02 [INFO] Stored client certificate at /mnt/prj/g11718038933/new_HERMESSC/IC_Create_Network/network/organizations/ordererOrganizations/exemplo.com/orderers/orderer3.exemplo.com/tls/signcerts/cert.pem
2026/04/17 10:35:02 [INFO] Stored TLS root CA certificate at /mnt/prj/g11718038933/new_HERMESSC/IC_Create_Network/network/organizations/ordererOrganizations/exemplo.com/orderers/orderer3.exemplo.com/tls/tlscacerts/tls-10-10-20-151-7054-ca-orderer.pem
2026/04/17 10:35:02 [INFO] Stored Issuer public key at /mnt/prj/g11718038933/new_HERMESSC/IC_Create_Network/network/organizations/ordererOrganizations/exemplo.com/orderers/orderer3.exemplo.com/tls/IssuerPublicKey
2026/04/17 10:35:02 [INFO] Stored Issuer revocation public key at /mnt/prj/g11718038933/new_HERMESSC/IC_Create_Network/network/organizations/ordererOrganizations/exemplo.com/orderers/orderer3.exemplo.com/tls/IssuerRevocationPublicKey
2026/04/17 10:35:03 [INFO] Configuration file location: /mnt/prj/g11718038933/new_HERMESSC/IC_Create_Network/network/organizations/fabric-ca/ordererOrg/client/fabric-ca-client-config.yaml
2026/04/17 10:35:03 [INFO] generating key: &{A:ecdsa S:256}
2026/04/17 10:35:03 [INFO] encoded CSR
2026/04/17 10:35:04 [INFO] Stored client certificate at /mnt/prj/g11718038933/new_HERMESSC/IC_Create_Network/network/organizations/ordererOrganizations/exemplo.com/users/Admin@exemplo.com/msp/signcerts/cert.pem
2026/04/17 10:35:04 [INFO] Stored root CA certificate at /mnt/prj/g11718038933/new_HERMESSC/IC_Create_Network/network/organizations/ordererOrganizations/exemplo.com/users/Admin@exemplo.com/msp/cacerts/10-10-20-151-7054-ca-orderer.pem
2026/04/17 10:35:04 [INFO] Stored Issuer public key at /mnt/prj/g11718038933/new_HERMESSC/IC_Create_Network/network/organizations/ordererOrganizations/exemplo.com/users/Admin@exemplo.com/msp/IssuerPublicKey
2026/04/17 10:35:04 [INFO] Stored Issuer revocation public key at /mnt/prj/g11718038933/new_HERMESSC/IC_Create_Network/network/organizations/ordererOrganizations/exemplo.com/users/Admin@exemplo.com/msp/IssuerRevocationPublicKey
[34m2026-04-17 10:35:06.396 -03 0001 INFO[0m [common.tools.configtxgen] [34;1mmain[0m -> Loading configuration
[34m2026-04-17 10:35:06.408 -03 0002 INFO[0m [common.tools.configtxgen.localconfig] [34;1mcompleteInitialization[0m -> orderer type: BFT
[34m2026-04-17 10:35:06.409 -03 0003 INFO[0m [common.tools.configtxgen.localconfig] [34;1mLoad[0m -> Loaded configuration: /mnt/prj/g11718038933/new_HERMESSC/IC_Create_Network/network/configtx.yaml
[34m2026-04-17 10:35:06.471 -03 0004 INFO[0m [common.tools.configtxgen] [34;1mdoOutputBlock[0m -> Generating genesis block
[34m2026-04-17 10:35:06.471 -03 0005 INFO[0m [common.tools.configtxgen] [34;1mdoOutputBlock[0m -> Creating application channel genesis block
[34m2026-04-17 10:35:06.472 -03 0006 INFO[0m [common.tools.configtxgen] [34;1mdoOutputBlock[0m -> Writing genesis block
[34m2026-04-17 10:35:06.745 -03 0001 INFO[0m [common.tools.configtxgen] [34;1mmain[0m -> Loading configuration
[34m2026-04-17 10:35:06.747 -03 0002 INFO[0m [common.tools.configtxgen.localconfig] [34;1mcompleteInitialization[0m -> orderer type: BFT
[34m2026-04-17 10:35:06.747 -03 0003 INFO[0m [common.tools.configtxgen.localconfig] [34;1mLoad[0m -> Loaded configuration: /mnt/prj/g11718038933/new_HERMESSC/IC_Create_Network/network/configtx.yaml
[34m2026-04-17 10:35:06.764 -03 0004 INFO[0m [common.tools.configtxgen] [34;1mdoOutputBlock[0m -> Generating genesis block
[34m2026-04-17 10:35:06.764 -03 0005 INFO[0m [common.tools.configtxgen] [34;1mdoOutputBlock[0m -> Creating application channel genesis block
[34m2026-04-17 10:35:06.764 -03 0006 INFO[0m [common.tools.configtxgen] [34;1mdoOutputBlock[0m -> Writing genesis block
The Docker Engine you're using is running in swarm mode.

Compose does not use swarm mode to deploy services to multiple nodes in a swarm. All containers will be scheduled on the current node.

To deploy your application across the swarm, use `docker stack deploy`.

Creating volume "fabricnetwork_net_orderer0.exemplo.com" with default driver
Creating volume "fabricnetwork_net_orderer1.exemplo.com" with default driver
Creating volume "fabricnetwork_net_peer0.Org1.exemplo.com" with default driver
Creating volume "fabricnetwork_net_peer1.Org1.exemplo.com" with default driver
Creating volume "fabricnetwork_net_peer0.Org2.exemplo.com" with default driver
Creating volume "fabricnetwork_net_peer1.Org2.exemplo.com" with default driver
Creating orderer0.exemplo.com ... 
Creating peer0.Org2.exemplo.com ... 
Creating peer1.Org2.exemplo.com ... 
Creating peer1.Org1.exemplo.com ... 
Creating orderer1.exemplo.com   ... 
The Docker Engine you're using is running in swarm mode.

Compose does not use swarm mode to deploy services to multiple nodes in a swarm. All containers will be scheduled on the current node.

To deploy your application across the swarm, use `docker stack deploy`.

Creating peer0.Org1.exemplo.com ... 
Creating volume "fabricnetwork_net_orderer2.exemplo.com" with default driver
Creating volume "fabricnetwork_net_orderer3.exemplo.com" with default driver
Creating volume "fabricnetwork_net_peer0.Org3.exemplo.com" with default driver
Creating volume "fabricnetwork_net_peer1.Org3.exemplo.com" with default driver
Creating volume "fabricnetwork_net_peer0.Org4.exemplo.com" with default driver
Creating volume "fabricnetwork_net_peer1.Org4.exemplo.com" with default driver
Creating peer0.Org4.exemplo.com ... 
Creating orderer3.exemplo.com   ... 
Creating orderer2.exemplo.com   ... 
Creating peer1.Org3.exemplo.com ... 
Creating peer1.Org4.exemplo.com ... 
Creating peer0.Org3.exemplo.com ... 
Creating peer0.Org1.exemplo.com ... done
Creating peer0.Org2.exemplo.com ... done
Creating orderer1.exemplo.com   ... done
Creating orderer0.exemplo.com   ... done
Creating peer1.Org1.exemplo.com ... done
Creating peer1.Org2.exemplo.com ... done
Creating peer1.Org4.exemplo.com ... done
Creating peer1.Org3.exemplo.com ... done
Creating peer0.Org3.exemplo.com ... done
Creating peer0.Org4.exemplo.com ... done
Creating orderer3.exemplo.com   ... done
Creating orderer2.exemplo.com   ... done
[34m2026-04-17 10:35:12.721 -03 0001 INFO[0m [grpc] [34;1mInfof[0m -> [core] original dial target is: "10.10.20.151:7051"
[34m2026-04-17 10:35:12.722 -03 0002 INFO[0m [grpc] [34;1mAddTraceEvent[0m -> [core] [Channel #1]Channel created
[34m2026-04-17 10:35:12.722 -03 0003 INFO[0m [grpc] [34;1mAddTraceEvent[0m -> [core] [Channel #1]parsed dial target is: resolver.Target{URL:url.URL{Scheme:"passthrough", Opaque:"", User:(*url.Userinfo)(nil), Host:"", Path:"/10.10.20.151:7051", RawPath:"", OmitHost:false, ForceQuery:false, RawQuery:"", Fragment:"", RawFragment:""}}
[34m2026-04-17 10:35:12.722 -03 0004 INFO[0m [grpc] [34;1mAddTraceEvent[0m -> [core] [Channel #1]Channel authority set to "10.10.20.151:7051"
[34m2026-04-17 10:35:12.723 -03 0005 INFO[0m [grpc] [34;1mAddTraceEvent[0m -> [core] [Channel #1]Resolver state updated: {
  "Addresses": [
    {
      "Addr": "10.10.20.151:7051",
      "ServerName": "",
      "Attributes": null,
      "BalancerAttributes": null,
      "Metadata": null
    }
  ],
  "Endpoints": [
    {
      "Addresses": [
        {
          "Addr": "10.10.20.151:7051",
          "ServerName": "",
          "Attributes": null,
          "BalancerAttributes": null,
          "Metadata": null
        }
      ],
      "Attributes": null
    }
  ],
  "ServiceConfig": null,
  "Attributes": null
} (resolver returned new addresses)
[34m2026-04-17 10:35:12.724 -03 0006 INFO[0m [grpc] [34;1mAddTraceEvent[0m -> [core] [Channel #1]Channel switches to new LB policy "pick_first"
[34m2026-04-17 10:35:12.724 -03 0007 INFO[0m [grpc] [34;1mInfof[0m -> [pick-first-leaf-lb] [pick-first-leaf-lb 0xc0002682d0] Received new config {
  "shuffleAddressList": false
}, resolver state {
  "Addresses": [
    {
      "Addr": "10.10.20.151:7051",
      "ServerName": "",
      "Attributes": null,
      "BalancerAttributes": null,
      "Metadata": null
    }
  ],
  "Endpoints": [
    {
      "Addresses": [
        {
          "Addr": "10.10.20.151:7051",
          "ServerName": "",
          "Attributes": null,
          "BalancerAttributes": null,
          "Metadata": null
        }
      ],
      "Attributes": null
    }
  ],
  "ServiceConfig": null,
  "Attributes": null
}
[34m2026-04-17 10:35:12.726 -03 0008 INFO[0m [grpc] [34;1mAddTraceEvent[0m -> [core] [Channel #1]Channel Connectivity change to CONNECTING
[34m2026-04-17 10:35:12.726 -03 0009 INFO[0m [grpc] [34;1mAddTraceEvent[0m -> [core] [Channel #1 SubChannel #2]Subchannel created
[34m2026-04-17 10:35:12.726 -03 000a INFO[0m [grpc] [34;1mAddTraceEvent[0m -> [core] [Channel #1]Channel exiting idle mode
[34m2026-04-17 10:35:12.726 -03 000b INFO[0m [grpc] [34;1mAddTraceEvent[0m -> [core] [Channel #1 SubChannel #2]Subchannel Connectivity change to CONNECTING
[34m2026-04-17 10:35:12.726 -03 000c INFO[0m [grpc] [34;1mAddTraceEvent[0m -> [core] [Channel #1 SubChannel #2]Subchannel picks a new address "10.10.20.151:7051" to connect
[34m2026-04-17 10:35:12.735 -03 000d INFO[0m [grpc] [34;1mAddTraceEvent[0m -> [core] [Channel #1 SubChannel #2]Subchannel Connectivity change to READY
[34m2026-04-17 10:35:12.735 -03 000e INFO[0m [grpc] [34;1mInfof[0m -> [pick-first-leaf-lb] [pick-first-leaf-lb 0xc0002682d0] SubConn 0xc0001c8eb0 reported connectivity state READY and the health listener is disabled. Transitioning SubConn to READY.
[34m2026-04-17 10:35:12.735 -03 000f INFO[0m [grpc] [34;1mAddTraceEvent[0m -> [core] [Channel #1]Channel Connectivity change to READY
[34m2026-04-17 10:35:12.735 -03 0010 INFO[0m [channelCmd] [34;1mInitCmdFactory[0m -> Endorser and orderer connections initialized
[34m2026-04-17 10:35:12.780 -03 0011 INFO[0m [channelCmd] [34;1mexecuteJoin[0m -> Successfully submitted proposal to join channel
[33m2026-04-17 10:35:13.156 -03 0001 WARN[0m [grpc] [33;1mWarningf[0m -> [core] Adjusting keepalive ping interval to minimum period of 10s
[34m2026-04-17 10:35:13.156 -03 0002 INFO[0m [grpc] [34;1mInfof[0m -> [core] original dial target is: "10.10.20.151:7060"
[34m2026-04-17 10:35:13.156 -03 0003 INFO[0m [grpc] [34;1mAddTraceEvent[0m -> [core] [Channel #1]Channel created
[34m2026-04-17 10:35:13.156 -03 0004 INFO[0m [grpc] [34;1mAddTraceEvent[0m -> [core] [Channel #1]parsed dial target is: resolver.Target{URL:url.URL{Scheme:"passthrough", Opaque:"", User:(*url.Userinfo)(nil), Host:"", Path:"/10.10.20.151:7060", RawPath:"", OmitHost:false, ForceQuery:false, RawQuery:"", Fragment:"", RawFragment:""}}
[34m2026-04-17 10:35:13.156 -03 0005 INFO[0m [grpc] [34;1mAddTraceEvent[0m -> [core] [Channel #1]Channel authority set to "10.10.20.151:7060"
[34m2026-04-17 10:35:13.156 -03 0006 INFO[0m [grpc] [34;1mAddTraceEvent[0m -> [core] [Channel #1]Resolver state updated: {
  "Addresses": [
    {
      "Addr": "10.10.20.151:7060",
      "ServerName": "",
      "Attributes": null,
      "BalancerAttributes": null,
      "Metadata": null
    }
  ],
  "Endpoints": [
    {
      "Addresses": [
        {
          "Addr": "10.10.20.151:7060",
          "ServerName": "",
          "Attributes": null,
          "BalancerAttributes": null,
          "Metadata": null
        }
      ],
      "Attributes": null
    }
  ],
  "ServiceConfig": null,
  "Attributes": null
} (resolver returned new addresses)
[34m2026-04-17 10:35:13.156 -03 0007 INFO[0m [grpc] [34;1mAddTraceEvent[0m -> [core] [Channel #1]Channel switches to new LB policy "pick_first"
[34m2026-04-17 10:35:13.156 -03 0008 INFO[0m [grpc] [34;1mInfof[0m -> [pick-first-leaf-lb] [pick-first-leaf-lb 0xc0004acb40] Received new config {
  "shuffleAddressList": false
}, resolver state {
  "Addresses": [
    {
      "Addr": "10.10.20.151:7060",
      "ServerName": "",
      "Attributes": null,
      "BalancerAttributes": null,
      "Metadata": null
    }
  ],
  "Endpoints": [
    {
      "Addresses": [
        {
          "Addr": "10.10.20.151:7060",
          "ServerName": "",
          "Attributes": null,
          "BalancerAttributes": null,
          "Metadata": null
        }
      ],
      "Attributes": null
    }
  ],
  "ServiceConfig": null,
  "Attributes": null
}
[34m2026-04-17 10:35:13.156 -03 0009 INFO[0m [grpc] [34;1mAddTraceEvent[0m -> [core] [Channel #1]Channel Connectivity change to CONNECTING
[34m2026-04-17 10:35:13.156 -03 000a INFO[0m [grpc] [34;1mAddTraceEvent[0m -> [core] [Channel #1 SubChannel #2]Subchannel created
[34m2026-04-17 10:35:13.156 -03 000b INFO[0m [grpc] [34;1mAddTraceEvent[0m -> [core] [Channel #1]Channel exiting idle mode
[34m2026-04-17 10:35:13.156 -03 000c INFO[0m [grpc] [34;1mAddTraceEvent[0m -> [core] [Channel #1 SubChannel #2]Subchannel Connectivity change to CONNECTING
[34m2026-04-17 10:35:13.156 -03 000d INFO[0m [grpc] [34;1mAddTraceEvent[0m -> [core] [Channel #1 SubChannel #2]Subchannel picks a new address "10.10.20.151:7060" to connect
[34m2026-04-17 10:35:13.159 -03 000e INFO[0m [grpc] [34;1mAddTraceEvent[0m -> [core] [Channel #1 SubChannel #2]Subchannel Connectivity change to READY
[34m2026-04-17 10:35:13.159 -03 000f INFO[0m [grpc] [34;1mInfof[0m -> [pick-first-leaf-lb] [pick-first-leaf-lb 0xc0004acb40] SubConn 0xc00038f6d0 reported connectivity state READY and the health listener is disabled. Transitioning SubConn to READY.
[34m2026-04-17 10:35:13.159 -03 0010 INFO[0m [grpc] [34;1mAddTraceEvent[0m -> [core] [Channel #1]Channel Connectivity change to READY
[34m2026-04-17 10:35:13.159 -03 0011 INFO[0m [channelCmd] [34;1mInitCmdFactory[0m -> Endorser and orderer connections initialized
[34m2026-04-17 10:35:13.165 -03 0012 INFO[0m [cli.common] [34;1mreadBlock[0m -> Received block: 0
[34m2026-04-17 10:35:13.165 -03 0013 INFO[0m [channelCmd] [34;1mfetch[0m -> Retrieving last config block: 0
[34m2026-04-17 10:35:13.195 -03 0014 INFO[0m [cli.common] [34;1mreadBlock[0m -> Received block: 0
[34m2026-04-17 10:35:14.797 -03 0001 INFO[0m [channelCmd] [34;1mInitCmdFactory[0m -> Endorser and orderer connections initialized
[33m2026-04-17 10:35:14.800 -03 0002 WARN[0m [grpc] [33;1mWarningf[0m -> [core] Adjusting keepalive ping interval to minimum period of 10s
[34m2026-04-17 10:35:14.800 -03 0003 INFO[0m [grpc] [34;1mInfof[0m -> [core] original dial target is: "10.10.20.151:7060"
[34m2026-04-17 10:35:14.800 -03 0004 INFO[0m [grpc] [34;1mAddTraceEvent[0m -> [core] [Channel #1]Channel created
[34m2026-04-17 10:35:14.800 -03 0005 INFO[0m [grpc] [34;1mAddTraceEvent[0m -> [core] [Channel #1]parsed dial target is: resolver.Target{URL:url.URL{Scheme:"passthrough", Opaque:"", User:(*url.Userinfo)(nil), Host:"", Path:"/10.10.20.151:7060", RawPath:"", OmitHost:false, ForceQuery:false, RawQuery:"", Fragment:"", RawFragment:""}}
[34m2026-04-17 10:35:14.800 -03 0006 INFO[0m [grpc] [34;1mAddTraceEvent[0m -> [core] [Channel #1]Channel authority set to "10.10.20.151:7060"
[34m2026-04-17 10:35:14.800 -03 0007 INFO[0m [grpc] [34;1mAddTraceEvent[0m -> [core] [Channel #1]Resolver state updated: {
  "Addresses": [
    {
      "Addr": "10.10.20.151:7060",
      "ServerName": "",
      "Attributes": null,
      "BalancerAttributes": null,
      "Metadata": null
    }
  ],
  "Endpoints": [
    {
      "Addresses": [
        {
          "Addr": "10.10.20.151:7060",
          "ServerName": "",
          "Attributes": null,
          "BalancerAttributes": null,
          "Metadata": null
        }
      ],
      "Attributes": null
    }
  ],
  "ServiceConfig": null,
  "Attributes": null
} (resolver returned new addresses)
[34m2026-04-17 10:35:14.800 -03 0008 INFO[0m [grpc] [34;1mAddTraceEvent[0m -> [core] [Channel #1]Channel switches to new LB policy "pick_first"
[34m2026-04-17 10:35:14.800 -03 0009 INFO[0m [grpc] [34;1mInfof[0m -> [pick-first-leaf-lb] [pick-first-leaf-lb 0xc00029a510] Received new config {
  "shuffleAddressList": false
}, resolver state {
  "Addresses": [
    {
      "Addr": "10.10.20.151:7060",
      "ServerName": "",
      "Attributes": null,
      "BalancerAttributes": null,
      "Metadata": null
    }
  ],
  "Endpoints": [
    {
      "Addresses": [
        {
          "Addr": "10.10.20.151:7060",
          "ServerName": "",
          "Attributes": null,
          "BalancerAttributes": null,
          "Metadata": null
        }
      ],
      "Attributes": null
    }
  ],
  "ServiceConfig": null,
  "Attributes": null
}
[34m2026-04-17 10:35:14.800 -03 000a INFO[0m [grpc] [34;1mAddTraceEvent[0m -> [core] [Channel #1]Channel Connectivity change to CONNECTING
[34m2026-04-17 10:35:14.800 -03 000b INFO[0m [grpc] [34;1mAddTraceEvent[0m -> [core] [Channel #1 SubChannel #2]Subchannel created
[34m2026-04-17 10:35:14.800 -03 000c INFO[0m [grpc] [34;1mAddTraceEvent[0m -> [core] [Channel #1]Channel exiting idle mode
[34m2026-04-17 10:35:14.800 -03 000d INFO[0m [grpc] [34;1mAddTraceEvent[0m -> [core] [Channel #1 SubChannel #2]Subchannel Connectivity change to CONNECTING
[34m2026-04-17 10:35:14.800 -03 000e INFO[0m [grpc] [34;1mAddTraceEvent[0m -> [core] [Channel #1 SubChannel #2]Subchannel picks a new address "10.10.20.151:7060" to connect
[34m2026-04-17 10:35:14.803 -03 000f INFO[0m [grpc] [34;1mAddTraceEvent[0m -> [core] [Channel #1 SubChannel #2]Subchannel Connectivity change to READY
[34m2026-04-17 10:35:14.803 -03 0010 INFO[0m [grpc] [34;1mInfof[0m -> [pick-first-leaf-lb] [pick-first-leaf-lb 0xc00029a510] SubConn 0xc00026fcc0 reported connectivity state READY and the health listener is disabled. Transitioning SubConn to READY.
[34m2026-04-17 10:35:14.803 -03 0011 INFO[0m [grpc] [34;1mAddTraceEvent[0m -> [core] [Channel #1]Channel Connectivity change to READY
[34m2026-04-17 10:35:14.813 -03 0012 INFO[0m [channelCmd] [34;1mupdate[0m -> Successfully submitted channel update
[34m2026-04-17 10:35:14.879 -03 0001 INFO[0m [grpc] [34;1mInfof[0m -> [core] original dial target is: "10.10.20.151:8051"
[34m2026-04-17 10:35:14.879 -03 0002 INFO[0m [grpc] [34;1mAddTraceEvent[0m -> [core] [Channel #1]Channel created
[34m2026-04-17 10:35:14.880 -03 0003 INFO[0m [grpc] [34;1mAddTraceEvent[0m -> [core] [Channel #1]parsed dial target is: resolver.Target{URL:url.URL{Scheme:"passthrough", Opaque:"", User:(*url.Userinfo)(nil), Host:"", Path:"/10.10.20.151:8051", RawPath:"", OmitHost:false, ForceQuery:false, RawQuery:"", Fragment:"", RawFragment:""}}
[34m2026-04-17 10:35:14.880 -03 0004 INFO[0m [grpc] [34;1mAddTraceEvent[0m -> [core] [Channel #1]Channel authority set to "10.10.20.151:8051"
[34m2026-04-17 10:35:14.880 -03 0005 INFO[0m [grpc] [34;1mAddTraceEvent[0m -> [core] [Channel #1]Resolver state updated: {
  "Addresses": [
    {
      "Addr": "10.10.20.151:8051",
      "ServerName": "",
      "Attributes": null,
      "BalancerAttributes": null,
      "Metadata": null
    }
  ],
  "Endpoints": [
    {
      "Addresses": [
        {
          "Addr": "10.10.20.151:8051",
          "ServerName": "",
          "Attributes": null,
          "BalancerAttributes": null,
          "Metadata": null
        }
      ],
      "Attributes": null
    }
  ],
  "ServiceConfig": null,
  "Attributes": null
} (resolver returned new addresses)
[34m2026-04-17 10:35:14.880 -03 0006 INFO[0m [grpc] [34;1mAddTraceEvent[0m -> [core] [Channel #1]Channel switches to new LB policy "pick_first"
[34m2026-04-17 10:35:14.880 -03 0007 INFO[0m [grpc] [34;1mInfof[0m -> [pick-first-leaf-lb] [pick-first-leaf-lb 0xc0003725a0] Received new config {
  "shuffleAddressList": false
}, resolver state {
  "Addresses": [
    {
      "Addr": "10.10.20.151:8051",
      "ServerName": "",
      "Attributes": null,
      "BalancerAttributes": null,
      "Metadata": null
    }
  ],
  "Endpoints": [
    {
      "Addresses": [
        {
          "Addr": "10.10.20.151:8051",
          "ServerName": "",
          "Attributes": null,
          "BalancerAttributes": null,
          "Metadata": null
        }
      ],
      "Attributes": null
    }
  ],
  "ServiceConfig": null,
  "Attributes": null
}
[34m2026-04-17 10:35:14.880 -03 0008 INFO[0m [grpc] [34;1mAddTraceEvent[0m -> [core] [Channel #1]Channel Connectivity change to CONNECTING
[34m2026-04-17 10:35:14.880 -03 0009 INFO[0m [grpc] [34;1mAddTraceEvent[0m -> [core] [Channel #1 SubChannel #2]Subchannel created
[34m2026-04-17 10:35:14.880 -03 000a INFO[0m [grpc] [34;1mAddTraceEvent[0m -> [core] [Channel #1]Channel exiting idle mode
[34m2026-04-17 10:35:14.880 -03 000b INFO[0m [grpc] [34;1mAddTraceEvent[0m -> [core] [Channel #1 SubChannel #2]Subchannel Connectivity change to CONNECTING
[34m2026-04-17 10:35:14.880 -03 000c INFO[0m [grpc] [34;1mAddTraceEvent[0m -> [core] [Channel #1 SubChannel #2]Subchannel picks a new address "10.10.20.151:8051" to connect
[34m2026-04-17 10:35:14.882 -03 000d INFO[0m [grpc] [34;1mAddTraceEvent[0m -> [core] [Channel #1 SubChannel #2]Subchannel Connectivity change to READY
[34m2026-04-17 10:35:14.882 -03 000e INFO[0m [grpc] [34;1mInfof[0m -> [pick-first-leaf-lb] [pick-first-leaf-lb 0xc0003725a0] SubConn 0xc00030dae0 reported connectivity state READY and the health listener is disabled. Transitioning SubConn to READY.
[34m2026-04-17 10:35:14.882 -03 000f INFO[0m [grpc] [34;1mAddTraceEvent[0m -> [core] [Channel #1]Channel Connectivity change to READY
[34m2026-04-17 10:35:14.882 -03 0010 INFO[0m [channelCmd] [34;1mInitCmdFactory[0m -> Endorser and orderer connections initialized
[34m2026-04-17 10:35:14.931 -03 0011 INFO[0m [channelCmd] [34;1mexecuteJoin[0m -> Successfully submitted proposal to join channel
[34m2026-04-17 10:35:15.008 -03 0001 INFO[0m [grpc] [34;1mInfof[0m -> [core] original dial target is: "10.10.20.151:9051"
[34m2026-04-17 10:35:15.008 -03 0002 INFO[0m [grpc] [34;1mAddTraceEvent[0m -> [core] [Channel #1]Channel created
[34m2026-04-17 10:35:15.008 -03 0003 INFO[0m [grpc] [34;1mAddTraceEvent[0m -> [core] [Channel #1]parsed dial target is: resolver.Target{URL:url.URL{Scheme:"passthrough", Opaque:"", User:(*url.Userinfo)(nil), Host:"", Path:"/10.10.20.151:9051", RawPath:"", OmitHost:false, ForceQuery:false, RawQuery:"", Fragment:"", RawFragment:""}}
[34m2026-04-17 10:35:15.008 -03 0004 INFO[0m [grpc] [34;1mAddTraceEvent[0m -> [core] [Channel #1]Channel authority set to "10.10.20.151:9051"
[34m2026-04-17 10:35:15.008 -03 0005 INFO[0m [grpc] [34;1mAddTraceEvent[0m -> [core] [Channel #1]Resolver state updated: {
  "Addresses": [
    {
      "Addr": "10.10.20.151:9051",
      "ServerName": "",
      "Attributes": null,
      "BalancerAttributes": null,
      "Metadata": null
    }
  ],
  "Endpoints": [
    {
      "Addresses": [
        {
          "Addr": "10.10.20.151:9051",
          "ServerName": "",
          "Attributes": null,
          "BalancerAttributes": null,
          "Metadata": null
        }
      ],
      "Attributes": null
    }
  ],
  "ServiceConfig": null,
  "Attributes": null
} (resolver returned new addresses)
[34m2026-04-17 10:35:15.008 -03 0006 INFO[0m [grpc] [34;1mAddTraceEvent[0m -> [core] [Channel #1]Channel switches to new LB policy "pick_first"
[34m2026-04-17 10:35:15.008 -03 0007 INFO[0m [grpc] [34;1mInfof[0m -> [pick-first-leaf-lb] [pick-first-leaf-lb 0xc00039a5a0] Received new config {
  "shuffleAddressList": false
}, resolver state {
  "Addresses": [
    {
      "Addr": "10.10.20.151:9051",
      "ServerName": "",
      "Attributes": null,
      "BalancerAttributes": null,
      "Metadata": null
    }
  ],
  "Endpoints": [
    {
      "Addresses": [
        {
          "Addr": "10.10.20.151:9051",
          "ServerName": "",
          "Attributes": null,
          "BalancerAttributes": null,
          "Metadata": null
        }
      ],
      "Attributes": null
    }
  ],
  "ServiceConfig": null,
  "Attributes": null
}
[34m2026-04-17 10:35:15.008 -03 0008 INFO[0m [grpc] [34;1mAddTraceEvent[0m -> [core] [Channel #1]Channel Connectivity change to CONNECTING
[34m2026-04-17 10:35:15.008 -03 0009 INFO[0m [grpc] [34;1mAddTraceEvent[0m -> [core] [Channel #1 SubChannel #2]Subchannel created
[34m2026-04-17 10:35:15.008 -03 000a INFO[0m [grpc] [34;1mAddTraceEvent[0m -> [core] [Channel #1]Channel exiting idle mode
[34m2026-04-17 10:35:15.009 -03 000b INFO[0m [grpc] [34;1mAddTraceEvent[0m -> [core] [Channel #1 SubChannel #2]Subchannel Connectivity change to CONNECTING
[34m2026-04-17 10:35:15.009 -03 000c INFO[0m [grpc] [34;1mAddTraceEvent[0m -> [core] [Channel #1 SubChannel #2]Subchannel picks a new address "10.10.20.151:9051" to connect
[34m2026-04-17 10:35:15.012 -03 000d INFO[0m [grpc] [34;1mAddTraceEvent[0m -> [core] [Channel #1 SubChannel #2]Subchannel Connectivity change to READY
[34m2026-04-17 10:35:15.012 -03 000e INFO[0m [grpc] [34;1mInfof[0m -> [pick-first-leaf-lb] [pick-first-leaf-lb 0xc00039a5a0] SubConn 0xc000335ae0 reported connectivity state READY and the health listener is disabled. Transitioning SubConn to READY.
[34m2026-04-17 10:35:15.012 -03 000f INFO[0m [grpc] [34;1mAddTraceEvent[0m -> [core] [Channel #1]Channel Connectivity change to READY
[34m2026-04-17 10:35:15.012 -03 0010 INFO[0m [channelCmd] [34;1mInitCmdFactory[0m -> Endorser and orderer connections initialized
[34m2026-04-17 10:35:15.093 -03 0011 INFO[0m [channelCmd] [34;1mexecuteJoin[0m -> Successfully submitted proposal to join channel
[33m2026-04-17 10:35:15.466 -03 0001 WARN[0m [grpc] [33;1mWarningf[0m -> [core] Adjusting keepalive ping interval to minimum period of 10s
[34m2026-04-17 10:35:15.466 -03 0002 INFO[0m [grpc] [34;1mInfof[0m -> [core] original dial target is: "10.10.20.151:7060"
[34m2026-04-17 10:35:15.466 -03 0003 INFO[0m [grpc] [34;1mAddTraceEvent[0m -> [core] [Channel #1]Channel created
[34m2026-04-17 10:35:15.467 -03 0004 INFO[0m [grpc] [34;1mAddTraceEvent[0m -> [core] [Channel #1]parsed dial target is: resolver.Target{URL:url.URL{Scheme:"passthrough", Opaque:"", User:(*url.Userinfo)(nil), Host:"", Path:"/10.10.20.151:7060", RawPath:"", OmitHost:false, ForceQuery:false, RawQuery:"", Fragment:"", RawFragment:""}}
[34m2026-04-17 10:35:15.467 -03 0005 INFO[0m [grpc] [34;1mAddTraceEvent[0m -> [core] [Channel #1]Channel authority set to "10.10.20.151:7060"
[34m2026-04-17 10:35:15.467 -03 0006 INFO[0m [grpc] [34;1mAddTraceEvent[0m -> [core] [Channel #1]Resolver state updated: {
  "Addresses": [
    {
      "Addr": "10.10.20.151:7060",
      "ServerName": "",
      "Attributes": null,
      "BalancerAttributes": null,
      "Metadata": null
    }
  ],
  "Endpoints": [
    {
      "Addresses": [
        {
          "Addr": "10.10.20.151:7060",
          "ServerName": "",
          "Attributes": null,
          "BalancerAttributes": null,
          "Metadata": null
        }
      ],
      "Attributes": null
    }
  ],
  "ServiceConfig": null,
  "Attributes": null
} (resolver returned new addresses)
[34m2026-04-17 10:35:15.467 -03 0007 INFO[0m [grpc] [34;1mAddTraceEvent[0m -> [core] [Channel #1]Channel switches to new LB policy "pick_first"
[34m2026-04-17 10:35:15.467 -03 0008 INFO[0m [grpc] [34;1mInfof[0m -> [pick-first-leaf-lb] [pick-first-leaf-lb 0xc000153ef0] Received new config {
  "shuffleAddressList": false
}, resolver state {
  "Addresses": [
    {
      "Addr": "10.10.20.151:7060",
      "ServerName": "",
      "Attributes": null,
      "BalancerAttributes": null,
      "Metadata": null
    }
  ],
  "Endpoints": [
    {
      "Addresses": [
        {
          "Addr": "10.10.20.151:7060",
          "ServerName": "",
          "Attributes": null,
          "BalancerAttributes": null,
          "Metadata": null
        }
      ],
      "Attributes": null
    }
  ],
  "ServiceConfig": null,
  "Attributes": null
}
[34m2026-04-17 10:35:15.467 -03 0009 INFO[0m [grpc] [34;1mAddTraceEvent[0m -> [core] [Channel #1]Channel Connectivity change to CONNECTING
[34m2026-04-17 10:35:15.467 -03 000a INFO[0m [grpc] [34;1mAddTraceEvent[0m -> [core] [Channel #1 SubChannel #2]Subchannel created
[34m2026-04-17 10:35:15.467 -03 000b INFO[0m [grpc] [34;1mAddTraceEvent[0m -> [core] [Channel #1]Channel exiting idle mode
[34m2026-04-17 10:35:15.467 -03 000c INFO[0m [grpc] [34;1mAddTraceEvent[0m -> [core] [Channel #1 SubChannel #2]Subchannel Connectivity change to CONNECTING
[34m2026-04-17 10:35:15.467 -03 000d INFO[0m [grpc] [34;1mAddTraceEvent[0m -> [core] [Channel #1 SubChannel #2]Subchannel picks a new address "10.10.20.151:7060" to connect
[34m2026-04-17 10:35:15.470 -03 000e INFO[0m [grpc] [34;1mAddTraceEvent[0m -> [core] [Channel #1 SubChannel #2]Subchannel Connectivity change to READY
[34m2026-04-17 10:35:15.470 -03 000f INFO[0m [grpc] [34;1mInfof[0m -> [pick-first-leaf-lb] [pick-first-leaf-lb 0xc000153ef0] SubConn 0xc0001ac500 reported connectivity state READY and the health listener is disabled. Transitioning SubConn to READY.
[34m2026-04-17 10:35:15.470 -03 0010 INFO[0m [grpc] [34;1mAddTraceEvent[0m -> [core] [Channel #1]Channel Connectivity change to READY
[34m2026-04-17 10:35:15.470 -03 0011 INFO[0m [channelCmd] [34;1mInitCmdFactory[0m -> Endorser and orderer connections initialized
[34m2026-04-17 10:35:15.475 -03 0012 INFO[0m [cli.common] [34;1mreadBlock[0m -> Received block: 1
[34m2026-04-17 10:35:15.475 -03 0013 INFO[0m [channelCmd] [34;1mfetch[0m -> Retrieving last config block: 1
[34m2026-04-17 10:35:15.477 -03 0014 INFO[0m [cli.common] [34;1mreadBlock[0m -> Received block: 1
[34m2026-04-17 10:35:16.310 -03 0001 INFO[0m [channelCmd] [34;1mInitCmdFactory[0m -> Endorser and orderer connections initialized
[33m2026-04-17 10:35:16.312 -03 0002 WARN[0m [grpc] [33;1mWarningf[0m -> [core] Adjusting keepalive ping interval to minimum period of 10s
[34m2026-04-17 10:35:16.312 -03 0003 INFO[0m [grpc] [34;1mInfof[0m -> [core] original dial target is: "10.10.20.151:7060"
[34m2026-04-17 10:35:16.312 -03 0004 INFO[0m [grpc] [34;1mAddTraceEvent[0m -> [core] [Channel #1]Channel created
[34m2026-04-17 10:35:16.312 -03 0005 INFO[0m [grpc] [34;1mAddTraceEvent[0m -> [core] [Channel #1]parsed dial target is: resolver.Target{URL:url.URL{Scheme:"passthrough", Opaque:"", User:(*url.Userinfo)(nil), Host:"", Path:"/10.10.20.151:7060", RawPath:"", OmitHost:false, ForceQuery:false, RawQuery:"", Fragment:"", RawFragment:""}}
[34m2026-04-17 10:35:16.312 -03 0006 INFO[0m [grpc] [34;1mAddTraceEvent[0m -> [core] [Channel #1]Channel authority set to "10.10.20.151:7060"
[34m2026-04-17 10:35:16.312 -03 0007 INFO[0m [grpc] [34;1mAddTraceEvent[0m -> [core] [Channel #1]Resolver state updated: {
  "Addresses": [
    {
      "Addr": "10.10.20.151:7060",
      "ServerName": "",
      "Attributes": null,
      "BalancerAttributes": null,
      "Metadata": null
    }
  ],
  "Endpoints": [
    {
      "Addresses": [
        {
          "Addr": "10.10.20.151:7060",
          "ServerName": "",
          "Attributes": null,
          "BalancerAttributes": null,
          "Metadata": null
        }
      ],
      "Attributes": null
    }
  ],
  "ServiceConfig": null,
  "Attributes": null
} (resolver returned new addresses)
[34m2026-04-17 10:35:16.312 -03 0008 INFO[0m [grpc] [34;1mAddTraceEvent[0m -> [core] [Channel #1]Channel switches to new LB policy "pick_first"
[34m2026-04-17 10:35:16.312 -03 0009 INFO[0m [grpc] [34;1mInfof[0m -> [pick-first-leaf-lb] [pick-first-leaf-lb 0xc0003b1ef0] Received new config {
  "shuffleAddressList": false
}, resolver state {
  "Addresses": [
    {
      "Addr": "10.10.20.151:7060",
      "ServerName": "",
      "Attributes": null,
      "BalancerAttributes": null,
      "Metadata": null
    }
  ],
  "Endpoints": [
    {
      "Addresses": [
        {
          "Addr": "10.10.20.151:7060",
          "ServerName": "",
          "Attributes": null,
          "BalancerAttributes": null,
          "Metadata": null
        }
      ],
      "Attributes": null
    }
  ],
  "ServiceConfig": null,
  "Attributes": null
}
[34m2026-04-17 10:35:16.312 -03 000a INFO[0m [grpc] [34;1mAddTraceEvent[0m -> [core] [Channel #1]Channel Connectivity change to CONNECTING
[34m2026-04-17 10:35:16.312 -03 000b INFO[0m [grpc] [34;1mAddTraceEvent[0m -> [core] [Channel #1 SubChannel #2]Subchannel created
[34m2026-04-17 10:35:16.312 -03 000c INFO[0m [grpc] [34;1mAddTraceEvent[0m -> [core] [Channel #1]Channel exiting idle mode
[34m2026-04-17 10:35:16.312 -03 000d INFO[0m [grpc] [34;1mAddTraceEvent[0m -> [core] [Channel #1 SubChannel #2]Subchannel Connectivity change to CONNECTING
[34m2026-04-17 10:35:16.312 -03 000e INFO[0m [grpc] [34;1mAddTraceEvent[0m -> [core] [Channel #1 SubChannel #2]Subchannel picks a new address "10.10.20.151:7060" to connect
[34m2026-04-17 10:35:16.314 -03 000f INFO[0m [grpc] [34;1mAddTraceEvent[0m -> [core] [Channel #1 SubChannel #2]Subchannel Connectivity change to READY
[34m2026-04-17 10:35:16.314 -03 0010 INFO[0m [grpc] [34;1mInfof[0m -> [pick-first-leaf-lb] [pick-first-leaf-lb 0xc0003b1ef0] SubConn 0xc0003d8d70 reported connectivity state READY and the health listener is disabled. Transitioning SubConn to READY.
[34m2026-04-17 10:35:16.314 -03 0011 INFO[0m [grpc] [34;1mAddTraceEvent[0m -> [core] [Channel #1]Channel Connectivity change to READY
[34m2026-04-17 10:35:16.330 -03 0012 INFO[0m [channelCmd] [34;1mupdate[0m -> Successfully submitted channel update
[34m2026-04-17 10:35:16.399 -03 0001 INFO[0m [grpc] [34;1mInfof[0m -> [core] original dial target is: "10.10.20.151:10051"
[34m2026-04-17 10:35:16.399 -03 0002 INFO[0m [grpc] [34;1mAddTraceEvent[0m -> [core] [Channel #1]Channel created
[34m2026-04-17 10:35:16.399 -03 0003 INFO[0m [grpc] [34;1mAddTraceEvent[0m -> [core] [Channel #1]parsed dial target is: resolver.Target{URL:url.URL{Scheme:"passthrough", Opaque:"", User:(*url.Userinfo)(nil), Host:"", Path:"/10.10.20.151:10051", RawPath:"", OmitHost:false, ForceQuery:false, RawQuery:"", Fragment:"", RawFragment:""}}
[34m2026-04-17 10:35:16.399 -03 0004 INFO[0m [grpc] [34;1mAddTraceEvent[0m -> [core] [Channel #1]Channel authority set to "10.10.20.151:10051"
[34m2026-04-17 10:35:16.400 -03 0005 INFO[0m [grpc] [34;1mAddTraceEvent[0m -> [core] [Channel #1]Resolver state updated: {
  "Addresses": [
    {
      "Addr": "10.10.20.151:10051",
      "ServerName": "",
      "Attributes": null,
      "BalancerAttributes": null,
      "Metadata": null
    }
  ],
  "Endpoints": [
    {
      "Addresses": [
        {
          "Addr": "10.10.20.151:10051",
          "ServerName": "",
          "Attributes": null,
          "BalancerAttributes": null,
          "Metadata": null
        }
      ],
      "Attributes": null
    }
  ],
  "ServiceConfig": null,
  "Attributes": null
} (resolver returned new addresses)
[34m2026-04-17 10:35:16.400 -03 0006 INFO[0m [grpc] [34;1mAddTraceEvent[0m -> [core] [Channel #1]Channel switches to new LB policy "pick_first"
[34m2026-04-17 10:35:16.400 -03 0007 INFO[0m [grpc] [34;1mInfof[0m -> [pick-first-leaf-lb] [pick-first-leaf-lb 0xc0003582d0] Received new config {
  "shuffleAddressList": false
}, resolver state {
  "Addresses": [
    {
      "Addr": "10.10.20.151:10051",
      "ServerName": "",
      "Attributes": null,
      "BalancerAttributes": null,
      "Metadata": null
    }
  ],
  "Endpoints": [
    {
      "Addresses": [
        {
          "Addr": "10.10.20.151:10051",
          "ServerName": "",
          "Attributes": null,
          "BalancerAttributes": null,
          "Metadata": null
        }
      ],
      "Attributes": null
    }
  ],
  "ServiceConfig": null,
  "Attributes": null
}
[34m2026-04-17 10:35:16.400 -03 0008 INFO[0m [grpc] [34;1mAddTraceEvent[0m -> [core] [Channel #1]Channel Connectivity change to CONNECTING
[34m2026-04-17 10:35:16.400 -03 0009 INFO[0m [grpc] [34;1mAddTraceEvent[0m -> [core] [Channel #1 SubChannel #2]Subchannel created
[34m2026-04-17 10:35:16.400 -03 000a INFO[0m [grpc] [34;1mAddTraceEvent[0m -> [core] [Channel #1]Channel exiting idle mode
[34m2026-04-17 10:35:16.400 -03 000b INFO[0m [grpc] [34;1mAddTraceEvent[0m -> [core] [Channel #1 SubChannel #2]Subchannel Connectivity change to CONNECTING
[34m2026-04-17 10:35:16.400 -03 000c INFO[0m [grpc] [34;1mAddTraceEvent[0m -> [core] [Channel #1 SubChannel #2]Subchannel picks a new address "10.10.20.151:10051" to connect
[34m2026-04-17 10:35:16.404 -03 000d INFO[0m [grpc] [34;1mAddTraceEvent[0m -> [core] [Channel #1 SubChannel #2]Subchannel Connectivity change to READY
[34m2026-04-17 10:35:16.404 -03 000e INFO[0m [grpc] [34;1mInfof[0m -> [pick-first-leaf-lb] [pick-first-leaf-lb 0xc0003582d0] SubConn 0xc000014140 reported connectivity state READY and the health listener is disabled. Transitioning SubConn to READY.
[34m2026-04-17 10:35:16.404 -03 000f INFO[0m [grpc] [34;1mAddTraceEvent[0m -> [core] [Channel #1]Channel Connectivity change to READY
[34m2026-04-17 10:35:16.404 -03 0010 INFO[0m [channelCmd] [34;1mInitCmdFactory[0m -> Endorser and orderer connections initialized
[34m2026-04-17 10:35:16.443 -03 0011 INFO[0m [channelCmd] [34;1mexecuteJoin[0m -> Successfully submitted proposal to join channel
[34m2026-04-17 10:35:16.503 -03 0001 INFO[0m [grpc] [34;1mInfof[0m -> [core] original dial target is: "10.10.20.152:11051"
[34m2026-04-17 10:35:16.503 -03 0002 INFO[0m [grpc] [34;1mAddTraceEvent[0m -> [core] [Channel #1]Channel created
[34m2026-04-17 10:35:16.503 -03 0003 INFO[0m [grpc] [34;1mAddTraceEvent[0m -> [core] [Channel #1]parsed dial target is: resolver.Target{URL:url.URL{Scheme:"passthrough", Opaque:"", User:(*url.Userinfo)(nil), Host:"", Path:"/10.10.20.152:11051", RawPath:"", OmitHost:false, ForceQuery:false, RawQuery:"", Fragment:"", RawFragment:""}}
[34m2026-04-17 10:35:16.503 -03 0004 INFO[0m [grpc] [34;1mAddTraceEvent[0m -> [core] [Channel #1]Channel authority set to "10.10.20.152:11051"
[34m2026-04-17 10:35:16.503 -03 0005 INFO[0m [grpc] [34;1mAddTraceEvent[0m -> [core] [Channel #1]Resolver state updated: {
  "Addresses": [
    {
      "Addr": "10.10.20.152:11051",
      "ServerName": "",
      "Attributes": null,
      "BalancerAttributes": null,
      "Metadata": null
    }
  ],
  "Endpoints": [
    {
      "Addresses": [
        {
          "Addr": "10.10.20.152:11051",
          "ServerName": "",
          "Attributes": null,
          "BalancerAttributes": null,
          "Metadata": null
        }
      ],
      "Attributes": null
    }
  ],
  "ServiceConfig": null,
  "Attributes": null
} (resolver returned new addresses)
[34m2026-04-17 10:35:16.503 -03 0006 INFO[0m [grpc] [34;1mAddTraceEvent[0m -> [core] [Channel #1]Channel switches to new LB policy "pick_first"
[34m2026-04-17 10:35:16.503 -03 0007 INFO[0m [grpc] [34;1mInfof[0m -> [pick-first-leaf-lb] [pick-first-leaf-lb 0xc0003ba240] Received new config {
  "shuffleAddressList": false
}, resolver state {
  "Addresses": [
    {
      "Addr": "10.10.20.152:11051",
      "ServerName": "",
      "Attributes": null,
      "BalancerAttributes": null,
      "Metadata": null
    }
  ],
  "Endpoints": [
    {
      "Addresses": [
        {
          "Addr": "10.10.20.152:11051",
          "ServerName": "",
          "Attributes": null,
          "BalancerAttributes": null,
          "Metadata": null
        }
      ],
      "Attributes": null
    }
  ],
  "ServiceConfig": null,
  "Attributes": null
}
[34m2026-04-17 10:35:16.503 -03 0008 INFO[0m [grpc] [34;1mAddTraceEvent[0m -> [core] [Channel #1]Channel Connectivity change to CONNECTING
[34m2026-04-17 10:35:16.503 -03 0009 INFO[0m [grpc] [34;1mAddTraceEvent[0m -> [core] [Channel #1 SubChannel #2]Subchannel created
[34m2026-04-17 10:35:16.504 -03 000a INFO[0m [grpc] [34;1mAddTraceEvent[0m -> [core] [Channel #1]Channel exiting idle mode
[34m2026-04-17 10:35:16.504 -03 000b INFO[0m [grpc] [34;1mAddTraceEvent[0m -> [core] [Channel #1 SubChannel #2]Subchannel Connectivity change to CONNECTING
[34m2026-04-17 10:35:16.504 -03 000c INFO[0m [grpc] [34;1mAddTraceEvent[0m -> [core] [Channel #1 SubChannel #2]Subchannel picks a new address "10.10.20.152:11051" to connect
[34m2026-04-17 10:35:16.508 -03 000d INFO[0m [grpc] [34;1mAddTraceEvent[0m -> [core] [Channel #1 SubChannel #2]Subchannel Connectivity change to READY
[34m2026-04-17 10:35:16.508 -03 000e INFO[0m [grpc] [34;1mInfof[0m -> [pick-first-leaf-lb] [pick-first-leaf-lb 0xc0003ba240] SubConn 0xc000132410 reported connectivity state READY and the health listener is disabled. Transitioning SubConn to READY.
[34m2026-04-17 10:35:16.508 -03 000f INFO[0m [grpc] [34;1mAddTraceEvent[0m -> [core] [Channel #1]Channel Connectivity change to READY
[34m2026-04-17 10:35:16.508 -03 0010 INFO[0m [channelCmd] [34;1mInitCmdFactory[0m -> Endorser and orderer connections initialized
[34m2026-04-17 10:35:16.553 -03 0011 INFO[0m [channelCmd] [34;1mexecuteJoin[0m -> Successfully submitted proposal to join channel
[33m2026-04-17 10:35:16.600 -03 0001 WARN[0m [grpc] [33;1mWarningf[0m -> [core] Adjusting keepalive ping interval to minimum period of 10s
[34m2026-04-17 10:35:16.600 -03 0002 INFO[0m [grpc] [34;1mInfof[0m -> [core] original dial target is: "10.10.20.151:7060"
[34m2026-04-17 10:35:16.600 -03 0003 INFO[0m [grpc] [34;1mAddTraceEvent[0m -> [core] [Channel #1]Channel created
[34m2026-04-17 10:35:16.600 -03 0004 INFO[0m [grpc] [34;1mAddTraceEvent[0m -> [core] [Channel #1]parsed dial target is: resolver.Target{URL:url.URL{Scheme:"passthrough", Opaque:"", User:(*url.Userinfo)(nil), Host:"", Path:"/10.10.20.151:7060", RawPath:"", OmitHost:false, ForceQuery:false, RawQuery:"", Fragment:"", RawFragment:""}}
[34m2026-04-17 10:35:16.600 -03 0005 INFO[0m [grpc] [34;1mAddTraceEvent[0m -> [core] [Channel #1]Channel authority set to "10.10.20.151:7060"
[34m2026-04-17 10:35:16.600 -03 0006 INFO[0m [grpc] [34;1mAddTraceEvent[0m -> [core] [Channel #1]Resolver state updated: {
  "Addresses": [
    {
      "Addr": "10.10.20.151:7060",
      "ServerName": "",
      "Attributes": null,
      "BalancerAttributes": null,
      "Metadata": null
    }
  ],
  "Endpoints": [
    {
      "Addresses": [
        {
          "Addr": "10.10.20.151:7060",
          "ServerName": "",
          "Attributes": null,
          "BalancerAttributes": null,
          "Metadata": null
        }
      ],
      "Attributes": null
    }
  ],
  "ServiceConfig": null,
  "Attributes": null
} (resolver returned new addresses)
[34m2026-04-17 10:35:16.600 -03 0007 INFO[0m [grpc] [34;1mAddTraceEvent[0m -> [core] [Channel #1]Channel switches to new LB policy "pick_first"
[34m2026-04-17 10:35:16.600 -03 0008 INFO[0m [grpc] [34;1mInfof[0m -> [pick-first-leaf-lb] [pick-first-leaf-lb 0xc000112240] Received new config {
  "shuffleAddressList": false
}, resolver state {
  "Addresses": [
    {
      "Addr": "10.10.20.151:7060",
      "ServerName": "",
      "Attributes": null,
      "BalancerAttributes": null,
      "Metadata": null
    }
  ],
  "Endpoints": [
    {
      "Addresses": [
        {
          "Addr": "10.10.20.151:7060",
          "ServerName": "",
          "Attributes": null,
          "BalancerAttributes": null,
          "Metadata": null
        }
      ],
      "Attributes": null
    }
  ],
  "ServiceConfig": null,
  "Attributes": null
}
[34m2026-04-17 10:35:16.600 -03 0009 INFO[0m [grpc] [34;1mAddTraceEvent[0m -> [core] [Channel #1]Channel Connectivity change to CONNECTING
[34m2026-04-17 10:35:16.600 -03 000a INFO[0m [grpc] [34;1mAddTraceEvent[0m -> [core] [Channel #1 SubChannel #2]Subchannel created
[34m2026-04-17 10:35:16.600 -03 000b INFO[0m [grpc] [34;1mAddTraceEvent[0m -> [core] [Channel #1]Channel exiting idle mode
[34m2026-04-17 10:35:16.600 -03 000c INFO[0m [grpc] [34;1mAddTraceEvent[0m -> [core] [Channel #1 SubChannel #2]Subchannel Connectivity change to CONNECTING
[34m2026-04-17 10:35:16.600 -03 000d INFO[0m [grpc] [34;1mAddTraceEvent[0m -> [core] [Channel #1 SubChannel #2]Subchannel picks a new address "10.10.20.151:7060" to connect
[34m2026-04-17 10:35:16.601 -03 000e INFO[0m [grpc] [34;1mAddTraceEvent[0m -> [core] [Channel #1 SubChannel #2]Subchannel Connectivity change to READY
[34m2026-04-17 10:35:16.601 -03 000f INFO[0m [grpc] [34;1mInfof[0m -> [pick-first-leaf-lb] [pick-first-leaf-lb 0xc000112240] SubConn 0xc0001141e0 reported connectivity state READY and the health listener is disabled. Transitioning SubConn to READY.
[34m2026-04-17 10:35:16.601 -03 0010 INFO[0m [grpc] [34;1mAddTraceEvent[0m -> [core] [Channel #1]Channel Connectivity change to READY
[34m2026-04-17 10:35:16.601 -03 0011 INFO[0m [channelCmd] [34;1mInitCmdFactory[0m -> Endorser and orderer connections initialized
[34m2026-04-17 10:35:16.603 -03 0012 INFO[0m [cli.common] [34;1mreadBlock[0m -> Received block: 2
[34m2026-04-17 10:35:16.603 -03 0013 INFO[0m [channelCmd] [34;1mfetch[0m -> Retrieving last config block: 2
[34m2026-04-17 10:35:16.604 -03 0014 INFO[0m [cli.common] [34;1mreadBlock[0m -> Received block: 2
[34m2026-04-17 10:35:17.594 -03 0001 INFO[0m [channelCmd] [34;1mInitCmdFactory[0m -> Endorser and orderer connections initialized
[33m2026-04-17 10:35:17.598 -03 0002 WARN[0m [grpc] [33;1mWarningf[0m -> [core] Adjusting keepalive ping interval to minimum period of 10s
[34m2026-04-17 10:35:17.598 -03 0003 INFO[0m [grpc] [34;1mInfof[0m -> [core] original dial target is: "10.10.20.151:7060"
[34m2026-04-17 10:35:17.598 -03 0004 INFO[0m [grpc] [34;1mAddTraceEvent[0m -> [core] [Channel #1]Channel created
[34m2026-04-17 10:35:17.598 -03 0005 INFO[0m [grpc] [34;1mAddTraceEvent[0m -> [core] [Channel #1]parsed dial target is: resolver.Target{URL:url.URL{Scheme:"passthrough", Opaque:"", User:(*url.Userinfo)(nil), Host:"", Path:"/10.10.20.151:7060", RawPath:"", OmitHost:false, ForceQuery:false, RawQuery:"", Fragment:"", RawFragment:""}}
[34m2026-04-17 10:35:17.598 -03 0006 INFO[0m [grpc] [34;1mAddTraceEvent[0m -> [core] [Channel #1]Channel authority set to "10.10.20.151:7060"
[34m2026-04-17 10:35:17.599 -03 0007 INFO[0m [grpc] [34;1mAddTraceEvent[0m -> [core] [Channel #1]Resolver state updated: {
  "Addresses": [
    {
      "Addr": "10.10.20.151:7060",
      "ServerName": "",
      "Attributes": null,
      "BalancerAttributes": null,
      "Metadata": null
    }
  ],
  "Endpoints": [
    {
      "Addresses": [
        {
          "Addr": "10.10.20.151:7060",
          "ServerName": "",
          "Attributes": null,
          "BalancerAttributes": null,
          "Metadata": null
        }
      ],
      "Attributes": null
    }
  ],
  "ServiceConfig": null,
  "Attributes": null
} (resolver returned new addresses)
[34m2026-04-17 10:35:17.599 -03 0008 INFO[0m [grpc] [34;1mAddTraceEvent[0m -> [core] [Channel #1]Channel switches to new LB policy "pick_first"
[34m2026-04-17 10:35:17.599 -03 0009 INFO[0m [grpc] [34;1mInfof[0m -> [pick-first-leaf-lb] [pick-first-leaf-lb 0xc00052aa20] Received new config {
  "shuffleAddressList": false
}, resolver state {
  "Addresses": [
    {
      "Addr": "10.10.20.151:7060",
      "ServerName": "",
      "Attributes": null,
      "BalancerAttributes": null,
      "Metadata": null
    }
  ],
  "Endpoints": [
    {
      "Addresses": [
        {
          "Addr": "10.10.20.151:7060",
          "ServerName": "",
          "Attributes": null,
          "BalancerAttributes": null,
          "Metadata": null
        }
      ],
      "Attributes": null
    }
  ],
  "ServiceConfig": null,
  "Attributes": null
}
[34m2026-04-17 10:35:17.599 -03 000a INFO[0m [grpc] [34;1mAddTraceEvent[0m -> [core] [Channel #1]Channel Connectivity change to CONNECTING
[34m2026-04-17 10:35:17.599 -03 000b INFO[0m [grpc] [34;1mAddTraceEvent[0m -> [core] [Channel #1 SubChannel #2]Subchannel created
[34m2026-04-17 10:35:17.599 -03 000c INFO[0m [grpc] [34;1mAddTraceEvent[0m -> [core] [Channel #1]Channel exiting idle mode
[34m2026-04-17 10:35:17.599 -03 000d INFO[0m [grpc] [34;1mAddTraceEvent[0m -> [core] [Channel #1 SubChannel #2]Subchannel Connectivity change to CONNECTING
[34m2026-04-17 10:35:17.599 -03 000e INFO[0m [grpc] [34;1mAddTraceEvent[0m -> [core] [Channel #1 SubChannel #2]Subchannel picks a new address "10.10.20.151:7060" to connect
[34m2026-04-17 10:35:17.602 -03 000f INFO[0m [grpc] [34;1mAddTraceEvent[0m -> [core] [Channel #1 SubChannel #2]Subchannel Connectivity change to READY
[34m2026-04-17 10:35:17.602 -03 0010 INFO[0m [grpc] [34;1mInfof[0m -> [pick-first-leaf-lb] [pick-first-leaf-lb 0xc00052aa20] SubConn 0xc000530820 reported connectivity state READY and the health listener is disabled. Transitioning SubConn to READY.
[34m2026-04-17 10:35:17.602 -03 0011 INFO[0m [grpc] [34;1mAddTraceEvent[0m -> [core] [Channel #1]Channel Connectivity change to READY
[34m2026-04-17 10:35:17.619 -03 0012 INFO[0m [channelCmd] [34;1mupdate[0m -> Successfully submitted channel update
[34m2026-04-17 10:35:17.682 -03 0001 INFO[0m [grpc] [34;1mInfof[0m -> [core] original dial target is: "10.10.20.152:12051"
[34m2026-04-17 10:35:17.682 -03 0002 INFO[0m [grpc] [34;1mAddTraceEvent[0m -> [core] [Channel #1]Channel created
[34m2026-04-17 10:35:17.682 -03 0003 INFO[0m [grpc] [34;1mAddTraceEvent[0m -> [core] [Channel #1]parsed dial target is: resolver.Target{URL:url.URL{Scheme:"passthrough", Opaque:"", User:(*url.Userinfo)(nil), Host:"", Path:"/10.10.20.152:12051", RawPath:"", OmitHost:false, ForceQuery:false, RawQuery:"", Fragment:"", RawFragment:""}}
[34m2026-04-17 10:35:17.682 -03 0004 INFO[0m [grpc] [34;1mAddTraceEvent[0m -> [core] [Channel #1]Channel authority set to "10.10.20.152:12051"
[34m2026-04-17 10:35:17.682 -03 0005 INFO[0m [grpc] [34;1mAddTraceEvent[0m -> [core] [Channel #1]Resolver state updated: {
  "Addresses": [
    {
      "Addr": "10.10.20.152:12051",
      "ServerName": "",
      "Attributes": null,
      "BalancerAttributes": null,
      "Metadata": null
    }
  ],
  "Endpoints": [
    {
      "Addresses": [
        {
          "Addr": "10.10.20.152:12051",
          "ServerName": "",
          "Attributes": null,
          "BalancerAttributes": null,
          "Metadata": null
        }
      ],
      "Attributes": null
    }
  ],
  "ServiceConfig": null,
  "Attributes": null
} (resolver returned new addresses)
[34m2026-04-17 10:35:17.682 -03 0006 INFO[0m [grpc] [34;1mAddTraceEvent[0m -> [core] [Channel #1]Channel switches to new LB policy "pick_first"
[34m2026-04-17 10:35:17.682 -03 0007 INFO[0m [grpc] [34;1mInfof[0m -> [pick-first-leaf-lb] [pick-first-leaf-lb 0xc0005c23f0] Received new config {
  "shuffleAddressList": false
}, resolver state {
  "Addresses": [
    {
      "Addr": "10.10.20.152:12051",
      "ServerName": "",
      "Attributes": null,
      "BalancerAttributes": null,
      "Metadata": null
    }
  ],
  "Endpoints": [
    {
      "Addresses": [
        {
          "Addr": "10.10.20.152:12051",
          "ServerName": "",
          "Attributes": null,
          "BalancerAttributes": null,
          "Metadata": null
        }
      ],
      "Attributes": null
    }
  ],
  "ServiceConfig": null,
  "Attributes": null
}
[34m2026-04-17 10:35:17.682 -03 0008 INFO[0m [grpc] [34;1mAddTraceEvent[0m -> [core] [Channel #1]Channel Connectivity change to CONNECTING
[34m2026-04-17 10:35:17.682 -03 0009 INFO[0m [grpc] [34;1mAddTraceEvent[0m -> [core] [Channel #1 SubChannel #2]Subchannel created
[34m2026-04-17 10:35:17.682 -03 000a INFO[0m [grpc] [34;1mAddTraceEvent[0m -> [core] [Channel #1]Channel exiting idle mode
[34m2026-04-17 10:35:17.682 -03 000b INFO[0m [grpc] [34;1mAddTraceEvent[0m -> [core] [Channel #1 SubChannel #2]Subchannel Connectivity change to CONNECTING
[34m2026-04-17 10:35:17.682 -03 000c INFO[0m [grpc] [34;1mAddTraceEvent[0m -> [core] [Channel #1 SubChannel #2]Subchannel picks a new address "10.10.20.152:12051" to connect
[34m2026-04-17 10:35:17.685 -03 000d INFO[0m [grpc] [34;1mAddTraceEvent[0m -> [core] [Channel #1 SubChannel #2]Subchannel Connectivity change to READY
[34m2026-04-17 10:35:17.685 -03 000e INFO[0m [grpc] [34;1mInfof[0m -> [pick-first-leaf-lb] [pick-first-leaf-lb 0xc0005c23f0] SubConn 0xc000361b30 reported connectivity state READY and the health listener is disabled. Transitioning SubConn to READY.
[34m2026-04-17 10:35:17.685 -03 000f INFO[0m [grpc] [34;1mAddTraceEvent[0m -> [core] [Channel #1]Channel Connectivity change to READY
[34m2026-04-17 10:35:17.685 -03 0010 INFO[0m [channelCmd] [34;1mInitCmdFactory[0m -> Endorser and orderer connections initialized
[34m2026-04-17 10:35:17.725 -03 0011 INFO[0m [channelCmd] [34;1mexecuteJoin[0m -> Successfully submitted proposal to join channel
[34m2026-04-17 10:35:17.776 -03 0001 INFO[0m [grpc] [34;1mInfof[0m -> [core] original dial target is: "10.10.20.152:13051"
[34m2026-04-17 10:35:17.777 -03 0002 INFO[0m [grpc] [34;1mAddTraceEvent[0m -> [core] [Channel #1]Channel created
[34m2026-04-17 10:35:17.777 -03 0003 INFO[0m [grpc] [34;1mAddTraceEvent[0m -> [core] [Channel #1]parsed dial target is: resolver.Target{URL:url.URL{Scheme:"passthrough", Opaque:"", User:(*url.Userinfo)(nil), Host:"", Path:"/10.10.20.152:13051", RawPath:"", OmitHost:false, ForceQuery:false, RawQuery:"", Fragment:"", RawFragment:""}}
[34m2026-04-17 10:35:17.777 -03 0004 INFO[0m [grpc] [34;1mAddTraceEvent[0m -> [core] [Channel #1]Channel authority set to "10.10.20.152:13051"
[34m2026-04-17 10:35:17.777 -03 0005 INFO[0m [grpc] [34;1mAddTraceEvent[0m -> [core] [Channel #1]Resolver state updated: {
  "Addresses": [
    {
      "Addr": "10.10.20.152:13051",
      "ServerName": "",
      "Attributes": null,
      "BalancerAttributes": null,
      "Metadata": null
    }
  ],
  "Endpoints": [
    {
      "Addresses": [
        {
          "Addr": "10.10.20.152:13051",
          "ServerName": "",
          "Attributes": null,
          "BalancerAttributes": null,
          "Metadata": null
        }
      ],
      "Attributes": null
    }
  ],
  "ServiceConfig": null,
  "Attributes": null
} (resolver returned new addresses)
[34m2026-04-17 10:35:17.777 -03 0006 INFO[0m [grpc] [34;1mAddTraceEvent[0m -> [core] [Channel #1]Channel switches to new LB policy "pick_first"
[34m2026-04-17 10:35:17.777 -03 0007 INFO[0m [grpc] [34;1mInfof[0m -> [pick-first-leaf-lb] [pick-first-leaf-lb 0xc0003f63f0] Received new config {
  "shuffleAddressList": false
}, resolver state {
  "Addresses": [
    {
      "Addr": "10.10.20.152:13051",
      "ServerName": "",
      "Attributes": null,
      "BalancerAttributes": null,
      "Metadata": null
    }
  ],
  "Endpoints": [
    {
      "Addresses": [
        {
          "Addr": "10.10.20.152:13051",
          "ServerName": "",
          "Attributes": null,
          "BalancerAttributes": null,
          "Metadata": null
        }
      ],
      "Attributes": null
    }
  ],
  "ServiceConfig": null,
  "Attributes": null
}
[34m2026-04-17 10:35:17.778 -03 0008 INFO[0m [grpc] [34;1mAddTraceEvent[0m -> [core] [Channel #1]Channel Connectivity change to CONNECTING
[34m2026-04-17 10:35:17.778 -03 0009 INFO[0m [grpc] [34;1mAddTraceEvent[0m -> [core] [Channel #1 SubChannel #2]Subchannel created
[34m2026-04-17 10:35:17.778 -03 000a INFO[0m [grpc] [34;1mAddTraceEvent[0m -> [core] [Channel #1]Channel exiting idle mode
[34m2026-04-17 10:35:17.778 -03 000b INFO[0m [grpc] [34;1mAddTraceEvent[0m -> [core] [Channel #1 SubChannel #2]Subchannel Connectivity change to CONNECTING
[34m2026-04-17 10:35:17.778 -03 000c INFO[0m [grpc] [34;1mAddTraceEvent[0m -> [core] [Channel #1 SubChannel #2]Subchannel picks a new address "10.10.20.152:13051" to connect
[34m2026-04-17 10:35:17.781 -03 000d INFO[0m [grpc] [34;1mAddTraceEvent[0m -> [core] [Channel #1 SubChannel #2]Subchannel Connectivity change to READY
[34m2026-04-17 10:35:17.781 -03 000e INFO[0m [grpc] [34;1mInfof[0m -> [pick-first-leaf-lb] [pick-first-leaf-lb 0xc0003f63f0] SubConn 0xc00038a780 reported connectivity state READY and the health listener is disabled. Transitioning SubConn to READY.
[34m2026-04-17 10:35:17.781 -03 000f INFO[0m [grpc] [34;1mAddTraceEvent[0m -> [core] [Channel #1]Channel Connectivity change to READY
[34m2026-04-17 10:35:17.781 -03 0010 INFO[0m [channelCmd] [34;1mInitCmdFactory[0m -> Endorser and orderer connections initialized
[34m2026-04-17 10:35:17.825 -03 0011 INFO[0m [channelCmd] [34;1mexecuteJoin[0m -> Successfully submitted proposal to join channel
[33m2026-04-17 10:35:17.875 -03 0001 WARN[0m [grpc] [33;1mWarningf[0m -> [core] Adjusting keepalive ping interval to minimum period of 10s
[34m2026-04-17 10:35:17.875 -03 0002 INFO[0m [grpc] [34;1mInfof[0m -> [core] original dial target is: "10.10.20.151:7060"
[34m2026-04-17 10:35:17.875 -03 0003 INFO[0m [grpc] [34;1mAddTraceEvent[0m -> [core] [Channel #1]Channel created
[34m2026-04-17 10:35:17.875 -03 0004 INFO[0m [grpc] [34;1mAddTraceEvent[0m -> [core] [Channel #1]parsed dial target is: resolver.Target{URL:url.URL{Scheme:"passthrough", Opaque:"", User:(*url.Userinfo)(nil), Host:"", Path:"/10.10.20.151:7060", RawPath:"", OmitHost:false, ForceQuery:false, RawQuery:"", Fragment:"", RawFragment:""}}
[34m2026-04-17 10:35:17.875 -03 0005 INFO[0m [grpc] [34;1mAddTraceEvent[0m -> [core] [Channel #1]Channel authority set to "10.10.20.151:7060"
[34m2026-04-17 10:35:17.875 -03 0006 INFO[0m [grpc] [34;1mAddTraceEvent[0m -> [core] [Channel #1]Resolver state updated: {
  "Addresses": [
    {
      "Addr": "10.10.20.151:7060",
      "ServerName": "",
      "Attributes": null,
      "BalancerAttributes": null,
      "Metadata": null
    }
  ],
  "Endpoints": [
    {
      "Addresses": [
        {
          "Addr": "10.10.20.151:7060",
          "ServerName": "",
          "Attributes": null,
          "BalancerAttributes": null,
          "Metadata": null
        }
      ],
      "Attributes": null
    }
  ],
  "ServiceConfig": null,
  "Attributes": null
} (resolver returned new addresses)
[34m2026-04-17 10:35:17.875 -03 0007 INFO[0m [grpc] [34;1mAddTraceEvent[0m -> [core] [Channel #1]Channel switches to new LB policy "pick_first"
[34m2026-04-17 10:35:17.875 -03 0008 INFO[0m [grpc] [34;1mInfof[0m -> [pick-first-leaf-lb] [pick-first-leaf-lb 0xc00016a1b0] Received new config {
  "shuffleAddressList": false
}, resolver state {
  "Addresses": [
    {
      "Addr": "10.10.20.151:7060",
      "ServerName": "",
      "Attributes": null,
      "BalancerAttributes": null,
      "Metadata": null
    }
  ],
  "Endpoints": [
    {
      "Addresses": [
        {
          "Addr": "10.10.20.151:7060",
          "ServerName": "",
          "Attributes": null,
          "BalancerAttributes": null,
          "Metadata": null
        }
      ],
      "Attributes": null
    }
  ],
  "ServiceConfig": null,
  "Attributes": null
}
[34m2026-04-17 10:35:17.875 -03 0009 INFO[0m [grpc] [34;1mAddTraceEvent[0m -> [core] [Channel #1]Channel Connectivity change to CONNECTING
[34m2026-04-17 10:35:17.875 -03 000a INFO[0m [grpc] [34;1mAddTraceEvent[0m -> [core] [Channel #1 SubChannel #2]Subchannel created
[34m2026-04-17 10:35:17.875 -03 000b INFO[0m [grpc] [34;1mAddTraceEvent[0m -> [core] [Channel #1]Channel exiting idle mode
[34m2026-04-17 10:35:17.875 -03 000c INFO[0m [grpc] [34;1mAddTraceEvent[0m -> [core] [Channel #1 SubChannel #2]Subchannel Connectivity change to CONNECTING
[34m2026-04-17 10:35:17.875 -03 000d INFO[0m [grpc] [34;1mAddTraceEvent[0m -> [core] [Channel #1 SubChannel #2]Subchannel picks a new address "10.10.20.151:7060" to connect
[34m2026-04-17 10:35:17.877 -03 000e INFO[0m [grpc] [34;1mAddTraceEvent[0m -> [core] [Channel #1 SubChannel #2]Subchannel Connectivity change to READY
[34m2026-04-17 10:35:17.877 -03 000f INFO[0m [grpc] [34;1mInfof[0m -> [pick-first-leaf-lb] [pick-first-leaf-lb 0xc00016a1b0] SubConn 0xc000132410 reported connectivity state READY and the health listener is disabled. Transitioning SubConn to READY.
[34m2026-04-17 10:35:17.877 -03 0010 INFO[0m [grpc] [34;1mAddTraceEvent[0m -> [core] [Channel #1]Channel Connectivity change to READY
[34m2026-04-17 10:35:17.877 -03 0011 INFO[0m [channelCmd] [34;1mInitCmdFactory[0m -> Endorser and orderer connections initialized
[34m2026-04-17 10:35:17.879 -03 0012 INFO[0m [cli.common] [34;1mreadBlock[0m -> Received block: 3
[34m2026-04-17 10:35:17.879 -03 0013 INFO[0m [channelCmd] [34;1mfetch[0m -> Retrieving last config block: 3
[34m2026-04-17 10:35:17.880 -03 0014 INFO[0m [cli.common] [34;1mreadBlock[0m -> Received block: 3
[34m2026-04-17 10:35:19.975 -03 0001 INFO[0m [channelCmd] [34;1mInitCmdFactory[0m -> Endorser and orderer connections initialized
[33m2026-04-17 10:35:19.979 -03 0002 WARN[0m [grpc] [33;1mWarningf[0m -> [core] Adjusting keepalive ping interval to minimum period of 10s
[34m2026-04-17 10:35:19.979 -03 0003 INFO[0m [grpc] [34;1mInfof[0m -> [core] original dial target is: "10.10.20.151:7060"
[34m2026-04-17 10:35:19.979 -03 0004 INFO[0m [grpc] [34;1mAddTraceEvent[0m -> [core] [Channel #1]Channel created
[34m2026-04-17 10:35:19.979 -03 0005 INFO[0m [grpc] [34;1mAddTraceEvent[0m -> [core] [Channel #1]parsed dial target is: resolver.Target{URL:url.URL{Scheme:"passthrough", Opaque:"", User:(*url.Userinfo)(nil), Host:"", Path:"/10.10.20.151:7060", RawPath:"", OmitHost:false, ForceQuery:false, RawQuery:"", Fragment:"", RawFragment:""}}
[34m2026-04-17 10:35:19.979 -03 0006 INFO[0m [grpc] [34;1mAddTraceEvent[0m -> [core] [Channel #1]Channel authority set to "10.10.20.151:7060"
[34m2026-04-17 10:35:19.980 -03 0007 INFO[0m [grpc] [34;1mAddTraceEvent[0m -> [core] [Channel #1]Resolver state updated: {
  "Addresses": [
    {
      "Addr": "10.10.20.151:7060",
      "ServerName": "",
      "Attributes": null,
      "BalancerAttributes": null,
      "Metadata": null
    }
  ],
  "Endpoints": [
    {
      "Addresses": [
        {
          "Addr": "10.10.20.151:7060",
          "ServerName": "",
          "Attributes": null,
          "BalancerAttributes": null,
          "Metadata": null
        }
      ],
      "Attributes": null
    }
  ],
  "ServiceConfig": null,
  "Attributes": null
} (resolver returned new addresses)
[34m2026-04-17 10:35:19.980 -03 0008 INFO[0m [grpc] [34;1mAddTraceEvent[0m -> [core] [Channel #1]Channel switches to new LB policy "pick_first"
[34m2026-04-17 10:35:19.980 -03 0009 INFO[0m [grpc] [34;1mInfof[0m -> [pick-first-leaf-lb] [pick-first-leaf-lb 0xc00055dd40] Received new config {
  "shuffleAddressList": false
}, resolver state {
  "Addresses": [
    {
      "Addr": "10.10.20.151:7060",
      "ServerName": "",
      "Attributes": null,
      "BalancerAttributes": null,
      "Metadata": null
    }
  ],
  "Endpoints": [
    {
      "Addresses": [
        {
          "Addr": "10.10.20.151:7060",
          "ServerName": "",
          "Attributes": null,
          "BalancerAttributes": null,
          "Metadata": null
        }
      ],
      "Attributes": null
    }
  ],
  "ServiceConfig": null,
  "Attributes": null
}
[34m2026-04-17 10:35:19.980 -03 000a INFO[0m [grpc] [34;1mAddTraceEvent[0m -> [core] [Channel #1]Channel Connectivity change to CONNECTING
[34m2026-04-17 10:35:19.980 -03 000b INFO[0m [grpc] [34;1mAddTraceEvent[0m -> [core] [Channel #1 SubChannel #2]Subchannel created
[34m2026-04-17 10:35:19.980 -03 000c INFO[0m [grpc] [34;1mAddTraceEvent[0m -> [core] [Channel #1]Channel exiting idle mode
[34m2026-04-17 10:35:19.980 -03 000d INFO[0m [grpc] [34;1mAddTraceEvent[0m -> [core] [Channel #1 SubChannel #2]Subchannel Connectivity change to CONNECTING
[34m2026-04-17 10:35:19.980 -03 000e INFO[0m [grpc] [34;1mAddTraceEvent[0m -> [core] [Channel #1 SubChannel #2]Subchannel picks a new address "10.10.20.151:7060" to connect
[34m2026-04-17 10:35:19.983 -03 000f INFO[0m [grpc] [34;1mAddTraceEvent[0m -> [core] [Channel #1 SubChannel #2]Subchannel Connectivity change to READY
[34m2026-04-17 10:35:19.983 -03 0010 INFO[0m [grpc] [34;1mInfof[0m -> [pick-first-leaf-lb] [pick-first-leaf-lb 0xc00055dd40] SubConn 0xc00055b400 reported connectivity state READY and the health listener is disabled. Transitioning SubConn to READY.
[34m2026-04-17 10:35:19.983 -03 0011 INFO[0m [grpc] [34;1mAddTraceEvent[0m -> [core] [Channel #1]Channel Connectivity change to READY
[34m2026-04-17 10:35:20.002 -03 0012 INFO[0m [channelCmd] [34;1mupdate[0m -> Successfully submitted channel update
[34m2026-04-17 10:35:20.087 -03 0001 INFO[0m [grpc] [34;1mInfof[0m -> [core] original dial target is: "10.10.20.152:14051"
[34m2026-04-17 10:35:20.087 -03 0002 INFO[0m [grpc] [34;1mAddTraceEvent[0m -> [core] [Channel #1]Channel created
[34m2026-04-17 10:35:20.087 -03 0003 INFO[0m [grpc] [34;1mAddTraceEvent[0m -> [core] [Channel #1]parsed dial target is: resolver.Target{URL:url.URL{Scheme:"passthrough", Opaque:"", User:(*url.Userinfo)(nil), Host:"", Path:"/10.10.20.152:14051", RawPath:"", OmitHost:false, ForceQuery:false, RawQuery:"", Fragment:"", RawFragment:""}}
[34m2026-04-17 10:35:20.087 -03 0004 INFO[0m [grpc] [34;1mAddTraceEvent[0m -> [core] [Channel #1]Channel authority set to "10.10.20.152:14051"
[34m2026-04-17 10:35:20.087 -03 0005 INFO[0m [grpc] [34;1mAddTraceEvent[0m -> [core] [Channel #1]Resolver state updated: {
  "Addresses": [
    {
      "Addr": "10.10.20.152:14051",
      "ServerName": "",
      "Attributes": null,
      "BalancerAttributes": null,
      "Metadata": null
    }
  ],
  "Endpoints": [
    {
      "Addresses": [
        {
          "Addr": "10.10.20.152:14051",
          "ServerName": "",
          "Attributes": null,
          "BalancerAttributes": null,
          "Metadata": null
        }
      ],
      "Attributes": null
    }
  ],
  "ServiceConfig": null,
  "Attributes": null
} (resolver returned new addresses)
[34m2026-04-17 10:35:20.087 -03 0006 INFO[0m [grpc] [34;1mAddTraceEvent[0m -> [core] [Channel #1]Channel switches to new LB policy "pick_first"
[34m2026-04-17 10:35:20.087 -03 0007 INFO[0m [grpc] [34;1mInfof[0m -> [pick-first-leaf-lb] [pick-first-leaf-lb 0xc000238000] Received new config {
  "shuffleAddressList": false
}, resolver state {
  "Addresses": [
    {
      "Addr": "10.10.20.152:14051",
      "ServerName": "",
      "Attributes": null,
      "BalancerAttributes": null,
      "Metadata": null
    }
  ],
  "Endpoints": [
    {
      "Addresses": [
        {
          "Addr": "10.10.20.152:14051",
          "ServerName": "",
          "Attributes": null,
          "BalancerAttributes": null,
          "Metadata": null
        }
      ],
      "Attributes": null
    }
  ],
  "ServiceConfig": null,
  "Attributes": null
}
[34m2026-04-17 10:35:20.087 -03 0008 INFO[0m [grpc] [34;1mAddTraceEvent[0m -> [core] [Channel #1]Channel Connectivity change to CONNECTING
[34m2026-04-17 10:35:20.087 -03 0009 INFO[0m [grpc] [34;1mAddTraceEvent[0m -> [core] [Channel #1 SubChannel #2]Subchannel created
[34m2026-04-17 10:35:20.088 -03 000a INFO[0m [grpc] [34;1mAddTraceEvent[0m -> [core] [Channel #1]Channel exiting idle mode
[34m2026-04-17 10:35:20.088 -03 000b INFO[0m [grpc] [34;1mAddTraceEvent[0m -> [core] [Channel #1 SubChannel #2]Subchannel Connectivity change to CONNECTING
[34m2026-04-17 10:35:20.088 -03 000c INFO[0m [grpc] [34;1mAddTraceEvent[0m -> [core] [Channel #1 SubChannel #2]Subchannel picks a new address "10.10.20.152:14051" to connect
[34m2026-04-17 10:35:20.091 -03 000d INFO[0m [grpc] [34;1mAddTraceEvent[0m -> [core] [Channel #1 SubChannel #2]Subchannel Connectivity change to READY
[34m2026-04-17 10:35:20.091 -03 000e INFO[0m [grpc] [34;1mInfof[0m -> [pick-first-leaf-lb] [pick-first-leaf-lb 0xc000238000] SubConn 0xc000273a40 reported connectivity state READY and the health listener is disabled. Transitioning SubConn to READY.
[34m2026-04-17 10:35:20.091 -03 000f INFO[0m [grpc] [34;1mAddTraceEvent[0m -> [core] [Channel #1]Channel Connectivity change to READY
[34m2026-04-17 10:35:20.091 -03 0010 INFO[0m [channelCmd] [34;1mInitCmdFactory[0m -> Endorser and orderer connections initialized
[34m2026-04-17 10:35:20.137 -03 0011 INFO[0m [channelCmd] [34;1mexecuteJoin[0m -> Successfully submitted proposal to join channel
[34m2026-04-17 10:35:22.342 -03 0001 INFO[0m [grpc] [34;1mInfof[0m -> [core] original dial target is: "10.10.20.151:7051"
[34m2026-04-17 10:35:22.342 -03 0002 INFO[0m [grpc] [34;1mAddTraceEvent[0m -> [core] [Channel #1]Channel created
[34m2026-04-17 10:35:22.342 -03 0003 INFO[0m [grpc] [34;1mAddTraceEvent[0m -> [core] [Channel #1]parsed dial target is: resolver.Target{URL:url.URL{Scheme:"passthrough", Opaque:"", User:(*url.Userinfo)(nil), Host:"", Path:"/10.10.20.151:7051", RawPath:"", OmitHost:false, ForceQuery:false, RawQuery:"", Fragment:"", RawFragment:""}}
[34m2026-04-17 10:35:22.342 -03 0004 INFO[0m [grpc] [34;1mAddTraceEvent[0m -> [core] [Channel #1]Channel authority set to "10.10.20.151:7051"
[34m2026-04-17 10:35:22.343 -03 0005 INFO[0m [grpc] [34;1mAddTraceEvent[0m -> [core] [Channel #1]Resolver state updated: {
  "Addresses": [
    {
      "Addr": "10.10.20.151:7051",
      "ServerName": "",
      "Attributes": null,
      "BalancerAttributes": null,
      "Metadata": null
    }
  ],
  "Endpoints": [
    {
      "Addresses": [
        {
          "Addr": "10.10.20.151:7051",
          "ServerName": "",
          "Attributes": null,
          "BalancerAttributes": null,
          "Metadata": null
        }
      ],
      "Attributes": null
    }
  ],
  "ServiceConfig": null,
  "Attributes": null
} (resolver returned new addresses)
[34m2026-04-17 10:35:22.343 -03 0006 INFO[0m [grpc] [34;1mAddTraceEvent[0m -> [core] [Channel #1]Channel switches to new LB policy "pick_first"
[34m2026-04-17 10:35:22.343 -03 0007 INFO[0m [grpc] [34;1mInfof[0m -> [pick-first-leaf-lb] [pick-first-leaf-lb 0xc0002ec240] Received new config {
  "shuffleAddressList": false
}, resolver state {
  "Addresses": [
    {
      "Addr": "10.10.20.151:7051",
      "ServerName": "",
      "Attributes": null,
      "BalancerAttributes": null,
      "Metadata": null
    }
  ],
  "Endpoints": [
    {
      "Addresses": [
        {
          "Addr": "10.10.20.151:7051",
          "ServerName": "",
          "Attributes": null,
          "BalancerAttributes": null,
          "Metadata": null
        }
      ],
      "Attributes": null
    }
  ],
  "ServiceConfig": null,
  "Attributes": null
}
[34m2026-04-17 10:35:22.343 -03 0008 INFO[0m [grpc] [34;1mAddTraceEvent[0m -> [core] [Channel #1]Channel Connectivity change to CONNECTING
[34m2026-04-17 10:35:22.343 -03 0009 INFO[0m [grpc] [34;1mAddTraceEvent[0m -> [core] [Channel #1 SubChannel #2]Subchannel created
[34m2026-04-17 10:35:22.343 -03 000a INFO[0m [grpc] [34;1mAddTraceEvent[0m -> [core] [Channel #1]Channel exiting idle mode
[34m2026-04-17 10:35:22.343 -03 000b INFO[0m [grpc] [34;1mAddTraceEvent[0m -> [core] [Channel #1 SubChannel #2]Subchannel Connectivity change to CONNECTING
[34m2026-04-17 10:35:22.343 -03 000c INFO[0m [grpc] [34;1mAddTraceEvent[0m -> [core] [Channel #1 SubChannel #2]Subchannel picks a new address "10.10.20.151:7051" to connect
[34m2026-04-17 10:35:22.346 -03 000d INFO[0m [grpc] [34;1mAddTraceEvent[0m -> [core] [Channel #1 SubChannel #2]Subchannel Connectivity change to READY
[34m2026-04-17 10:35:22.346 -03 000e INFO[0m [grpc] [34;1mInfof[0m -> [pick-first-leaf-lb] [pick-first-leaf-lb 0xc0002ec240] SubConn 0xc0001448c0 reported connectivity state READY and the health listener is disabled. Transitioning SubConn to READY.
[34m2026-04-17 10:35:22.346 -03 000f INFO[0m [grpc] [34;1mAddTraceEvent[0m -> [core] [Channel #1]Channel Connectivity change to READY
[34m2026-04-17 10:35:22.346 -03 0010 INFO[0m [channelCmd] [34;1mInitCmdFactory[0m -> Endorser and orderer connections initialized
[34m2026-04-17 10:35:22.382 -03 0011 INFO[0m [channelCmd] [34;1mexecuteJoin[0m -> Successfully submitted proposal to join channel
[33m2026-04-17 10:35:22.417 -03 0001 WARN[0m [grpc] [33;1mWarningf[0m -> [core] Adjusting keepalive ping interval to minimum period of 10s
[34m2026-04-17 10:35:22.417 -03 0002 INFO[0m [grpc] [34;1mInfof[0m -> [core] original dial target is: "10.10.20.151:7060"
[34m2026-04-17 10:35:22.417 -03 0003 INFO[0m [grpc] [34;1mAddTraceEvent[0m -> [core] [Channel #1]Channel created
[34m2026-04-17 10:35:22.417 -03 0004 INFO[0m [grpc] [34;1mAddTraceEvent[0m -> [core] [Channel #1]parsed dial target is: resolver.Target{URL:url.URL{Scheme:"passthrough", Opaque:"", User:(*url.Userinfo)(nil), Host:"", Path:"/10.10.20.151:7060", RawPath:"", OmitHost:false, ForceQuery:false, RawQuery:"", Fragment:"", RawFragment:""}}
[34m2026-04-17 10:35:22.417 -03 0005 INFO[0m [grpc] [34;1mAddTraceEvent[0m -> [core] [Channel #1]Channel authority set to "10.10.20.151:7060"
[34m2026-04-17 10:35:22.417 -03 0006 INFO[0m [grpc] [34;1mAddTraceEvent[0m -> [core] [Channel #1]Resolver state updated: {
  "Addresses": [
    {
      "Addr": "10.10.20.151:7060",
      "ServerName": "",
      "Attributes": null,
      "BalancerAttributes": null,
      "Metadata": null
    }
  ],
  "Endpoints": [
    {
      "Addresses": [
        {
          "Addr": "10.10.20.151:7060",
          "ServerName": "",
          "Attributes": null,
          "BalancerAttributes": null,
          "Metadata": null
        }
      ],
      "Attributes": null
    }
  ],
  "ServiceConfig": null,
  "Attributes": null
} (resolver returned new addresses)
[34m2026-04-17 10:35:22.417 -03 0007 INFO[0m [grpc] [34;1mAddTraceEvent[0m -> [core] [Channel #1]Channel switches to new LB policy "pick_first"
[34m2026-04-17 10:35:22.417 -03 0008 INFO[0m [grpc] [34;1mInfof[0m -> [pick-first-leaf-lb] [pick-first-leaf-lb 0xc0003a6750] Received new config {
  "shuffleAddressList": false
}, resolver state {
  "Addresses": [
    {
      "Addr": "10.10.20.151:7060",
      "ServerName": "",
      "Attributes": null,
      "BalancerAttributes": null,
      "Metadata": null
    }
  ],
  "Endpoints": [
    {
      "Addresses": [
        {
          "Addr": "10.10.20.151:7060",
          "ServerName": "",
          "Attributes": null,
          "BalancerAttributes": null,
          "Metadata": null
        }
      ],
      "Attributes": null
    }
  ],
  "ServiceConfig": null,
  "Attributes": null
}
[34m2026-04-17 10:35:22.417 -03 0009 INFO[0m [grpc] [34;1mAddTraceEvent[0m -> [core] [Channel #1]Channel Connectivity change to CONNECTING
[34m2026-04-17 10:35:22.417 -03 000a INFO[0m [grpc] [34;1mAddTraceEvent[0m -> [core] [Channel #1 SubChannel #2]Subchannel created
[34m2026-04-17 10:35:22.417 -03 000b INFO[0m [grpc] [34;1mAddTraceEvent[0m -> [core] [Channel #1]Channel exiting idle mode
[34m2026-04-17 10:35:22.417 -03 000c INFO[0m [grpc] [34;1mAddTraceEvent[0m -> [core] [Channel #1 SubChannel #2]Subchannel Connectivity change to CONNECTING
[34m2026-04-17 10:35:22.417 -03 000d INFO[0m [grpc] [34;1mAddTraceEvent[0m -> [core] [Channel #1 SubChannel #2]Subchannel picks a new address "10.10.20.151:7060" to connect
[34m2026-04-17 10:35:22.418 -03 000e INFO[0m [grpc] [34;1mAddTraceEvent[0m -> [core] [Channel #1 SubChannel #2]Subchannel Connectivity change to READY
[34m2026-04-17 10:35:22.418 -03 000f INFO[0m [grpc] [34;1mInfof[0m -> [pick-first-leaf-lb] [pick-first-leaf-lb 0xc0003a6750] SubConn 0xc0003537c0 reported connectivity state READY and the health listener is disabled. Transitioning SubConn to READY.
[34m2026-04-17 10:35:22.418 -03 0010 INFO[0m [grpc] [34;1mAddTraceEvent[0m -> [core] [Channel #1]Channel Connectivity change to READY
[34m2026-04-17 10:35:22.418 -03 0011 INFO[0m [channelCmd] [34;1mInitCmdFactory[0m -> Endorser and orderer connections initialized
[34m2026-04-17 10:35:22.419 -03 0012 INFO[0m [cli.common] [34;1mreadBlock[0m -> Received block: 0
[34m2026-04-17 10:35:22.420 -03 0013 INFO[0m [channelCmd] [34;1mfetch[0m -> Retrieving last config block: 0
[34m2026-04-17 10:35:22.420 -03 0014 INFO[0m [cli.common] [34;1mreadBlock[0m -> Received block: 0
[34m2026-04-17 10:35:23.202 -03 0001 INFO[0m [channelCmd] [34;1mInitCmdFactory[0m -> Endorser and orderer connections initialized
[33m2026-04-17 10:35:23.205 -03 0002 WARN[0m [grpc] [33;1mWarningf[0m -> [core] Adjusting keepalive ping interval to minimum period of 10s
[34m2026-04-17 10:35:23.205 -03 0003 INFO[0m [grpc] [34;1mInfof[0m -> [core] original dial target is: "10.10.20.151:7060"
[34m2026-04-17 10:35:23.205 -03 0004 INFO[0m [grpc] [34;1mAddTraceEvent[0m -> [core] [Channel #1]Channel created
[34m2026-04-17 10:35:23.205 -03 0005 INFO[0m [grpc] [34;1mAddTraceEvent[0m -> [core] [Channel #1]parsed dial target is: resolver.Target{URL:url.URL{Scheme:"passthrough", Opaque:"", User:(*url.Userinfo)(nil), Host:"", Path:"/10.10.20.151:7060", RawPath:"", OmitHost:false, ForceQuery:false, RawQuery:"", Fragment:"", RawFragment:""}}
[34m2026-04-17 10:35:23.205 -03 0006 INFO[0m [grpc] [34;1mAddTraceEvent[0m -> [core] [Channel #1]Channel authority set to "10.10.20.151:7060"
[34m2026-04-17 10:35:23.205 -03 0007 INFO[0m [grpc] [34;1mAddTraceEvent[0m -> [core] [Channel #1]Resolver state updated: {
  "Addresses": [
    {
      "Addr": "10.10.20.151:7060",
      "ServerName": "",
      "Attributes": null,
      "BalancerAttributes": null,
      "Metadata": null
    }
  ],
  "Endpoints": [
    {
      "Addresses": [
        {
          "Addr": "10.10.20.151:7060",
          "ServerName": "",
          "Attributes": null,
          "BalancerAttributes": null,
          "Metadata": null
        }
      ],
      "Attributes": null
    }
  ],
  "ServiceConfig": null,
  "Attributes": null
} (resolver returned new addresses)
[34m2026-04-17 10:35:23.205 -03 0008 INFO[0m [grpc] [34;1mAddTraceEvent[0m -> [core] [Channel #1]Channel switches to new LB policy "pick_first"
[34m2026-04-17 10:35:23.205 -03 0009 INFO[0m [grpc] [34;1mInfof[0m -> [pick-first-leaf-lb] [pick-first-leaf-lb 0xc0002621b0] Received new config {
  "shuffleAddressList": false
}, resolver state {
  "Addresses": [
    {
      "Addr": "10.10.20.151:7060",
      "ServerName": "",
      "Attributes": null,
      "BalancerAttributes": null,
      "Metadata": null
    }
  ],
  "Endpoints": [
    {
      "Addresses": [
        {
          "Addr": "10.10.20.151:7060",
          "ServerName": "",
          "Attributes": null,
          "BalancerAttributes": null,
          "Metadata": null
        }
      ],
      "Attributes": null
    }
  ],
  "ServiceConfig": null,
  "Attributes": null
}
[34m2026-04-17 10:35:23.205 -03 000a INFO[0m [grpc] [34;1mAddTraceEvent[0m -> [core] [Channel #1]Channel Connectivity change to CONNECTING
[34m2026-04-17 10:35:23.205 -03 000b INFO[0m [grpc] [34;1mAddTraceEvent[0m -> [core] [Channel #1 SubChannel #2]Subchannel created
[34m2026-04-17 10:35:23.205 -03 000c INFO[0m [grpc] [34;1mAddTraceEvent[0m -> [core] [Channel #1]Channel exiting idle mode
[34m2026-04-17 10:35:23.205 -03 000d INFO[0m [grpc] [34;1mAddTraceEvent[0m -> [core] [Channel #1 SubChannel #2]Subchannel Connectivity change to CONNECTING
[34m2026-04-17 10:35:23.206 -03 000e INFO[0m [grpc] [34;1mAddTraceEvent[0m -> [core] [Channel #1 SubChannel #2]Subchannel picks a new address "10.10.20.151:7060" to connect
[34m2026-04-17 10:35:23.209 -03 000f INFO[0m [grpc] [34;1mAddTraceEvent[0m -> [core] [Channel #1 SubChannel #2]Subchannel Connectivity change to READY
[34m2026-04-17 10:35:23.209 -03 0010 INFO[0m [grpc] [34;1mInfof[0m -> [pick-first-leaf-lb] [pick-first-leaf-lb 0xc0002621b0] SubConn 0xc000264a00 reported connectivity state READY and the health listener is disabled. Transitioning SubConn to READY.
[34m2026-04-17 10:35:23.209 -03 0011 INFO[0m [grpc] [34;1mAddTraceEvent[0m -> [core] [Channel #1]Channel Connectivity change to READY
[34m2026-04-17 10:35:23.219 -03 0012 INFO[0m [channelCmd] [34;1mupdate[0m -> Successfully submitted channel update
[34m2026-04-17 10:35:23.284 -03 0001 INFO[0m [grpc] [34;1mInfof[0m -> [core] original dial target is: "10.10.20.151:8051"
[34m2026-04-17 10:35:23.284 -03 0002 INFO[0m [grpc] [34;1mAddTraceEvent[0m -> [core] [Channel #1]Channel created
[34m2026-04-17 10:35:23.284 -03 0003 INFO[0m [grpc] [34;1mAddTraceEvent[0m -> [core] [Channel #1]parsed dial target is: resolver.Target{URL:url.URL{Scheme:"passthrough", Opaque:"", User:(*url.Userinfo)(nil), Host:"", Path:"/10.10.20.151:8051", RawPath:"", OmitHost:false, ForceQuery:false, RawQuery:"", Fragment:"", RawFragment:""}}
[34m2026-04-17 10:35:23.284 -03 0004 INFO[0m [grpc] [34;1mAddTraceEvent[0m -> [core] [Channel #1]Channel authority set to "10.10.20.151:8051"
[34m2026-04-17 10:35:23.284 -03 0005 INFO[0m [grpc] [34;1mAddTraceEvent[0m -> [core] [Channel #1]Resolver state updated: {
  "Addresses": [
    {
      "Addr": "10.10.20.151:8051",
      "ServerName": "",
      "Attributes": null,
      "BalancerAttributes": null,
      "Metadata": null
    }
  ],
  "Endpoints": [
    {
      "Addresses": [
        {
          "Addr": "10.10.20.151:8051",
          "ServerName": "",
          "Attributes": null,
          "BalancerAttributes": null,
          "Metadata": null
        }
      ],
      "Attributes": null
    }
  ],
  "ServiceConfig": null,
  "Attributes": null
} (resolver returned new addresses)
[34m2026-04-17 10:35:23.284 -03 0006 INFO[0m [grpc] [34;1mAddTraceEvent[0m -> [core] [Channel #1]Channel switches to new LB policy "pick_first"
[34m2026-04-17 10:35:23.284 -03 0007 INFO[0m [grpc] [34;1mInfof[0m -> [pick-first-leaf-lb] [pick-first-leaf-lb 0xc000146480] Received new config {
  "shuffleAddressList": false
}, resolver state {
  "Addresses": [
    {
      "Addr": "10.10.20.151:8051",
      "ServerName": "",
      "Attributes": null,
      "BalancerAttributes": null,
      "Metadata": null
    }
  ],
  "Endpoints": [
    {
      "Addresses": [
        {
          "Addr": "10.10.20.151:8051",
          "ServerName": "",
          "Attributes": null,
          "BalancerAttributes": null,
          "Metadata": null
        }
      ],
      "Attributes": null
    }
  ],
  "ServiceConfig": null,
  "Attributes": null
}
[34m2026-04-17 10:35:23.284 -03 0008 INFO[0m [grpc] [34;1mAddTraceEvent[0m -> [core] [Channel #1]Channel Connectivity change to CONNECTING
[34m2026-04-17 10:35:23.284 -03 0009 INFO[0m [grpc] [34;1mAddTraceEvent[0m -> [core] [Channel #1 SubChannel #2]Subchannel created
[34m2026-04-17 10:35:23.284 -03 000a INFO[0m [grpc] [34;1mAddTraceEvent[0m -> [core] [Channel #1]Channel exiting idle mode
[34m2026-04-17 10:35:23.284 -03 000b INFO[0m [grpc] [34;1mAddTraceEvent[0m -> [core] [Channel #1 SubChannel #2]Subchannel Connectivity change to CONNECTING
[34m2026-04-17 10:35:23.284 -03 000c INFO[0m [grpc] [34;1mAddTraceEvent[0m -> [core] [Channel #1 SubChannel #2]Subchannel picks a new address "10.10.20.151:8051" to connect
[34m2026-04-17 10:35:23.287 -03 000d INFO[0m [grpc] [34;1mAddTraceEvent[0m -> [core] [Channel #1 SubChannel #2]Subchannel Connectivity change to READY
[34m2026-04-17 10:35:23.287 -03 000e INFO[0m [grpc] [34;1mInfof[0m -> [pick-first-leaf-lb] [pick-first-leaf-lb 0xc000146480] SubConn 0xc0003bfb30 reported connectivity state READY and the health listener is disabled. Transitioning SubConn to READY.
[34m2026-04-17 10:35:23.287 -03 000f INFO[0m [grpc] [34;1mAddTraceEvent[0m -> [core] [Channel #1]Channel Connectivity change to READY
[34m2026-04-17 10:35:23.287 -03 0010 INFO[0m [channelCmd] [34;1mInitCmdFactory[0m -> Endorser and orderer connections initialized
[34m2026-04-17 10:35:23.325 -03 0011 INFO[0m [channelCmd] [34;1mexecuteJoin[0m -> Successfully submitted proposal to join channel
[34m2026-04-17 10:35:23.370 -03 0001 INFO[0m [grpc] [34;1mInfof[0m -> [core] original dial target is: "10.10.20.151:9051"
[34m2026-04-17 10:35:23.370 -03 0002 INFO[0m [grpc] [34;1mAddTraceEvent[0m -> [core] [Channel #1]Channel created
[34m2026-04-17 10:35:23.370 -03 0003 INFO[0m [grpc] [34;1mAddTraceEvent[0m -> [core] [Channel #1]parsed dial target is: resolver.Target{URL:url.URL{Scheme:"passthrough", Opaque:"", User:(*url.Userinfo)(nil), Host:"", Path:"/10.10.20.151:9051", RawPath:"", OmitHost:false, ForceQuery:false, RawQuery:"", Fragment:"", RawFragment:""}}
[34m2026-04-17 10:35:23.370 -03 0004 INFO[0m [grpc] [34;1mAddTraceEvent[0m -> [core] [Channel #1]Channel authority set to "10.10.20.151:9051"
[34m2026-04-17 10:35:23.370 -03 0005 INFO[0m [grpc] [34;1mAddTraceEvent[0m -> [core] [Channel #1]Resolver state updated: {
  "Addresses": [
    {
      "Addr": "10.10.20.151:9051",
      "ServerName": "",
      "Attributes": null,
      "BalancerAttributes": null,
      "Metadata": null
    }
  ],
  "Endpoints": [
    {
      "Addresses": [
        {
          "Addr": "10.10.20.151:9051",
          "ServerName": "",
          "Attributes": null,
          "BalancerAttributes": null,
          "Metadata": null
        }
      ],
      "Attributes": null
    }
  ],
  "ServiceConfig": null,
  "Attributes": null
} (resolver returned new addresses)
[34m2026-04-17 10:35:23.370 -03 0006 INFO[0m [grpc] [34;1mAddTraceEvent[0m -> [core] [Channel #1]Channel switches to new LB policy "pick_first"
[34m2026-04-17 10:35:23.370 -03 0007 INFO[0m [grpc] [34;1mInfof[0m -> [pick-first-leaf-lb] [pick-first-leaf-lb 0xc000263560] Received new config {
  "shuffleAddressList": false
}, resolver state {
  "Addresses": [
    {
      "Addr": "10.10.20.151:9051",
      "ServerName": "",
      "Attributes": null,
      "BalancerAttributes": null,
      "Metadata": null
    }
  ],
  "Endpoints": [
    {
      "Addresses": [
        {
          "Addr": "10.10.20.151:9051",
          "ServerName": "",
          "Attributes": null,
          "BalancerAttributes": null,
          "Metadata": null
        }
      ],
      "Attributes": null
    }
  ],
  "ServiceConfig": null,
  "Attributes": null
}
[34m2026-04-17 10:35:23.370 -03 0008 INFO[0m [grpc] [34;1mAddTraceEvent[0m -> [core] [Channel #1]Channel Connectivity change to CONNECTING
[34m2026-04-17 10:35:23.370 -03 0009 INFO[0m [grpc] [34;1mAddTraceEvent[0m -> [core] [Channel #1 SubChannel #2]Subchannel created
[34m2026-04-17 10:35:23.370 -03 000a INFO[0m [grpc] [34;1mAddTraceEvent[0m -> [core] [Channel #1]Channel exiting idle mode
[34m2026-04-17 10:35:23.370 -03 000b INFO[0m [grpc] [34;1mAddTraceEvent[0m -> [core] [Channel #1 SubChannel #2]Subchannel Connectivity change to CONNECTING
[34m2026-04-17 10:35:23.370 -03 000c INFO[0m [grpc] [34;1mAddTraceEvent[0m -> [core] [Channel #1 SubChannel #2]Subchannel picks a new address "10.10.20.151:9051" to connect
[34m2026-04-17 10:35:23.371 -03 000d INFO[0m [grpc] [34;1mAddTraceEvent[0m -> [core] [Channel #1 SubChannel #2]Subchannel Connectivity change to READY
[34m2026-04-17 10:35:23.371 -03 000e INFO[0m [grpc] [34;1mInfof[0m -> [pick-first-leaf-lb] [pick-first-leaf-lb 0xc000263560] SubConn 0xc000264a00 reported connectivity state READY and the health listener is disabled. Transitioning SubConn to READY.
[34m2026-04-17 10:35:23.371 -03 000f INFO[0m [grpc] [34;1mAddTraceEvent[0m -> [core] [Channel #1]Channel Connectivity change to READY
[34m2026-04-17 10:35:23.371 -03 0010 INFO[0m [channelCmd] [34;1mInitCmdFactory[0m -> Endorser and orderer connections initialized
[34m2026-04-17 10:35:23.391 -03 0011 INFO[0m [channelCmd] [34;1mexecuteJoin[0m -> Successfully submitted proposal to join channel
[33m2026-04-17 10:35:23.446 -03 0001 WARN[0m [grpc] [33;1mWarningf[0m -> [core] Adjusting keepalive ping interval to minimum period of 10s
[34m2026-04-17 10:35:23.447 -03 0002 INFO[0m [grpc] [34;1mInfof[0m -> [core] original dial target is: "10.10.20.151:7060"
[34m2026-04-17 10:35:23.447 -03 0003 INFO[0m [grpc] [34;1mAddTraceEvent[0m -> [core] [Channel #1]Channel created
[34m2026-04-17 10:35:23.447 -03 0004 INFO[0m [grpc] [34;1mAddTraceEvent[0m -> [core] [Channel #1]parsed dial target is: resolver.Target{URL:url.URL{Scheme:"passthrough", Opaque:"", User:(*url.Userinfo)(nil), Host:"", Path:"/10.10.20.151:7060", RawPath:"", OmitHost:false, ForceQuery:false, RawQuery:"", Fragment:"", RawFragment:""}}
[34m2026-04-17 10:35:23.447 -03 0005 INFO[0m [grpc] [34;1mAddTraceEvent[0m -> [core] [Channel #1]Channel authority set to "10.10.20.151:7060"
[34m2026-04-17 10:35:23.447 -03 0006 INFO[0m [grpc] [34;1mAddTraceEvent[0m -> [core] [Channel #1]Resolver state updated: {
  "Addresses": [
    {
      "Addr": "10.10.20.151:7060",
      "ServerName": "",
      "Attributes": null,
      "BalancerAttributes": null,
      "Metadata": null
    }
  ],
  "Endpoints": [
    {
      "Addresses": [
        {
          "Addr": "10.10.20.151:7060",
          "ServerName": "",
          "Attributes": null,
          "BalancerAttributes": null,
          "Metadata": null
        }
      ],
      "Attributes": null
    }
  ],
  "ServiceConfig": null,
  "Attributes": null
} (resolver returned new addresses)
[34m2026-04-17 10:35:23.447 -03 0007 INFO[0m [grpc] [34;1mAddTraceEvent[0m -> [core] [Channel #1]Channel switches to new LB policy "pick_first"
[34m2026-04-17 10:35:23.447 -03 0008 INFO[0m [grpc] [34;1mInfof[0m -> [pick-first-leaf-lb] [pick-first-leaf-lb 0xc000410750] Received new config {
  "shuffleAddressList": false
}, resolver state {
  "Addresses": [
    {
      "Addr": "10.10.20.151:7060",
      "ServerName": "",
      "Attributes": null,
      "BalancerAttributes": null,
      "Metadata": null
    }
  ],
  "Endpoints": [
    {
      "Addresses": [
        {
          "Addr": "10.10.20.151:7060",
          "ServerName": "",
          "Attributes": null,
          "BalancerAttributes": null,
          "Metadata": null
        }
      ],
      "Attributes": null
    }
  ],
  "ServiceConfig": null,
  "Attributes": null
}
[34m2026-04-17 10:35:23.447 -03 0009 INFO[0m [grpc] [34;1mAddTraceEvent[0m -> [core] [Channel #1]Channel Connectivity change to CONNECTING
[34m2026-04-17 10:35:23.447 -03 000a INFO[0m [grpc] [34;1mAddTraceEvent[0m -> [core] [Channel #1 SubChannel #2]Subchannel created
[34m2026-04-17 10:35:23.447 -03 000b INFO[0m [grpc] [34;1mAddTraceEvent[0m -> [core] [Channel #1]Channel exiting idle mode
[34m2026-04-17 10:35:23.447 -03 000c INFO[0m [grpc] [34;1mAddTraceEvent[0m -> [core] [Channel #1 SubChannel #2]Subchannel Connectivity change to CONNECTING
[34m2026-04-17 10:35:23.447 -03 000d INFO[0m [grpc] [34;1mAddTraceEvent[0m -> [core] [Channel #1 SubChannel #2]Subchannel picks a new address "10.10.20.151:7060" to connect
[34m2026-04-17 10:35:23.449 -03 000e INFO[0m [grpc] [34;1mAddTraceEvent[0m -> [core] [Channel #1 SubChannel #2]Subchannel Connectivity change to READY
[34m2026-04-17 10:35:23.449 -03 000f INFO[0m [grpc] [34;1mInfof[0m -> [pick-first-leaf-lb] [pick-first-leaf-lb 0xc000410750] SubConn 0xc000596a50 reported connectivity state READY and the health listener is disabled. Transitioning SubConn to READY.
[34m2026-04-17 10:35:23.449 -03 0010 INFO[0m [grpc] [34;1mAddTraceEvent[0m -> [core] [Channel #1]Channel Connectivity change to READY
[34m2026-04-17 10:35:23.449 -03 0011 INFO[0m [channelCmd] [34;1mInitCmdFactory[0m -> Endorser and orderer connections initialized
[34m2026-04-17 10:35:23.451 -03 0012 INFO[0m [cli.common] [34;1mreadBlock[0m -> Received block: 1
[34m2026-04-17 10:35:23.451 -03 0013 INFO[0m [channelCmd] [34;1mfetch[0m -> Retrieving last config block: 1
[34m2026-04-17 10:35:23.453 -03 0014 INFO[0m [cli.common] [34;1mreadBlock[0m -> Received block: 1
[34m2026-04-17 10:35:24.378 -03 0001 INFO[0m [channelCmd] [34;1mInitCmdFactory[0m -> Endorser and orderer connections initialized
[33m2026-04-17 10:35:24.379 -03 0002 WARN[0m [grpc] [33;1mWarningf[0m -> [core] Adjusting keepalive ping interval to minimum period of 10s
[34m2026-04-17 10:35:24.379 -03 0003 INFO[0m [grpc] [34;1mInfof[0m -> [core] original dial target is: "10.10.20.151:7060"
[34m2026-04-17 10:35:24.380 -03 0004 INFO[0m [grpc] [34;1mAddTraceEvent[0m -> [core] [Channel #1]Channel created
[34m2026-04-17 10:35:24.380 -03 0005 INFO[0m [grpc] [34;1mAddTraceEvent[0m -> [core] [Channel #1]parsed dial target is: resolver.Target{URL:url.URL{Scheme:"passthrough", Opaque:"", User:(*url.Userinfo)(nil), Host:"", Path:"/10.10.20.151:7060", RawPath:"", OmitHost:false, ForceQuery:false, RawQuery:"", Fragment:"", RawFragment:""}}
[34m2026-04-17 10:35:24.380 -03 0006 INFO[0m [grpc] [34;1mAddTraceEvent[0m -> [core] [Channel #1]Channel authority set to "10.10.20.151:7060"
[34m2026-04-17 10:35:24.380 -03 0007 INFO[0m [grpc] [34;1mAddTraceEvent[0m -> [core] [Channel #1]Resolver state updated: {
  "Addresses": [
    {
      "Addr": "10.10.20.151:7060",
      "ServerName": "",
      "Attributes": null,
      "BalancerAttributes": null,
      "Metadata": null
    }
  ],
  "Endpoints": [
    {
      "Addresses": [
        {
          "Addr": "10.10.20.151:7060",
          "ServerName": "",
          "Attributes": null,
          "BalancerAttributes": null,
          "Metadata": null
        }
      ],
      "Attributes": null
    }
  ],
  "ServiceConfig": null,
  "Attributes": null
} (resolver returned new addresses)
[34m2026-04-17 10:35:24.380 -03 0008 INFO[0m [grpc] [34;1mAddTraceEvent[0m -> [core] [Channel #1]Channel switches to new LB policy "pick_first"
[34m2026-04-17 10:35:24.380 -03 0009 INFO[0m [grpc] [34;1mInfof[0m -> [pick-first-leaf-lb] [pick-first-leaf-lb 0xc00029a510] Received new config {
  "shuffleAddressList": false
}, resolver state {
  "Addresses": [
    {
      "Addr": "10.10.20.151:7060",
      "ServerName": "",
      "Attributes": null,
      "BalancerAttributes": null,
      "Metadata": null
    }
  ],
  "Endpoints": [
    {
      "Addresses": [
        {
          "Addr": "10.10.20.151:7060",
          "ServerName": "",
          "Attributes": null,
          "BalancerAttributes": null,
          "Metadata": null
        }
      ],
      "Attributes": null
    }
  ],
  "ServiceConfig": null,
  "Attributes": null
}
[34m2026-04-17 10:35:24.380 -03 000a INFO[0m [grpc] [34;1mAddTraceEvent[0m -> [core] [Channel #1]Channel Connectivity change to CONNECTING
[34m2026-04-17 10:35:24.380 -03 000b INFO[0m [grpc] [34;1mAddTraceEvent[0m -> [core] [Channel #1 SubChannel #2]Subchannel created
[34m2026-04-17 10:35:24.380 -03 000c INFO[0m [grpc] [34;1mAddTraceEvent[0m -> [core] [Channel #1]Channel exiting idle mode
[34m2026-04-17 10:35:24.380 -03 000d INFO[0m [grpc] [34;1mAddTraceEvent[0m -> [core] [Channel #1 SubChannel #2]Subchannel Connectivity change to CONNECTING
[34m2026-04-17 10:35:24.380 -03 000e INFO[0m [grpc] [34;1mAddTraceEvent[0m -> [core] [Channel #1 SubChannel #2]Subchannel picks a new address "10.10.20.151:7060" to connect
[34m2026-04-17 10:35:24.382 -03 000f INFO[0m [grpc] [34;1mAddTraceEvent[0m -> [core] [Channel #1 SubChannel #2]Subchannel Connectivity change to READY
[34m2026-04-17 10:35:24.382 -03 0010 INFO[0m [grpc] [34;1mInfof[0m -> [pick-first-leaf-lb] [pick-first-leaf-lb 0xc00029a510] SubConn 0xc00026fc20 reported connectivity state READY and the health listener is disabled. Transitioning SubConn to READY.
[34m2026-04-17 10:35:24.382 -03 0011 INFO[0m [grpc] [34;1mAddTraceEvent[0m -> [core] [Channel #1]Channel Connectivity change to READY
[34m2026-04-17 10:35:24.391 -03 0012 INFO[0m [channelCmd] [34;1mupdate[0m -> Successfully submitted channel update
[34m2026-04-17 10:35:24.453 -03 0001 INFO[0m [grpc] [34;1mInfof[0m -> [core] original dial target is: "10.10.20.151:10051"
[34m2026-04-17 10:35:24.453 -03 0002 INFO[0m [grpc] [34;1mAddTraceEvent[0m -> [core] [Channel #1]Channel created
[34m2026-04-17 10:35:24.453 -03 0003 INFO[0m [grpc] [34;1mAddTraceEvent[0m -> [core] [Channel #1]parsed dial target is: resolver.Target{URL:url.URL{Scheme:"passthrough", Opaque:"", User:(*url.Userinfo)(nil), Host:"", Path:"/10.10.20.151:10051", RawPath:"", OmitHost:false, ForceQuery:false, RawQuery:"", Fragment:"", RawFragment:""}}
[34m2026-04-17 10:35:24.453 -03 0004 INFO[0m [grpc] [34;1mAddTraceEvent[0m -> [core] [Channel #1]Channel authority set to "10.10.20.151:10051"
[34m2026-04-17 10:35:24.453 -03 0005 INFO[0m [grpc] [34;1mAddTraceEvent[0m -> [core] [Channel #1]Resolver state updated: {
  "Addresses": [
    {
      "Addr": "10.10.20.151:10051",
      "ServerName": "",
      "Attributes": null,
      "BalancerAttributes": null,
      "Metadata": null
    }
  ],
  "Endpoints": [
    {
      "Addresses": [
        {
          "Addr": "10.10.20.151:10051",
          "ServerName": "",
          "Attributes": null,
          "BalancerAttributes": null,
          "Metadata": null
        }
      ],
      "Attributes": null
    }
  ],
  "ServiceConfig": null,
  "Attributes": null
} (resolver returned new addresses)
[34m2026-04-17 10:35:24.453 -03 0006 INFO[0m [grpc] [34;1mAddTraceEvent[0m -> [core] [Channel #1]Channel switches to new LB policy "pick_first"
[34m2026-04-17 10:35:24.453 -03 0007 INFO[0m [grpc] [34;1mInfof[0m -> [pick-first-leaf-lb] [pick-first-leaf-lb 0xc0001402d0] Received new config {
  "shuffleAddressList": false
}, resolver state {
  "Addresses": [
    {
      "Addr": "10.10.20.151:10051",
      "ServerName": "",
      "Attributes": null,
      "BalancerAttributes": null,
      "Metadata": null
    }
  ],
  "Endpoints": [
    {
      "Addresses": [
        {
          "Addr": "10.10.20.151:10051",
          "ServerName": "",
          "Attributes": null,
          "BalancerAttributes": null,
          "Metadata": null
        }
      ],
      "Attributes": null
    }
  ],
  "ServiceConfig": null,
  "Attributes": null
}
[34m2026-04-17 10:35:24.453 -03 0008 INFO[0m [grpc] [34;1mAddTraceEvent[0m -> [core] [Channel #1]Channel Connectivity change to CONNECTING
[34m2026-04-17 10:35:24.453 -03 0009 INFO[0m [grpc] [34;1mAddTraceEvent[0m -> [core] [Channel #1 SubChannel #2]Subchannel created
[34m2026-04-17 10:35:24.453 -03 000a INFO[0m [grpc] [34;1mAddTraceEvent[0m -> [core] [Channel #1]Channel exiting idle mode
[34m2026-04-17 10:35:24.453 -03 000b INFO[0m [grpc] [34;1mAddTraceEvent[0m -> [core] [Channel #1 SubChannel #2]Subchannel Connectivity change to CONNECTING
[34m2026-04-17 10:35:24.453 -03 000c INFO[0m [grpc] [34;1mAddTraceEvent[0m -> [core] [Channel #1 SubChannel #2]Subchannel picks a new address "10.10.20.151:10051" to connect
[34m2026-04-17 10:35:24.454 -03 000d INFO[0m [grpc] [34;1mAddTraceEvent[0m -> [core] [Channel #1 SubChannel #2]Subchannel Connectivity change to READY
[34m2026-04-17 10:35:24.454 -03 000e INFO[0m [grpc] [34;1mInfof[0m -> [pick-first-leaf-lb] [pick-first-leaf-lb 0xc0001402d0] SubConn 0xc00061af00 reported connectivity state READY and the health listener is disabled. Transitioning SubConn to READY.
[34m2026-04-17 10:35:24.454 -03 000f INFO[0m [grpc] [34;1mAddTraceEvent[0m -> [core] [Channel #1]Channel Connectivity change to READY
[34m2026-04-17 10:35:24.454 -03 0010 INFO[0m [channelCmd] [34;1mInitCmdFactory[0m -> Endorser and orderer connections initialized
[34m2026-04-17 10:35:24.478 -03 0011 INFO[0m [channelCmd] [34;1mexecuteJoin[0m -> Successfully submitted proposal to join channel
[34m2026-04-17 10:35:26.751 -03 0001 INFO[0m [grpc] [34;1mInfof[0m -> [core] original dial target is: "10.10.20.151:7051"
[34m2026-04-17 10:35:26.751 -03 0002 INFO[0m [grpc] [34;1mAddTraceEvent[0m -> [core] [Channel #1]Channel created
[34m2026-04-17 10:35:26.751 -03 0003 INFO[0m [grpc] [34;1mAddTraceEvent[0m -> [core] [Channel #1]parsed dial target is: resolver.Target{URL:url.URL{Scheme:"passthrough", Opaque:"", User:(*url.Userinfo)(nil), Host:"", Path:"/10.10.20.151:7051", RawPath:"", OmitHost:false, ForceQuery:false, RawQuery:"", Fragment:"", RawFragment:""}}
[34m2026-04-17 10:35:26.751 -03 0004 INFO[0m [grpc] [34;1mAddTraceEvent[0m -> [core] [Channel #1]Channel authority set to "10.10.20.151:7051"
[34m2026-04-17 10:35:26.752 -03 0005 INFO[0m [grpc] [34;1mAddTraceEvent[0m -> [core] [Channel #1]Resolver state updated: {
  "Addresses": [
    {
      "Addr": "10.10.20.151:7051",
      "ServerName": "",
      "Attributes": null,
      "BalancerAttributes": null,
      "Metadata": null
    }
  ],
  "Endpoints": [
    {
      "Addresses": [
        {
          "Addr": "10.10.20.151:7051",
          "ServerName": "",
          "Attributes": null,
          "BalancerAttributes": null,
          "Metadata": null
        }
      ],
      "Attributes": null
    }
  ],
  "ServiceConfig": null,
  "Attributes": null
} (resolver returned new addresses)
[34m2026-04-17 10:35:26.752 -03 0006 INFO[0m [grpc] [34;1mAddTraceEvent[0m -> [core] [Channel #1]Channel switches to new LB policy "pick_first"
[34m2026-04-17 10:35:26.752 -03 0007 INFO[0m [grpc] [34;1mInfof[0m -> [pick-first-leaf-lb] [pick-first-leaf-lb 0xc00041e510] Received new config {
  "shuffleAddressList": false
}, resolver state {
  "Addresses": [
    {
      "Addr": "10.10.20.151:7051",
      "ServerName": "",
      "Attributes": null,
      "BalancerAttributes": null,
      "Metadata": null
    }
  ],
  "Endpoints": [
    {
      "Addresses": [
        {
          "Addr": "10.10.20.151:7051",
          "ServerName": "",
          "Attributes": null,
          "BalancerAttributes": null,
          "Metadata": null
        }
      ],
      "Attributes": null
    }
  ],
  "ServiceConfig": null,
  "Attributes": null
}
[34m2026-04-17 10:35:26.752 -03 0008 INFO[0m [grpc] [34;1mAddTraceEvent[0m -> [core] [Channel #1]Channel Connectivity change to CONNECTING
[34m2026-04-17 10:35:26.752 -03 0009 INFO[0m [grpc] [34;1mAddTraceEvent[0m -> [core] [Channel #1 SubChannel #2]Subchannel created
[34m2026-04-17 10:35:26.752 -03 000a INFO[0m [grpc] [34;1mAddTraceEvent[0m -> [core] [Channel #1]Channel exiting idle mode
[34m2026-04-17 10:35:26.752 -03 000b INFO[0m [grpc] [34;1mAddTraceEvent[0m -> [core] [Channel #1 SubChannel #2]Subchannel Connectivity change to CONNECTING
[34m2026-04-17 10:35:26.752 -03 000c INFO[0m [grpc] [34;1mAddTraceEvent[0m -> [core] [Channel #1 SubChannel #2]Subchannel picks a new address "10.10.20.151:7051" to connect
[34m2026-04-17 10:35:26.754 -03 000d INFO[0m [grpc] [34;1mAddTraceEvent[0m -> [core] [Channel #1 SubChannel #2]Subchannel Connectivity change to READY
[34m2026-04-17 10:35:26.754 -03 000e INFO[0m [grpc] [34;1mInfof[0m -> [pick-first-leaf-lb] [pick-first-leaf-lb 0xc00041e510] SubConn 0xc0003e8f00 reported connectivity state READY and the health listener is disabled. Transitioning SubConn to READY.
[34m2026-04-17 10:35:26.754 -03 000f INFO[0m [grpc] [34;1mAddTraceEvent[0m -> [core] [Channel #1]Channel Connectivity change to READY
[34m2026-04-17 10:35:26.754 -03 0010 INFO[0m [grpc] [34;1mInfof[0m -> [core] original dial target is: "10.10.20.151:7051"
[34m2026-04-17 10:35:26.754 -03 0011 INFO[0m [grpc] [34;1mAddTraceEvent[0m -> [core] [Channel #4]Channel created
[34m2026-04-17 10:35:26.754 -03 0012 INFO[0m [grpc] [34;1mAddTraceEvent[0m -> [core] [Channel #4]parsed dial target is: resolver.Target{URL:url.URL{Scheme:"passthrough", Opaque:"", User:(*url.Userinfo)(nil), Host:"", Path:"/10.10.20.151:7051", RawPath:"", OmitHost:false, ForceQuery:false, RawQuery:"", Fragment:"", RawFragment:""}}
[34m2026-04-17 10:35:26.754 -03 0013 INFO[0m [grpc] [34;1mAddTraceEvent[0m -> [core] [Channel #4]Channel authority set to "10.10.20.151:7051"
[34m2026-04-17 10:35:26.754 -03 0014 INFO[0m [grpc] [34;1mAddTraceEvent[0m -> [core] [Channel #4]Resolver state updated: {
  "Addresses": [
    {
      "Addr": "10.10.20.151:7051",
      "ServerName": "",
      "Attributes": null,
      "BalancerAttributes": null,
      "Metadata": null
    }
  ],
  "Endpoints": [
    {
      "Addresses": [
        {
          "Addr": "10.10.20.151:7051",
          "ServerName": "",
          "Attributes": null,
          "BalancerAttributes": null,
          "Metadata": null
        }
      ],
      "Attributes": null
    }
  ],
  "ServiceConfig": null,
  "Attributes": null
} (resolver returned new addresses)
[34m2026-04-17 10:35:26.754 -03 0015 INFO[0m [grpc] [34;1mAddTraceEvent[0m -> [core] [Channel #4]Channel switches to new LB policy "pick_first"
[34m2026-04-17 10:35:26.754 -03 0016 INFO[0m [grpc] [34;1mInfof[0m -> [pick-first-leaf-lb] [pick-first-leaf-lb 0xc00041e900] Received new config {
  "shuffleAddressList": false
}, resolver state {
  "Addresses": [
    {
      "Addr": "10.10.20.151:7051",
      "ServerName": "",
      "Attributes": null,
      "BalancerAttributes": null,
      "Metadata": null
    }
  ],
  "Endpoints": [
    {
      "Addresses": [
        {
          "Addr": "10.10.20.151:7051",
          "ServerName": "",
          "Attributes": null,
          "BalancerAttributes": null,
          "Metadata": null
        }
      ],
      "Attributes": null
    }
  ],
  "ServiceConfig": null,
  "Attributes": null
}
[34m2026-04-17 10:35:26.754 -03 0017 INFO[0m [grpc] [34;1mAddTraceEvent[0m -> [core] [Channel #4]Channel Connectivity change to CONNECTING
[34m2026-04-17 10:35:26.754 -03 0018 INFO[0m [grpc] [34;1mAddTraceEvent[0m -> [core] [Channel #4 SubChannel #5]Subchannel created
[34m2026-04-17 10:35:26.755 -03 0019 INFO[0m [grpc] [34;1mAddTraceEvent[0m -> [core] [Channel #4]Channel exiting idle mode
[34m2026-04-17 10:35:26.755 -03 001a INFO[0m [grpc] [34;1mAddTraceEvent[0m -> [core] [Channel #4 SubChannel #5]Subchannel Connectivity change to CONNECTING
[34m2026-04-17 10:35:26.755 -03 001b INFO[0m [grpc] [34;1mAddTraceEvent[0m -> [core] [Channel #4 SubChannel #5]Subchannel picks a new address "10.10.20.151:7051" to connect
[34m2026-04-17 10:35:26.756 -03 001c INFO[0m [grpc] [34;1mAddTraceEvent[0m -> [core] [Channel #4 SubChannel #5]Subchannel Connectivity change to READY
[34m2026-04-17 10:35:26.756 -03 001d INFO[0m [grpc] [34;1mInfof[0m -> [pick-first-leaf-lb] [pick-first-leaf-lb 0xc00041e900] SubConn 0xc0003e9270 reported connectivity state READY and the health listener is disabled. Transitioning SubConn to READY.
[34m2026-04-17 10:35:26.756 -03 001e INFO[0m [grpc] [34;1mAddTraceEvent[0m -> [core] [Channel #4]Channel Connectivity change to READY
[34m2026-04-17 10:35:27.236 -03 001f INFO[0m [cli.lifecycle.chaincode] [34;1msubmitInstallProposal[0m -> Installed remotely: response:{status:200 payload:"\nPbasic_asset_1.0:25404d3b35f68e79b1157f81c2367daba675d4d9597e952bd9e45a7f86b11c39\x12\x0fbasic_asset_1.0"}
[34m2026-04-17 10:35:27.236 -03 0020 INFO[0m [cli.lifecycle.chaincode] [34;1msubmitInstallProposal[0m -> Chaincode code package identifier: basic_asset_1.0:25404d3b35f68e79b1157f81c2367daba675d4d9597e952bd9e45a7f86b11c39
[34m2026-04-17 10:35:27.289 -03 0001 INFO[0m [grpc] [34;1mInfof[0m -> [core] original dial target is: "10.10.20.151:8051"
[34m2026-04-17 10:35:27.289 -03 0002 INFO[0m [grpc] [34;1mAddTraceEvent[0m -> [core] [Channel #1]Channel created
[34m2026-04-17 10:35:27.289 -03 0003 INFO[0m [grpc] [34;1mAddTraceEvent[0m -> [core] [Channel #1]parsed dial target is: resolver.Target{URL:url.URL{Scheme:"passthrough", Opaque:"", User:(*url.Userinfo)(nil), Host:"", Path:"/10.10.20.151:8051", RawPath:"", OmitHost:false, ForceQuery:false, RawQuery:"", Fragment:"", RawFragment:""}}
[34m2026-04-17 10:35:27.289 -03 0004 INFO[0m [grpc] [34;1mAddTraceEvent[0m -> [core] [Channel #1]Channel authority set to "10.10.20.151:8051"
[34m2026-04-17 10:35:27.290 -03 0005 INFO[0m [grpc] [34;1mAddTraceEvent[0m -> [core] [Channel #1]Resolver state updated: {
  "Addresses": [
    {
      "Addr": "10.10.20.151:8051",
      "ServerName": "",
      "Attributes": null,
      "BalancerAttributes": null,
      "Metadata": null
    }
  ],
  "Endpoints": [
    {
      "Addresses": [
        {
          "Addr": "10.10.20.151:8051",
          "ServerName": "",
          "Attributes": null,
          "BalancerAttributes": null,
          "Metadata": null
        }
      ],
      "Attributes": null
    }
  ],
  "ServiceConfig": null,
  "Attributes": null
} (resolver returned new addresses)
[34m2026-04-17 10:35:27.290 -03 0006 INFO[0m [grpc] [34;1mAddTraceEvent[0m -> [core] [Channel #1]Channel switches to new LB policy "pick_first"
[34m2026-04-17 10:35:27.290 -03 0007 INFO[0m [grpc] [34;1mInfof[0m -> [pick-first-leaf-lb] [pick-first-leaf-lb 0xc0003e2360] Received new config {
  "shuffleAddressList": false
}, resolver state {
  "Addresses": [
    {
      "Addr": "10.10.20.151:8051",
      "ServerName": "",
      "Attributes": null,
      "BalancerAttributes": null,
      "Metadata": null
    }
  ],
  "Endpoints": [
    {
      "Addresses": [
        {
          "Addr": "10.10.20.151:8051",
          "ServerName": "",
          "Attributes": null,
          "BalancerAttributes": null,
          "Metadata": null
        }
      ],
      "Attributes": null
    }
  ],
  "ServiceConfig": null,
  "Attributes": null
}
[34m2026-04-17 10:35:27.290 -03 0008 INFO[0m [grpc] [34;1mAddTraceEvent[0m -> [core] [Channel #1]Channel Connectivity change to CONNECTING
[34m2026-04-17 10:35:27.290 -03 0009 INFO[0m [grpc] [34;1mAddTraceEvent[0m -> [core] [Channel #1 SubChannel #2]Subchannel created
[34m2026-04-17 10:35:27.290 -03 000a INFO[0m [grpc] [34;1mAddTraceEvent[0m -> [core] [Channel #1]Channel exiting idle mode
[34m2026-04-17 10:35:27.290 -03 000b INFO[0m [grpc] [34;1mAddTraceEvent[0m -> [core] [Channel #1 SubChannel #2]Subchannel Connectivity change to CONNECTING
[34m2026-04-17 10:35:27.290 -03 000c INFO[0m [grpc] [34;1mAddTraceEvent[0m -> [core] [Channel #1 SubChannel #2]Subchannel picks a new address "10.10.20.151:8051" to connect
[34m2026-04-17 10:35:27.292 -03 000d INFO[0m [grpc] [34;1mAddTraceEvent[0m -> [core] [Channel #1 SubChannel #2]Subchannel Connectivity change to READY
[34m2026-04-17 10:35:27.292 -03 000e INFO[0m [grpc] [34;1mInfof[0m -> [pick-first-leaf-lb] [pick-first-leaf-lb 0xc0003e2360] SubConn 0xc00037e5a0 reported connectivity state READY and the health listener is disabled. Transitioning SubConn to READY.
[34m2026-04-17 10:35:27.292 -03 000f INFO[0m [grpc] [34;1mAddTraceEvent[0m -> [core] [Channel #1]Channel Connectivity change to READY
[34m2026-04-17 10:35:27.293 -03 0010 INFO[0m [grpc] [34;1mInfof[0m -> [core] original dial target is: "10.10.20.151:8051"
[34m2026-04-17 10:35:27.293 -03 0011 INFO[0m [grpc] [34;1mAddTraceEvent[0m -> [core] [Channel #4]Channel created
[34m2026-04-17 10:35:27.293 -03 0012 INFO[0m [grpc] [34;1mAddTraceEvent[0m -> [core] [Channel #4]parsed dial target is: resolver.Target{URL:url.URL{Scheme:"passthrough", Opaque:"", User:(*url.Userinfo)(nil), Host:"", Path:"/10.10.20.151:8051", RawPath:"", OmitHost:false, ForceQuery:false, RawQuery:"", Fragment:"", RawFragment:""}}
[34m2026-04-17 10:35:27.293 -03 0013 INFO[0m [grpc] [34;1mAddTraceEvent[0m -> [core] [Channel #4]Channel authority set to "10.10.20.151:8051"
[34m2026-04-17 10:35:27.293 -03 0014 INFO[0m [grpc] [34;1mAddTraceEvent[0m -> [core] [Channel #4]Resolver state updated: {
  "Addresses": [
    {
      "Addr": "10.10.20.151:8051",
      "ServerName": "",
      "Attributes": null,
      "BalancerAttributes": null,
      "Metadata": null
    }
  ],
  "Endpoints": [
    {
      "Addresses": [
        {
          "Addr": "10.10.20.151:8051",
          "ServerName": "",
          "Attributes": null,
          "BalancerAttributes": null,
          "Metadata": null
        }
      ],
      "Attributes": null
    }
  ],
  "ServiceConfig": null,
  "Attributes": null
} (resolver returned new addresses)
[34m2026-04-17 10:35:27.293 -03 0015 INFO[0m [grpc] [34;1mAddTraceEvent[0m -> [core] [Channel #4]Channel switches to new LB policy "pick_first"
[34m2026-04-17 10:35:27.294 -03 0016 INFO[0m [grpc] [34;1mInfof[0m -> [pick-first-leaf-lb] [pick-first-leaf-lb 0xc000298750] Received new config {
  "shuffleAddressList": false
}, resolver state {
  "Addresses": [
    {
      "Addr": "10.10.20.151:8051",
      "ServerName": "",
      "Attributes": null,
      "BalancerAttributes": null,
      "Metadata": null
    }
  ],
  "Endpoints": [
    {
      "Addresses": [
        {
          "Addr": "10.10.20.151:8051",
          "ServerName": "",
          "Attributes": null,
          "BalancerAttributes": null,
          "Metadata": null
        }
      ],
      "Attributes": null
    }
  ],
  "ServiceConfig": null,
  "Attributes": null
}
[34m2026-04-17 10:35:27.294 -03 0017 INFO[0m [grpc] [34;1mAddTraceEvent[0m -> [core] [Channel #4]Channel Connectivity change to CONNECTING
[34m2026-04-17 10:35:27.294 -03 0018 INFO[0m [grpc] [34;1mAddTraceEvent[0m -> [core] [Channel #4 SubChannel #5]Subchannel created
[34m2026-04-17 10:35:27.294 -03 0019 INFO[0m [grpc] [34;1mAddTraceEvent[0m -> [core] [Channel #4]Channel exiting idle mode
[34m2026-04-17 10:35:27.294 -03 001a INFO[0m [grpc] [34;1mAddTraceEvent[0m -> [core] [Channel #4 SubChannel #5]Subchannel Connectivity change to CONNECTING
[34m2026-04-17 10:35:27.294 -03 001b INFO[0m [grpc] [34;1mAddTraceEvent[0m -> [core] [Channel #4 SubChannel #5]Subchannel picks a new address "10.10.20.151:8051" to connect
[34m2026-04-17 10:35:27.296 -03 001c INFO[0m [grpc] [34;1mAddTraceEvent[0m -> [core] [Channel #4 SubChannel #5]Subchannel Connectivity change to READY
[34m2026-04-17 10:35:27.296 -03 001d INFO[0m [grpc] [34;1mInfof[0m -> [pick-first-leaf-lb] [pick-first-leaf-lb 0xc000298750] SubConn 0xc00003f2c0 reported connectivity state READY and the health listener is disabled. Transitioning SubConn to READY.
[34m2026-04-17 10:35:27.296 -03 001e INFO[0m [grpc] [34;1mAddTraceEvent[0m -> [core] [Channel #4]Channel Connectivity change to READY
[34m2026-04-17 10:35:27.310 -03 001f INFO[0m [cli.lifecycle.chaincode] [34;1msubmitInstallProposal[0m -> Installed remotely: response:{status:200 payload:"\nPbasic_asset_1.0:25404d3b35f68e79b1157f81c2367daba675d4d9597e952bd9e45a7f86b11c39\x12\x0fbasic_asset_1.0"}
[34m2026-04-17 10:35:27.310 -03 0020 INFO[0m [cli.lifecycle.chaincode] [34;1msubmitInstallProposal[0m -> Chaincode code package identifier: basic_asset_1.0:25404d3b35f68e79b1157f81c2367daba675d4d9597e952bd9e45a7f86b11c39
[34m2026-04-17 10:35:27.363 -03 0001 INFO[0m [grpc] [34;1mInfof[0m -> [core] original dial target is: "10.10.20.151:9051"
[34m2026-04-17 10:35:27.363 -03 0002 INFO[0m [grpc] [34;1mAddTraceEvent[0m -> [core] [Channel #1]Channel created
[34m2026-04-17 10:35:27.363 -03 0003 INFO[0m [grpc] [34;1mAddTraceEvent[0m -> [core] [Channel #1]parsed dial target is: resolver.Target{URL:url.URL{Scheme:"passthrough", Opaque:"", User:(*url.Userinfo)(nil), Host:"", Path:"/10.10.20.151:9051", RawPath:"", OmitHost:false, ForceQuery:false, RawQuery:"", Fragment:"", RawFragment:""}}
[34m2026-04-17 10:35:27.363 -03 0004 INFO[0m [grpc] [34;1mAddTraceEvent[0m -> [core] [Channel #1]Channel authority set to "10.10.20.151:9051"
[34m2026-04-17 10:35:27.363 -03 0005 INFO[0m [grpc] [34;1mAddTraceEvent[0m -> [core] [Channel #1]Resolver state updated: {
  "Addresses": [
    {
      "Addr": "10.10.20.151:9051",
      "ServerName": "",
      "Attributes": null,
      "BalancerAttributes": null,
      "Metadata": null
    }
  ],
  "Endpoints": [
    {
      "Addresses": [
        {
          "Addr": "10.10.20.151:9051",
          "ServerName": "",
          "Attributes": null,
          "BalancerAttributes": null,
          "Metadata": null
        }
      ],
      "Attributes": null
    }
  ],
  "ServiceConfig": null,
  "Attributes": null
} (resolver returned new addresses)
[34m2026-04-17 10:35:27.363 -03 0006 INFO[0m [grpc] [34;1mAddTraceEvent[0m -> [core] [Channel #1]Channel switches to new LB policy "pick_first"
[34m2026-04-17 10:35:27.363 -03 0007 INFO[0m [grpc] [34;1mInfof[0m -> [pick-first-leaf-lb] [pick-first-leaf-lb 0xc0002634d0] Received new config {
  "shuffleAddressList": false
}, resolver state {
  "Addresses": [
    {
      "Addr": "10.10.20.151:9051",
      "ServerName": "",
      "Attributes": null,
      "BalancerAttributes": null,
      "Metadata": null
    }
  ],
  "Endpoints": [
    {
      "Addresses": [
        {
          "Addr": "10.10.20.151:9051",
          "ServerName": "",
          "Attributes": null,
          "BalancerAttributes": null,
          "Metadata": null
        }
      ],
      "Attributes": null
    }
  ],
  "ServiceConfig": null,
  "Attributes": null
}
[34m2026-04-17 10:35:27.363 -03 0008 INFO[0m [grpc] [34;1mAddTraceEvent[0m -> [core] [Channel #1]Channel Connectivity change to CONNECTING
[34m2026-04-17 10:35:27.363 -03 0009 INFO[0m [grpc] [34;1mAddTraceEvent[0m -> [core] [Channel #1 SubChannel #2]Subchannel created
[34m2026-04-17 10:35:27.363 -03 000a INFO[0m [grpc] [34;1mAddTraceEvent[0m -> [core] [Channel #1]Channel exiting idle mode
[34m2026-04-17 10:35:27.363 -03 000b INFO[0m [grpc] [34;1mAddTraceEvent[0m -> [core] [Channel #1 SubChannel #2]Subchannel Connectivity change to CONNECTING
[34m2026-04-17 10:35:27.363 -03 000c INFO[0m [grpc] [34;1mAddTraceEvent[0m -> [core] [Channel #1 SubChannel #2]Subchannel picks a new address "10.10.20.151:9051" to connect
[34m2026-04-17 10:35:27.365 -03 000d INFO[0m [grpc] [34;1mAddTraceEvent[0m -> [core] [Channel #1 SubChannel #2]Subchannel Connectivity change to READY
[34m2026-04-17 10:35:27.365 -03 000e INFO[0m [grpc] [34;1mInfof[0m -> [pick-first-leaf-lb] [pick-first-leaf-lb 0xc0002634d0] SubConn 0xc000508b90 reported connectivity state READY and the health listener is disabled. Transitioning SubConn to READY.
[34m2026-04-17 10:35:27.365 -03 000f INFO[0m [grpc] [34;1mAddTraceEvent[0m -> [core] [Channel #1]Channel Connectivity change to READY
[34m2026-04-17 10:35:27.366 -03 0010 INFO[0m [grpc] [34;1mInfof[0m -> [core] original dial target is: "10.10.20.151:9051"
[34m2026-04-17 10:35:27.366 -03 0011 INFO[0m [grpc] [34;1mAddTraceEvent[0m -> [core] [Channel #4]Channel created
[34m2026-04-17 10:35:27.366 -03 0012 INFO[0m [grpc] [34;1mAddTraceEvent[0m -> [core] [Channel #4]parsed dial target is: resolver.Target{URL:url.URL{Scheme:"passthrough", Opaque:"", User:(*url.Userinfo)(nil), Host:"", Path:"/10.10.20.151:9051", RawPath:"", OmitHost:false, ForceQuery:false, RawQuery:"", Fragment:"", RawFragment:""}}
[34m2026-04-17 10:35:27.366 -03 0013 INFO[0m [grpc] [34;1mAddTraceEvent[0m -> [core] [Channel #4]Channel authority set to "10.10.20.151:9051"
[34m2026-04-17 10:35:27.366 -03 0014 INFO[0m [grpc] [34;1mAddTraceEvent[0m -> [core] [Channel #4]Resolver state updated: {
  "Addresses": [
    {
      "Addr": "10.10.20.151:9051",
      "ServerName": "",
      "Attributes": null,
      "BalancerAttributes": null,
      "Metadata": null
    }
  ],
  "Endpoints": [
    {
      "Addresses": [
        {
          "Addr": "10.10.20.151:9051",
          "ServerName": "",
          "Attributes": null,
          "BalancerAttributes": null,
          "Metadata": null
        }
      ],
      "Attributes": null
    }
  ],
  "ServiceConfig": null,
  "Attributes": null
} (resolver returned new addresses)
[34m2026-04-17 10:35:27.366 -03 0015 INFO[0m [grpc] [34;1mAddTraceEvent[0m -> [core] [Channel #4]Channel switches to new LB policy "pick_first"
[34m2026-04-17 10:35:27.366 -03 0016 INFO[0m [grpc] [34;1mInfof[0m -> [pick-first-leaf-lb] [pick-first-leaf-lb 0xc0003381b0] Received new config {
  "shuffleAddressList": false
}, resolver state {
  "Addresses": [
    {
      "Addr": "10.10.20.151:9051",
      "ServerName": "",
      "Attributes": null,
      "BalancerAttributes": null,
      "Metadata": null
    }
  ],
  "Endpoints": [
    {
      "Addresses": [
        {
          "Addr": "10.10.20.151:9051",
          "ServerName": "",
          "Attributes": null,
          "BalancerAttributes": null,
          "Metadata": null
        }
      ],
      "Attributes": null
    }
  ],
  "ServiceConfig": null,
  "Attributes": null
}
[34m2026-04-17 10:35:27.366 -03 0017 INFO[0m [grpc] [34;1mAddTraceEvent[0m -> [core] [Channel #4]Channel Connectivity change to CONNECTING
[34m2026-04-17 10:35:27.366 -03 0018 INFO[0m [grpc] [34;1mAddTraceEvent[0m -> [core] [Channel #4 SubChannel #5]Subchannel created
[34m2026-04-17 10:35:27.366 -03 0019 INFO[0m [grpc] [34;1mAddTraceEvent[0m -> [core] [Channel #4]Channel exiting idle mode
[34m2026-04-17 10:35:27.366 -03 001a INFO[0m [grpc] [34;1mAddTraceEvent[0m -> [core] [Channel #4 SubChannel #5]Subchannel Connectivity change to CONNECTING
[34m2026-04-17 10:35:27.366 -03 001b INFO[0m [grpc] [34;1mAddTraceEvent[0m -> [core] [Channel #4 SubChannel #5]Subchannel picks a new address "10.10.20.151:9051" to connect
[34m2026-04-17 10:35:27.368 -03 001c INFO[0m [grpc] [34;1mAddTraceEvent[0m -> [core] [Channel #4 SubChannel #5]Subchannel Connectivity change to READY
[34m2026-04-17 10:35:27.368 -03 001d INFO[0m [grpc] [34;1mInfof[0m -> [pick-first-leaf-lb] [pick-first-leaf-lb 0xc0003381b0] SubConn 0xc000308410 reported connectivity state READY and the health listener is disabled. Transitioning SubConn to READY.
[34m2026-04-17 10:35:27.368 -03 001e INFO[0m [grpc] [34;1mAddTraceEvent[0m -> [core] [Channel #4]Channel Connectivity change to READY
[34m2026-04-17 10:35:27.384 -03 001f INFO[0m [cli.lifecycle.chaincode] [34;1msubmitInstallProposal[0m -> Installed remotely: response:{status:200 payload:"\nPbasic_asset_1.0:25404d3b35f68e79b1157f81c2367daba675d4d9597e952bd9e45a7f86b11c39\x12\x0fbasic_asset_1.0"}
[34m2026-04-17 10:35:27.384 -03 0020 INFO[0m [cli.lifecycle.chaincode] [34;1msubmitInstallProposal[0m -> Chaincode code package identifier: basic_asset_1.0:25404d3b35f68e79b1157f81c2367daba675d4d9597e952bd9e45a7f86b11c39
[34m2026-04-17 10:35:27.429 -03 0001 INFO[0m [grpc] [34;1mInfof[0m -> [core] original dial target is: "10.10.20.151:10051"
[34m2026-04-17 10:35:27.429 -03 0002 INFO[0m [grpc] [34;1mAddTraceEvent[0m -> [core] [Channel #1]Channel created
[34m2026-04-17 10:35:27.429 -03 0003 INFO[0m [grpc] [34;1mAddTraceEvent[0m -> [core] [Channel #1]parsed dial target is: resolver.Target{URL:url.URL{Scheme:"passthrough", Opaque:"", User:(*url.Userinfo)(nil), Host:"", Path:"/10.10.20.151:10051", RawPath:"", OmitHost:false, ForceQuery:false, RawQuery:"", Fragment:"", RawFragment:""}}
[34m2026-04-17 10:35:27.429 -03 0004 INFO[0m [grpc] [34;1mAddTraceEvent[0m -> [core] [Channel #1]Channel authority set to "10.10.20.151:10051"
[34m2026-04-17 10:35:27.429 -03 0005 INFO[0m [grpc] [34;1mAddTraceEvent[0m -> [core] [Channel #1]Resolver state updated: {
  "Addresses": [
    {
      "Addr": "10.10.20.151:10051",
      "ServerName": "",
      "Attributes": null,
      "BalancerAttributes": null,
      "Metadata": null
    }
  ],
  "Endpoints": [
    {
      "Addresses": [
        {
          "Addr": "10.10.20.151:10051",
          "ServerName": "",
          "Attributes": null,
          "BalancerAttributes": null,
          "Metadata": null
        }
      ],
      "Attributes": null
    }
  ],
  "ServiceConfig": null,
  "Attributes": null
} (resolver returned new addresses)
[34m2026-04-17 10:35:27.429 -03 0006 INFO[0m [grpc] [34;1mAddTraceEvent[0m -> [core] [Channel #1]Channel switches to new LB policy "pick_first"
[34m2026-04-17 10:35:27.429 -03 0007 INFO[0m [grpc] [34;1mInfof[0m -> [pick-first-leaf-lb] [pick-first-leaf-lb 0xc000630120] Received new config {
  "shuffleAddressList": false
}, resolver state {
  "Addresses": [
    {
      "Addr": "10.10.20.151:10051",
      "ServerName": "",
      "Attributes": null,
      "BalancerAttributes": null,
      "Metadata": null
    }
  ],
  "Endpoints": [
    {
      "Addresses": [
        {
          "Addr": "10.10.20.151:10051",
          "ServerName": "",
          "Attributes": null,
          "BalancerAttributes": null,
          "Metadata": null
        }
      ],
      "Attributes": null
    }
  ],
  "ServiceConfig": null,
  "Attributes": null
}
[34m2026-04-17 10:35:27.429 -03 0008 INFO[0m [grpc] [34;1mAddTraceEvent[0m -> [core] [Channel #1]Channel Connectivity change to CONNECTING
[34m2026-04-17 10:35:27.429 -03 0009 INFO[0m [grpc] [34;1mAddTraceEvent[0m -> [core] [Channel #1 SubChannel #2]Subchannel created
[34m2026-04-17 10:35:27.429 -03 000a INFO[0m [grpc] [34;1mAddTraceEvent[0m -> [core] [Channel #1]Channel exiting idle mode
[34m2026-04-17 10:35:27.429 -03 000b INFO[0m [grpc] [34;1mAddTraceEvent[0m -> [core] [Channel #1 SubChannel #2]Subchannel Connectivity change to CONNECTING
[34m2026-04-17 10:35:27.429 -03 000c INFO[0m [grpc] [34;1mAddTraceEvent[0m -> [core] [Channel #1 SubChannel #2]Subchannel picks a new address "10.10.20.151:10051" to connect
[34m2026-04-17 10:35:27.430 -03 000d INFO[0m [grpc] [34;1mAddTraceEvent[0m -> [core] [Channel #1 SubChannel #2]Subchannel Connectivity change to READY
[34m2026-04-17 10:35:27.430 -03 000e INFO[0m [grpc] [34;1mInfof[0m -> [pick-first-leaf-lb] [pick-first-leaf-lb 0xc000630120] SubConn 0xc0003dde00 reported connectivity state READY and the health listener is disabled. Transitioning SubConn to READY.
[34m2026-04-17 10:35:27.430 -03 000f INFO[0m [grpc] [34;1mAddTraceEvent[0m -> [core] [Channel #1]Channel Connectivity change to READY
[34m2026-04-17 10:35:27.431 -03 0010 INFO[0m [grpc] [34;1mInfof[0m -> [core] original dial target is: "10.10.20.151:10051"
[34m2026-04-17 10:35:27.431 -03 0011 INFO[0m [grpc] [34;1mAddTraceEvent[0m -> [core] [Channel #4]Channel created
[34m2026-04-17 10:35:27.431 -03 0012 INFO[0m [grpc] [34;1mAddTraceEvent[0m -> [core] [Channel #4]parsed dial target is: resolver.Target{URL:url.URL{Scheme:"passthrough", Opaque:"", User:(*url.Userinfo)(nil), Host:"", Path:"/10.10.20.151:10051", RawPath:"", OmitHost:false, ForceQuery:false, RawQuery:"", Fragment:"", RawFragment:""}}
[34m2026-04-17 10:35:27.431 -03 0013 INFO[0m [grpc] [34;1mAddTraceEvent[0m -> [core] [Channel #4]Channel authority set to "10.10.20.151:10051"
[34m2026-04-17 10:35:27.431 -03 0014 INFO[0m [grpc] [34;1mAddTraceEvent[0m -> [core] [Channel #4]Resolver state updated: {
  "Addresses": [
    {
      "Addr": "10.10.20.151:10051",
      "ServerName": "",
      "Attributes": null,
      "BalancerAttributes": null,
      "Metadata": null
    }
  ],
  "Endpoints": [
    {
      "Addresses": [
        {
          "Addr": "10.10.20.151:10051",
          "ServerName": "",
          "Attributes": null,
          "BalancerAttributes": null,
          "Metadata": null
        }
      ],
      "Attributes": null
    }
  ],
  "ServiceConfig": null,
  "Attributes": null
} (resolver returned new addresses)
[34m2026-04-17 10:35:27.431 -03 0015 INFO[0m [grpc] [34;1mAddTraceEvent[0m -> [core] [Channel #4]Channel switches to new LB policy "pick_first"
[34m2026-04-17 10:35:27.431 -03 0016 INFO[0m [grpc] [34;1mInfof[0m -> [pick-first-leaf-lb] [pick-first-leaf-lb 0xc0002966c0] Received new config {
  "shuffleAddressList": false
}, resolver state {
  "Addresses": [
    {
      "Addr": "10.10.20.151:10051",
      "ServerName": "",
      "Attributes": null,
      "BalancerAttributes": null,
      "Metadata": null
    }
  ],
  "Endpoints": [
    {
      "Addresses": [
        {
          "Addr": "10.10.20.151:10051",
          "ServerName": "",
          "Attributes": null,
          "BalancerAttributes": null,
          "Metadata": null
        }
      ],
      "Attributes": null
    }
  ],
  "ServiceConfig": null,
  "Attributes": null
}
[34m2026-04-17 10:35:27.431 -03 0017 INFO[0m [grpc] [34;1mAddTraceEvent[0m -> [core] [Channel #4]Channel Connectivity change to CONNECTING
[34m2026-04-17 10:35:27.431 -03 0018 INFO[0m [grpc] [34;1mAddTraceEvent[0m -> [core] [Channel #4 SubChannel #5]Subchannel created
[34m2026-04-17 10:35:27.431 -03 0019 INFO[0m [grpc] [34;1mAddTraceEvent[0m -> [core] [Channel #4]Channel exiting idle mode
[34m2026-04-17 10:35:27.431 -03 001a INFO[0m [grpc] [34;1mAddTraceEvent[0m -> [core] [Channel #4 SubChannel #5]Subchannel Connectivity change to CONNECTING
[34m2026-04-17 10:35:27.431 -03 001b INFO[0m [grpc] [34;1mAddTraceEvent[0m -> [core] [Channel #4 SubChannel #5]Subchannel picks a new address "10.10.20.151:10051" to connect
[34m2026-04-17 10:35:27.432 -03 001c INFO[0m [grpc] [34;1mAddTraceEvent[0m -> [core] [Channel #4 SubChannel #5]Subchannel Connectivity change to READY
[34m2026-04-17 10:35:27.432 -03 001d INFO[0m [grpc] [34;1mInfof[0m -> [pick-first-leaf-lb] [pick-first-leaf-lb 0xc0002966c0] SubConn 0xc00003eb90 reported connectivity state READY and the health listener is disabled. Transitioning SubConn to READY.
[34m2026-04-17 10:35:27.432 -03 001e INFO[0m [grpc] [34;1mAddTraceEvent[0m -> [core] [Channel #4]Channel Connectivity change to READY
[34m2026-04-17 10:35:27.440 -03 001f INFO[0m [cli.lifecycle.chaincode] [34;1msubmitInstallProposal[0m -> Installed remotely: response:{status:200 payload:"\nPbasic_asset_1.0:25404d3b35f68e79b1157f81c2367daba675d4d9597e952bd9e45a7f86b11c39\x12\x0fbasic_asset_1.0"}
[34m2026-04-17 10:35:27.440 -03 0020 INFO[0m [cli.lifecycle.chaincode] [34;1msubmitInstallProposal[0m -> Chaincode code package identifier: basic_asset_1.0:25404d3b35f68e79b1157f81c2367daba675d4d9597e952bd9e45a7f86b11c39
[34m2026-04-17 10:35:27.490 -03 0001 INFO[0m [grpc] [34;1mInfof[0m -> [core] original dial target is: "10.10.20.152:11051"
[34m2026-04-17 10:35:27.490 -03 0002 INFO[0m [grpc] [34;1mAddTraceEvent[0m -> [core] [Channel #1]Channel created
[34m2026-04-17 10:35:27.490 -03 0003 INFO[0m [grpc] [34;1mAddTraceEvent[0m -> [core] [Channel #1]parsed dial target is: resolver.Target{URL:url.URL{Scheme:"passthrough", Opaque:"", User:(*url.Userinfo)(nil), Host:"", Path:"/10.10.20.152:11051", RawPath:"", OmitHost:false, ForceQuery:false, RawQuery:"", Fragment:"", RawFragment:""}}
[34m2026-04-17 10:35:27.490 -03 0004 INFO[0m [grpc] [34;1mAddTraceEvent[0m -> [core] [Channel #1]Channel authority set to "10.10.20.152:11051"
[34m2026-04-17 10:35:27.490 -03 0005 INFO[0m [grpc] [34;1mAddTraceEvent[0m -> [core] [Channel #1]Resolver state updated: {
  "Addresses": [
    {
      "Addr": "10.10.20.152:11051",
      "ServerName": "",
      "Attributes": null,
      "BalancerAttributes": null,
      "Metadata": null
    }
  ],
  "Endpoints": [
    {
      "Addresses": [
        {
          "Addr": "10.10.20.152:11051",
          "ServerName": "",
          "Attributes": null,
          "BalancerAttributes": null,
          "Metadata": null
        }
      ],
      "Attributes": null
    }
  ],
  "ServiceConfig": null,
  "Attributes": null
} (resolver returned new addresses)
[34m2026-04-17 10:35:27.490 -03 0006 INFO[0m [grpc] [34;1mAddTraceEvent[0m -> [core] [Channel #1]Channel switches to new LB policy "pick_first"
[34m2026-04-17 10:35:27.490 -03 0007 INFO[0m [grpc] [34;1mInfof[0m -> [pick-first-leaf-lb] [pick-first-leaf-lb 0xc00026e240] Received new config {
  "shuffleAddressList": false
}, resolver state {
  "Addresses": [
    {
      "Addr": "10.10.20.152:11051",
      "ServerName": "",
      "Attributes": null,
      "BalancerAttributes": null,
      "Metadata": null
    }
  ],
  "Endpoints": [
    {
      "Addresses": [
        {
          "Addr": "10.10.20.152:11051",
          "ServerName": "",
          "Attributes": null,
          "BalancerAttributes": null,
          "Metadata": null
        }
      ],
      "Attributes": null
    }
  ],
  "ServiceConfig": null,
  "Attributes": null
}
[34m2026-04-17 10:35:27.490 -03 0008 INFO[0m [grpc] [34;1mAddTraceEvent[0m -> [core] [Channel #1]Channel Connectivity change to CONNECTING
[34m2026-04-17 10:35:27.490 -03 0009 INFO[0m [grpc] [34;1mAddTraceEvent[0m -> [core] [Channel #1 SubChannel #2]Subchannel created
[34m2026-04-17 10:35:27.490 -03 000a INFO[0m [grpc] [34;1mAddTraceEvent[0m -> [core] [Channel #1]Channel exiting idle mode
[34m2026-04-17 10:35:27.490 -03 000b INFO[0m [grpc] [34;1mAddTraceEvent[0m -> [core] [Channel #1 SubChannel #2]Subchannel Connectivity change to CONNECTING
[34m2026-04-17 10:35:27.490 -03 000c INFO[0m [grpc] [34;1mAddTraceEvent[0m -> [core] [Channel #1 SubChannel #2]Subchannel picks a new address "10.10.20.152:11051" to connect
[34m2026-04-17 10:35:27.492 -03 000d INFO[0m [grpc] [34;1mAddTraceEvent[0m -> [core] [Channel #1 SubChannel #2]Subchannel Connectivity change to READY
[34m2026-04-17 10:35:27.492 -03 000e INFO[0m [grpc] [34;1mInfof[0m -> [pick-first-leaf-lb] [pick-first-leaf-lb 0xc00026e240] SubConn 0xc00003e550 reported connectivity state READY and the health listener is disabled. Transitioning SubConn to READY.
[34m2026-04-17 10:35:27.492 -03 000f INFO[0m [grpc] [34;1mAddTraceEvent[0m -> [core] [Channel #1]Channel Connectivity change to READY
[34m2026-04-17 10:35:27.493 -03 0010 INFO[0m [grpc] [34;1mInfof[0m -> [core] original dial target is: "10.10.20.152:11051"
[34m2026-04-17 10:35:27.493 -03 0011 INFO[0m [grpc] [34;1mAddTraceEvent[0m -> [core] [Channel #4]Channel created
[34m2026-04-17 10:35:27.493 -03 0012 INFO[0m [grpc] [34;1mAddTraceEvent[0m -> [core] [Channel #4]parsed dial target is: resolver.Target{URL:url.URL{Scheme:"passthrough", Opaque:"", User:(*url.Userinfo)(nil), Host:"", Path:"/10.10.20.152:11051", RawPath:"", OmitHost:false, ForceQuery:false, RawQuery:"", Fragment:"", RawFragment:""}}
[34m2026-04-17 10:35:27.493 -03 0013 INFO[0m [grpc] [34;1mAddTraceEvent[0m -> [core] [Channel #4]Channel authority set to "10.10.20.152:11051"
[34m2026-04-17 10:35:27.493 -03 0014 INFO[0m [grpc] [34;1mAddTraceEvent[0m -> [core] [Channel #4]Resolver state updated: {
  "Addresses": [
    {
      "Addr": "10.10.20.152:11051",
      "ServerName": "",
      "Attributes": null,
      "BalancerAttributes": null,
      "Metadata": null
    }
  ],
  "Endpoints": [
    {
      "Addresses": [
        {
          "Addr": "10.10.20.152:11051",
          "ServerName": "",
          "Attributes": null,
          "BalancerAttributes": null,
          "Metadata": null
        }
      ],
      "Attributes": null
    }
  ],
  "ServiceConfig": null,
  "Attributes": null
} (resolver returned new addresses)
[34m2026-04-17 10:35:27.493 -03 0015 INFO[0m [grpc] [34;1mAddTraceEvent[0m -> [core] [Channel #4]Channel switches to new LB policy "pick_first"
[34m2026-04-17 10:35:27.493 -03 0016 INFO[0m [grpc] [34;1mInfof[0m -> [pick-first-leaf-lb] [pick-first-leaf-lb 0xc00033c1b0] Received new config {
  "shuffleAddressList": false
}, resolver state {
  "Addresses": [
    {
      "Addr": "10.10.20.152:11051",
      "ServerName": "",
      "Attributes": null,
      "BalancerAttributes": null,
      "Metadata": null
    }
  ],
  "Endpoints": [
    {
      "Addresses": [
        {
          "Addr": "10.10.20.152:11051",
          "ServerName": "",
          "Attributes": null,
          "BalancerAttributes": null,
          "Metadata": null
        }
      ],
      "Attributes": null
    }
  ],
  "ServiceConfig": null,
  "Attributes": null
}
[34m2026-04-17 10:35:27.493 -03 0017 INFO[0m [grpc] [34;1mAddTraceEvent[0m -> [core] [Channel #4]Channel Connectivity change to CONNECTING
[34m2026-04-17 10:35:27.493 -03 0018 INFO[0m [grpc] [34;1mAddTraceEvent[0m -> [core] [Channel #4 SubChannel #5]Subchannel created
[34m2026-04-17 10:35:27.493 -03 0019 INFO[0m [grpc] [34;1mAddTraceEvent[0m -> [core] [Channel #4]Channel exiting idle mode
[34m2026-04-17 10:35:27.493 -03 001a INFO[0m [grpc] [34;1mAddTraceEvent[0m -> [core] [Channel #4 SubChannel #5]Subchannel Connectivity change to CONNECTING
[34m2026-04-17 10:35:27.493 -03 001b INFO[0m [grpc] [34;1mAddTraceEvent[0m -> [core] [Channel #4 SubChannel #5]Subchannel picks a new address "10.10.20.152:11051" to connect
[34m2026-04-17 10:35:27.494 -03 001c INFO[0m [grpc] [34;1mAddTraceEvent[0m -> [core] [Channel #4 SubChannel #5]Subchannel Connectivity change to READY
[34m2026-04-17 10:35:27.494 -03 001d INFO[0m [grpc] [34;1mInfof[0m -> [pick-first-leaf-lb] [pick-first-leaf-lb 0xc00033c1b0] SubConn 0xc000130500 reported connectivity state READY and the health listener is disabled. Transitioning SubConn to READY.
[34m2026-04-17 10:35:27.494 -03 001e INFO[0m [grpc] [34;1mAddTraceEvent[0m -> [core] [Channel #4]Channel Connectivity change to READY
[34m2026-04-17 10:35:27.587 -03 001f INFO[0m [cli.lifecycle.chaincode] [34;1msubmitInstallProposal[0m -> Installed remotely: response:{status:200 payload:"\nPbasic_asset_1.0:25404d3b35f68e79b1157f81c2367daba675d4d9597e952bd9e45a7f86b11c39\x12\x0fbasic_asset_1.0"}
[34m2026-04-17 10:35:27.587 -03 0020 INFO[0m [cli.lifecycle.chaincode] [34;1msubmitInstallProposal[0m -> Chaincode code package identifier: basic_asset_1.0:25404d3b35f68e79b1157f81c2367daba675d4d9597e952bd9e45a7f86b11c39
[34m2026-04-17 10:35:27.631 -03 0001 INFO[0m [grpc] [34;1mInfof[0m -> [core] original dial target is: "10.10.20.152:12051"
[34m2026-04-17 10:35:27.631 -03 0002 INFO[0m [grpc] [34;1mAddTraceEvent[0m -> [core] [Channel #1]Channel created
[34m2026-04-17 10:35:27.631 -03 0003 INFO[0m [grpc] [34;1mAddTraceEvent[0m -> [core] [Channel #1]parsed dial target is: resolver.Target{URL:url.URL{Scheme:"passthrough", Opaque:"", User:(*url.Userinfo)(nil), Host:"", Path:"/10.10.20.152:12051", RawPath:"", OmitHost:false, ForceQuery:false, RawQuery:"", Fragment:"", RawFragment:""}}
[34m2026-04-17 10:35:27.631 -03 0004 INFO[0m [grpc] [34;1mAddTraceEvent[0m -> [core] [Channel #1]Channel authority set to "10.10.20.152:12051"
[34m2026-04-17 10:35:27.631 -03 0005 INFO[0m [grpc] [34;1mAddTraceEvent[0m -> [core] [Channel #1]Resolver state updated: {
  "Addresses": [
    {
      "Addr": "10.10.20.152:12051",
      "ServerName": "",
      "Attributes": null,
      "BalancerAttributes": null,
      "Metadata": null
    }
  ],
  "Endpoints": [
    {
      "Addresses": [
        {
          "Addr": "10.10.20.152:12051",
          "ServerName": "",
          "Attributes": null,
          "BalancerAttributes": null,
          "Metadata": null
        }
      ],
      "Attributes": null
    }
  ],
  "ServiceConfig": null,
  "Attributes": null
} (resolver returned new addresses)
[34m2026-04-17 10:35:27.631 -03 0006 INFO[0m [grpc] [34;1mAddTraceEvent[0m -> [core] [Channel #1]Channel switches to new LB policy "pick_first"
[34m2026-04-17 10:35:27.631 -03 0007 INFO[0m [grpc] [34;1mInfof[0m -> [pick-first-leaf-lb] [pick-first-leaf-lb 0xc00039c360] Received new config {
  "shuffleAddressList": false
}, resolver state {
  "Addresses": [
    {
      "Addr": "10.10.20.152:12051",
      "ServerName": "",
      "Attributes": null,
      "BalancerAttributes": null,
      "Metadata": null
    }
  ],
  "Endpoints": [
    {
      "Addresses": [
        {
          "Addr": "10.10.20.152:12051",
          "ServerName": "",
          "Attributes": null,
          "BalancerAttributes": null,
          "Metadata": null
        }
      ],
      "Attributes": null
    }
  ],
  "ServiceConfig": null,
  "Attributes": null
}
[34m2026-04-17 10:35:27.631 -03 0008 INFO[0m [grpc] [34;1mAddTraceEvent[0m -> [core] [Channel #1]Channel Connectivity change to CONNECTING
[34m2026-04-17 10:35:27.631 -03 0009 INFO[0m [grpc] [34;1mAddTraceEvent[0m -> [core] [Channel #1 SubChannel #2]Subchannel created
[34m2026-04-17 10:35:27.631 -03 000a INFO[0m [grpc] [34;1mAddTraceEvent[0m -> [core] [Channel #1]Channel exiting idle mode
[34m2026-04-17 10:35:27.631 -03 000b INFO[0m [grpc] [34;1mAddTraceEvent[0m -> [core] [Channel #1 SubChannel #2]Subchannel Connectivity change to CONNECTING
[34m2026-04-17 10:35:27.632 -03 000c INFO[0m [grpc] [34;1mAddTraceEvent[0m -> [core] [Channel #1 SubChannel #2]Subchannel picks a new address "10.10.20.152:12051" to connect
[34m2026-04-17 10:35:27.634 -03 000d INFO[0m [grpc] [34;1mAddTraceEvent[0m -> [core] [Channel #1 SubChannel #2]Subchannel Connectivity change to READY
[34m2026-04-17 10:35:27.634 -03 000e INFO[0m [grpc] [34;1mInfof[0m -> [pick-first-leaf-lb] [pick-first-leaf-lb 0xc00039c360] SubConn 0xc0005a0d20 reported connectivity state READY and the health listener is disabled. Transitioning SubConn to READY.
[34m2026-04-17 10:35:27.634 -03 000f INFO[0m [grpc] [34;1mAddTraceEvent[0m -> [core] [Channel #1]Channel Connectivity change to READY
[34m2026-04-17 10:35:27.634 -03 0010 INFO[0m [grpc] [34;1mInfof[0m -> [core] original dial target is: "10.10.20.152:12051"
[34m2026-04-17 10:35:27.634 -03 0011 INFO[0m [grpc] [34;1mAddTraceEvent[0m -> [core] [Channel #4]Channel created
[34m2026-04-17 10:35:27.634 -03 0012 INFO[0m [grpc] [34;1mAddTraceEvent[0m -> [core] [Channel #4]parsed dial target is: resolver.Target{URL:url.URL{Scheme:"passthrough", Opaque:"", User:(*url.Userinfo)(nil), Host:"", Path:"/10.10.20.152:12051", RawPath:"", OmitHost:false, ForceQuery:false, RawQuery:"", Fragment:"", RawFragment:""}}
[34m2026-04-17 10:35:27.634 -03 0013 INFO[0m [grpc] [34;1mAddTraceEvent[0m -> [core] [Channel #4]Channel authority set to "10.10.20.152:12051"
[34m2026-04-17 10:35:27.634 -03 0014 INFO[0m [grpc] [34;1mAddTraceEvent[0m -> [core] [Channel #4]Resolver state updated: {
  "Addresses": [
    {
      "Addr": "10.10.20.152:12051",
      "ServerName": "",
      "Attributes": null,
      "BalancerAttributes": null,
      "Metadata": null
    }
  ],
  "Endpoints": [
    {
      "Addresses": [
        {
          "Addr": "10.10.20.152:12051",
          "ServerName": "",
          "Attributes": null,
          "BalancerAttributes": null,
          "Metadata": null
        }
      ],
      "Attributes": null
    }
  ],
  "ServiceConfig": null,
  "Attributes": null
} (resolver returned new addresses)
[34m2026-04-17 10:35:27.634 -03 0015 INFO[0m [grpc] [34;1mAddTraceEvent[0m -> [core] [Channel #4]Channel switches to new LB policy "pick_first"
[34m2026-04-17 10:35:27.634 -03 0016 INFO[0m [grpc] [34;1mInfof[0m -> [pick-first-leaf-lb] [pick-first-leaf-lb 0xc0001a6120] Received new config {
  "shuffleAddressList": false
}, resolver state {
  "Addresses": [
    {
      "Addr": "10.10.20.152:12051",
      "ServerName": "",
      "Attributes": null,
      "BalancerAttributes": null,
      "Metadata": null
    }
  ],
  "Endpoints": [
    {
      "Addresses": [
        {
          "Addr": "10.10.20.152:12051",
          "ServerName": "",
          "Attributes": null,
          "BalancerAttributes": null,
          "Metadata": null
        }
      ],
      "Attributes": null
    }
  ],
  "ServiceConfig": null,
  "Attributes": null
}
[34m2026-04-17 10:35:27.634 -03 0017 INFO[0m [grpc] [34;1mAddTraceEvent[0m -> [core] [Channel #4]Channel Connectivity change to CONNECTING
[34m2026-04-17 10:35:27.634 -03 0018 INFO[0m [grpc] [34;1mAddTraceEvent[0m -> [core] [Channel #4 SubChannel #5]Subchannel created
[34m2026-04-17 10:35:27.634 -03 0019 INFO[0m [grpc] [34;1mAddTraceEvent[0m -> [core] [Channel #4]Channel exiting idle mode
[34m2026-04-17 10:35:27.634 -03 001a INFO[0m [grpc] [34;1mAddTraceEvent[0m -> [core] [Channel #4 SubChannel #5]Subchannel Connectivity change to CONNECTING
[34m2026-04-17 10:35:27.634 -03 001b INFO[0m [grpc] [34;1mAddTraceEvent[0m -> [core] [Channel #4 SubChannel #5]Subchannel picks a new address "10.10.20.152:12051" to connect
[34m2026-04-17 10:35:27.636 -03 001c INFO[0m [grpc] [34;1mAddTraceEvent[0m -> [core] [Channel #4 SubChannel #5]Subchannel Connectivity change to READY
[34m2026-04-17 10:35:27.636 -03 001d INFO[0m [grpc] [34;1mInfof[0m -> [pick-first-leaf-lb] [pick-first-leaf-lb 0xc0001a6120] SubConn 0xc00049e500 reported connectivity state READY and the health listener is disabled. Transitioning SubConn to READY.
[34m2026-04-17 10:35:27.636 -03 001e INFO[0m [grpc] [34;1mAddTraceEvent[0m -> [core] [Channel #4]Channel Connectivity change to READY
[34m2026-04-17 10:35:27.643 -03 001f INFO[0m [cli.lifecycle.chaincode] [34;1msubmitInstallProposal[0m -> Installed remotely: response:{status:200 payload:"\nPbasic_asset_1.0:25404d3b35f68e79b1157f81c2367daba675d4d9597e952bd9e45a7f86b11c39\x12\x0fbasic_asset_1.0"}
[34m2026-04-17 10:35:27.643 -03 0020 INFO[0m [cli.lifecycle.chaincode] [34;1msubmitInstallProposal[0m -> Chaincode code package identifier: basic_asset_1.0:25404d3b35f68e79b1157f81c2367daba675d4d9597e952bd9e45a7f86b11c39
[34m2026-04-17 10:35:27.679 -03 0001 INFO[0m [grpc] [34;1mInfof[0m -> [core] original dial target is: "10.10.20.152:13051"
[34m2026-04-17 10:35:27.680 -03 0002 INFO[0m [grpc] [34;1mAddTraceEvent[0m -> [core] [Channel #1]Channel created
[34m2026-04-17 10:35:27.680 -03 0003 INFO[0m [grpc] [34;1mAddTraceEvent[0m -> [core] [Channel #1]parsed dial target is: resolver.Target{URL:url.URL{Scheme:"passthrough", Opaque:"", User:(*url.Userinfo)(nil), Host:"", Path:"/10.10.20.152:13051", RawPath:"", OmitHost:false, ForceQuery:false, RawQuery:"", Fragment:"", RawFragment:""}}
[34m2026-04-17 10:35:27.680 -03 0004 INFO[0m [grpc] [34;1mAddTraceEvent[0m -> [core] [Channel #1]Channel authority set to "10.10.20.152:13051"
[34m2026-04-17 10:35:27.680 -03 0005 INFO[0m [grpc] [34;1mAddTraceEvent[0m -> [core] [Channel #1]Resolver state updated: {
  "Addresses": [
    {
      "Addr": "10.10.20.152:13051",
      "ServerName": "",
      "Attributes": null,
      "BalancerAttributes": null,
      "Metadata": null
    }
  ],
  "Endpoints": [
    {
      "Addresses": [
        {
          "Addr": "10.10.20.152:13051",
          "ServerName": "",
          "Attributes": null,
          "BalancerAttributes": null,
          "Metadata": null
        }
      ],
      "Attributes": null
    }
  ],
  "ServiceConfig": null,
  "Attributes": null
} (resolver returned new addresses)
[34m2026-04-17 10:35:27.680 -03 0006 INFO[0m [grpc] [34;1mAddTraceEvent[0m -> [core] [Channel #1]Channel switches to new LB policy "pick_first"
[34m2026-04-17 10:35:27.680 -03 0007 INFO[0m [grpc] [34;1mInfof[0m -> [pick-first-leaf-lb] [pick-first-leaf-lb 0xc000158240] Received new config {
  "shuffleAddressList": false
}, resolver state {
  "Addresses": [
    {
      "Addr": "10.10.20.152:13051",
      "ServerName": "",
      "Attributes": null,
      "BalancerAttributes": null,
      "Metadata": null
    }
  ],
  "Endpoints": [
    {
      "Addresses": [
        {
          "Addr": "10.10.20.152:13051",
          "ServerName": "",
          "Attributes": null,
          "BalancerAttributes": null,
          "Metadata": null
        }
      ],
      "Attributes": null
    }
  ],
  "ServiceConfig": null,
  "Attributes": null
}
[34m2026-04-17 10:35:27.680 -03 0008 INFO[0m [grpc] [34;1mAddTraceEvent[0m -> [core] [Channel #1]Channel Connectivity change to CONNECTING
[34m2026-04-17 10:35:27.680 -03 0009 INFO[0m [grpc] [34;1mAddTraceEvent[0m -> [core] [Channel #1 SubChannel #2]Subchannel created
[34m2026-04-17 10:35:27.680 -03 000a INFO[0m [grpc] [34;1mAddTraceEvent[0m -> [core] [Channel #1]Channel exiting idle mode
[34m2026-04-17 10:35:27.680 -03 000b INFO[0m [grpc] [34;1mAddTraceEvent[0m -> [core] [Channel #1 SubChannel #2]Subchannel Connectivity change to CONNECTING
[34m2026-04-17 10:35:27.680 -03 000c INFO[0m [grpc] [34;1mAddTraceEvent[0m -> [core] [Channel #1 SubChannel #2]Subchannel picks a new address "10.10.20.152:13051" to connect
[34m2026-04-17 10:35:27.682 -03 000d INFO[0m [grpc] [34;1mAddTraceEvent[0m -> [core] [Channel #1 SubChannel #2]Subchannel Connectivity change to READY
[34m2026-04-17 10:35:27.682 -03 000e INFO[0m [grpc] [34;1mInfof[0m -> [pick-first-leaf-lb] [pick-first-leaf-lb 0xc000158240] SubConn 0xc00015a1e0 reported connectivity state READY and the health listener is disabled. Transitioning SubConn to READY.
[34m2026-04-17 10:35:27.682 -03 000f INFO[0m [grpc] [34;1mAddTraceEvent[0m -> [core] [Channel #1]Channel Connectivity change to READY
[34m2026-04-17 10:35:27.683 -03 0010 INFO[0m [grpc] [34;1mInfof[0m -> [core] original dial target is: "10.10.20.152:13051"
[34m2026-04-17 10:35:27.683 -03 0011 INFO[0m [grpc] [34;1mAddTraceEvent[0m -> [core] [Channel #4]Channel created
[34m2026-04-17 10:35:27.683 -03 0012 INFO[0m [grpc] [34;1mAddTraceEvent[0m -> [core] [Channel #4]parsed dial target is: resolver.Target{URL:url.URL{Scheme:"passthrough", Opaque:"", User:(*url.Userinfo)(nil), Host:"", Path:"/10.10.20.152:13051", RawPath:"", OmitHost:false, ForceQuery:false, RawQuery:"", Fragment:"", RawFragment:""}}
[34m2026-04-17 10:35:27.683 -03 0013 INFO[0m [grpc] [34;1mAddTraceEvent[0m -> [core] [Channel #4]Channel authority set to "10.10.20.152:13051"
[34m2026-04-17 10:35:27.683 -03 0014 INFO[0m [grpc] [34;1mAddTraceEvent[0m -> [core] [Channel #4]Resolver state updated: {
  "Addresses": [
    {
      "Addr": "10.10.20.152:13051",
      "ServerName": "",
      "Attributes": null,
      "BalancerAttributes": null,
      "Metadata": null
    }
  ],
  "Endpoints": [
    {
      "Addresses": [
        {
          "Addr": "10.10.20.152:13051",
          "ServerName": "",
          "Attributes": null,
          "BalancerAttributes": null,
          "Metadata": null
        }
      ],
      "Attributes": null
    }
  ],
  "ServiceConfig": null,
  "Attributes": null
} (resolver returned new addresses)
[34m2026-04-17 10:35:27.683 -03 0015 INFO[0m [grpc] [34;1mAddTraceEvent[0m -> [core] [Channel #4]Channel switches to new LB policy "pick_first"
[34m2026-04-17 10:35:27.683 -03 0016 INFO[0m [grpc] [34;1mInfof[0m -> [pick-first-leaf-lb] [pick-first-leaf-lb 0xc000432090] Received new config {
  "shuffleAddressList": false
}, resolver state {
  "Addresses": [
    {
      "Addr": "10.10.20.152:13051",
      "ServerName": "",
      "Attributes": null,
      "BalancerAttributes": null,
      "Metadata": null
    }
  ],
  "Endpoints": [
    {
      "Addresses": [
        {
          "Addr": "10.10.20.152:13051",
          "ServerName": "",
          "Attributes": null,
          "BalancerAttributes": null,
          "Metadata": null
        }
      ],
      "Attributes": null
    }
  ],
  "ServiceConfig": null,
  "Attributes": null
}
[34m2026-04-17 10:35:27.683 -03 0017 INFO[0m [grpc] [34;1mAddTraceEvent[0m -> [core] [Channel #4]Channel Connectivity change to CONNECTING
[34m2026-04-17 10:35:27.683 -03 0018 INFO[0m [grpc] [34;1mAddTraceEvent[0m -> [core] [Channel #4 SubChannel #5]Subchannel created
[34m2026-04-17 10:35:27.683 -03 0019 INFO[0m [grpc] [34;1mAddTraceEvent[0m -> [core] [Channel #4]Channel exiting idle mode
[34m2026-04-17 10:35:27.683 -03 001a INFO[0m [grpc] [34;1mAddTraceEvent[0m -> [core] [Channel #4 SubChannel #5]Subchannel Connectivity change to CONNECTING
[34m2026-04-17 10:35:27.683 -03 001b INFO[0m [grpc] [34;1mAddTraceEvent[0m -> [core] [Channel #4 SubChannel #5]Subchannel picks a new address "10.10.20.152:13051" to connect
[34m2026-04-17 10:35:27.685 -03 001c INFO[0m [grpc] [34;1mAddTraceEvent[0m -> [core] [Channel #4 SubChannel #5]Subchannel Connectivity change to READY
[34m2026-04-17 10:35:27.685 -03 001d INFO[0m [grpc] [34;1mInfof[0m -> [pick-first-leaf-lb] [pick-first-leaf-lb 0xc000432090] SubConn 0xc000428140 reported connectivity state READY and the health listener is disabled. Transitioning SubConn to READY.
[34m2026-04-17 10:35:27.685 -03 001e INFO[0m [grpc] [34;1mAddTraceEvent[0m -> [core] [Channel #4]Channel Connectivity change to READY
[34m2026-04-17 10:35:27.694 -03 001f INFO[0m [cli.lifecycle.chaincode] [34;1msubmitInstallProposal[0m -> Installed remotely: response:{status:200 payload:"\nPbasic_asset_1.0:25404d3b35f68e79b1157f81c2367daba675d4d9597e952bd9e45a7f86b11c39\x12\x0fbasic_asset_1.0"}
[34m2026-04-17 10:35:27.694 -03 0020 INFO[0m [cli.lifecycle.chaincode] [34;1msubmitInstallProposal[0m -> Chaincode code package identifier: basic_asset_1.0:25404d3b35f68e79b1157f81c2367daba675d4d9597e952bd9e45a7f86b11c39
[34m2026-04-17 10:35:27.735 -03 0001 INFO[0m [grpc] [34;1mInfof[0m -> [core] original dial target is: "10.10.20.152:14051"
[34m2026-04-17 10:35:27.735 -03 0002 INFO[0m [grpc] [34;1mAddTraceEvent[0m -> [core] [Channel #1]Channel created
[34m2026-04-17 10:35:27.735 -03 0003 INFO[0m [grpc] [34;1mAddTraceEvent[0m -> [core] [Channel #1]parsed dial target is: resolver.Target{URL:url.URL{Scheme:"passthrough", Opaque:"", User:(*url.Userinfo)(nil), Host:"", Path:"/10.10.20.152:14051", RawPath:"", OmitHost:false, ForceQuery:false, RawQuery:"", Fragment:"", RawFragment:""}}
[34m2026-04-17 10:35:27.735 -03 0004 INFO[0m [grpc] [34;1mAddTraceEvent[0m -> [core] [Channel #1]Channel authority set to "10.10.20.152:14051"
[34m2026-04-17 10:35:27.736 -03 0005 INFO[0m [grpc] [34;1mAddTraceEvent[0m -> [core] [Channel #1]Resolver state updated: {
  "Addresses": [
    {
      "Addr": "10.10.20.152:14051",
      "ServerName": "",
      "Attributes": null,
      "BalancerAttributes": null,
      "Metadata": null
    }
  ],
  "Endpoints": [
    {
      "Addresses": [
        {
          "Addr": "10.10.20.152:14051",
          "ServerName": "",
          "Attributes": null,
          "BalancerAttributes": null,
          "Metadata": null
        }
      ],
      "Attributes": null
    }
  ],
  "ServiceConfig": null,
  "Attributes": null
} (resolver returned new addresses)
[34m2026-04-17 10:35:27.736 -03 0006 INFO[0m [grpc] [34;1mAddTraceEvent[0m -> [core] [Channel #1]Channel switches to new LB policy "pick_first"
[34m2026-04-17 10:35:27.736 -03 0007 INFO[0m [grpc] [34;1mInfof[0m -> [pick-first-leaf-lb] [pick-first-leaf-lb 0xc000394510] Received new config {
  "shuffleAddressList": false
}, resolver state {
  "Addresses": [
    {
      "Addr": "10.10.20.152:14051",
      "ServerName": "",
      "Attributes": null,
      "BalancerAttributes": null,
      "Metadata": null
    }
  ],
  "Endpoints": [
    {
      "Addresses": [
        {
          "Addr": "10.10.20.152:14051",
          "ServerName": "",
          "Attributes": null,
          "BalancerAttributes": null,
          "Metadata": null
        }
      ],
      "Attributes": null
    }
  ],
  "ServiceConfig": null,
  "Attributes": null
}
[34m2026-04-17 10:35:27.736 -03 0008 INFO[0m [grpc] [34;1mAddTraceEvent[0m -> [core] [Channel #1]Channel Connectivity change to CONNECTING
[34m2026-04-17 10:35:27.736 -03 0009 INFO[0m [grpc] [34;1mAddTraceEvent[0m -> [core] [Channel #1 SubChannel #2]Subchannel created
[34m2026-04-17 10:35:27.736 -03 000a INFO[0m [grpc] [34;1mAddTraceEvent[0m -> [core] [Channel #1]Channel exiting idle mode
[34m2026-04-17 10:35:27.736 -03 000b INFO[0m [grpc] [34;1mAddTraceEvent[0m -> [core] [Channel #1 SubChannel #2]Subchannel Connectivity change to CONNECTING
[34m2026-04-17 10:35:27.736 -03 000c INFO[0m [grpc] [34;1mAddTraceEvent[0m -> [core] [Channel #1 SubChannel #2]Subchannel picks a new address "10.10.20.152:14051" to connect
[34m2026-04-17 10:35:27.737 -03 000d INFO[0m [grpc] [34;1mAddTraceEvent[0m -> [core] [Channel #1 SubChannel #2]Subchannel Connectivity change to READY
[34m2026-04-17 10:35:27.737 -03 000e INFO[0m [grpc] [34;1mInfof[0m -> [pick-first-leaf-lb] [pick-first-leaf-lb 0xc000394510] SubConn 0xc00035ceb0 reported connectivity state READY and the health listener is disabled. Transitioning SubConn to READY.
[34m2026-04-17 10:35:27.737 -03 000f INFO[0m [grpc] [34;1mAddTraceEvent[0m -> [core] [Channel #1]Channel Connectivity change to READY
[34m2026-04-17 10:35:27.738 -03 0010 INFO[0m [grpc] [34;1mInfof[0m -> [core] original dial target is: "10.10.20.152:14051"
[34m2026-04-17 10:35:27.738 -03 0011 INFO[0m [grpc] [34;1mAddTraceEvent[0m -> [core] [Channel #4]Channel created
[34m2026-04-17 10:35:27.738 -03 0012 INFO[0m [grpc] [34;1mAddTraceEvent[0m -> [core] [Channel #4]parsed dial target is: resolver.Target{URL:url.URL{Scheme:"passthrough", Opaque:"", User:(*url.Userinfo)(nil), Host:"", Path:"/10.10.20.152:14051", RawPath:"", OmitHost:false, ForceQuery:false, RawQuery:"", Fragment:"", RawFragment:""}}
[34m2026-04-17 10:35:27.738 -03 0013 INFO[0m [grpc] [34;1mAddTraceEvent[0m -> [core] [Channel #4]Channel authority set to "10.10.20.152:14051"
[34m2026-04-17 10:35:27.738 -03 0014 INFO[0m [grpc] [34;1mAddTraceEvent[0m -> [core] [Channel #4]Resolver state updated: {
  "Addresses": [
    {
      "Addr": "10.10.20.152:14051",
      "ServerName": "",
      "Attributes": null,
      "BalancerAttributes": null,
      "Metadata": null
    }
  ],
  "Endpoints": [
    {
      "Addresses": [
        {
          "Addr": "10.10.20.152:14051",
          "ServerName": "",
          "Attributes": null,
          "BalancerAttributes": null,
          "Metadata": null
        }
      ],
      "Attributes": null
    }
  ],
  "ServiceConfig": null,
  "Attributes": null
} (resolver returned new addresses)
[34m2026-04-17 10:35:27.738 -03 0015 INFO[0m [grpc] [34;1mAddTraceEvent[0m -> [core] [Channel #4]Channel switches to new LB policy "pick_first"
[34m2026-04-17 10:35:27.738 -03 0016 INFO[0m [grpc] [34;1mInfof[0m -> [pick-first-leaf-lb] [pick-first-leaf-lb 0xc000136e10] Received new config {
  "shuffleAddressList": false
}, resolver state {
  "Addresses": [
    {
      "Addr": "10.10.20.152:14051",
      "ServerName": "",
      "Attributes": null,
      "BalancerAttributes": null,
      "Metadata": null
    }
  ],
  "Endpoints": [
    {
      "Addresses": [
        {
          "Addr": "10.10.20.152:14051",
          "ServerName": "",
          "Attributes": null,
          "BalancerAttributes": null,
          "Metadata": null
        }
      ],
      "Attributes": null
    }
  ],
  "ServiceConfig": null,
  "Attributes": null
}
[34m2026-04-17 10:35:27.738 -03 0017 INFO[0m [grpc] [34;1mAddTraceEvent[0m -> [core] [Channel #4]Channel Connectivity change to CONNECTING
[34m2026-04-17 10:35:27.738 -03 0018 INFO[0m [grpc] [34;1mAddTraceEvent[0m -> [core] [Channel #4 SubChannel #5]Subchannel created
[34m2026-04-17 10:35:27.738 -03 0019 INFO[0m [grpc] [34;1mAddTraceEvent[0m -> [core] [Channel #4]Channel exiting idle mode
[34m2026-04-17 10:35:27.738 -03 001a INFO[0m [grpc] [34;1mAddTraceEvent[0m -> [core] [Channel #4 SubChannel #5]Subchannel Connectivity change to CONNECTING
[34m2026-04-17 10:35:27.738 -03 001b INFO[0m [grpc] [34;1mAddTraceEvent[0m -> [core] [Channel #4 SubChannel #5]Subchannel picks a new address "10.10.20.152:14051" to connect
[34m2026-04-17 10:35:27.739 -03 001c INFO[0m [grpc] [34;1mAddTraceEvent[0m -> [core] [Channel #4 SubChannel #5]Subchannel Connectivity change to READY
[34m2026-04-17 10:35:27.739 -03 001d INFO[0m [grpc] [34;1mInfof[0m -> [pick-first-leaf-lb] [pick-first-leaf-lb 0xc000136e10] SubConn 0xc0004c4000 reported connectivity state READY and the health listener is disabled. Transitioning SubConn to READY.
[34m2026-04-17 10:35:27.739 -03 001e INFO[0m [grpc] [34;1mAddTraceEvent[0m -> [core] [Channel #4]Channel Connectivity change to READY
[34m2026-04-17 10:35:27.772 -03 001f INFO[0m [cli.lifecycle.chaincode] [34;1msubmitInstallProposal[0m -> Installed remotely: response:{status:200 payload:"\nPbasic_asset_1.0:25404d3b35f68e79b1157f81c2367daba675d4d9597e952bd9e45a7f86b11c39\x12\x0fbasic_asset_1.0"}
[34m2026-04-17 10:35:27.772 -03 0020 INFO[0m [cli.lifecycle.chaincode] [34;1msubmitInstallProposal[0m -> Chaincode code package identifier: basic_asset_1.0:25404d3b35f68e79b1157f81c2367daba675d4d9597e952bd9e45a7f86b11c39
[34m2026-04-17 10:35:27.815 -03 0001 INFO[0m [grpc] [34;1mInfof[0m -> [core] original dial target is: "10.10.20.152:14051"
[34m2026-04-17 10:35:27.815 -03 0002 INFO[0m [grpc] [34;1mAddTraceEvent[0m -> [core] [Channel #1]Channel created
[34m2026-04-17 10:35:27.815 -03 0003 INFO[0m [grpc] [34;1mAddTraceEvent[0m -> [core] [Channel #1]parsed dial target is: resolver.Target{URL:url.URL{Scheme:"passthrough", Opaque:"", User:(*url.Userinfo)(nil), Host:"", Path:"/10.10.20.152:14051", RawPath:"", OmitHost:false, ForceQuery:false, RawQuery:"", Fragment:"", RawFragment:""}}
[34m2026-04-17 10:35:27.815 -03 0004 INFO[0m [grpc] [34;1mAddTraceEvent[0m -> [core] [Channel #1]Channel authority set to "10.10.20.152:14051"
[34m2026-04-17 10:35:27.815 -03 0005 INFO[0m [grpc] [34;1mAddTraceEvent[0m -> [core] [Channel #1]Resolver state updated: {
  "Addresses": [
    {
      "Addr": "10.10.20.152:14051",
      "ServerName": "",
      "Attributes": null,
      "BalancerAttributes": null,
      "Metadata": null
    }
  ],
  "Endpoints": [
    {
      "Addresses": [
        {
          "Addr": "10.10.20.152:14051",
          "ServerName": "",
          "Attributes": null,
          "BalancerAttributes": null,
          "Metadata": null
        }
      ],
      "Attributes": null
    }
  ],
  "ServiceConfig": null,
  "Attributes": null
} (resolver returned new addresses)
[34m2026-04-17 10:35:27.815 -03 0006 INFO[0m [grpc] [34;1mAddTraceEvent[0m -> [core] [Channel #1]Channel switches to new LB policy "pick_first"
[34m2026-04-17 10:35:27.815 -03 0007 INFO[0m [grpc] [34;1mInfof[0m -> [pick-first-leaf-lb] [pick-first-leaf-lb 0xc000296510] Received new config {
  "shuffleAddressList": false
}, resolver state {
  "Addresses": [
    {
      "Addr": "10.10.20.152:14051",
      "ServerName": "",
      "Attributes": null,
      "BalancerAttributes": null,
      "Metadata": null
    }
  ],
  "Endpoints": [
    {
      "Addresses": [
        {
          "Addr": "10.10.20.152:14051",
          "ServerName": "",
          "Attributes": null,
          "BalancerAttributes": null,
          "Metadata": null
        }
      ],
      "Attributes": null
    }
  ],
  "ServiceConfig": null,
  "Attributes": null
}
[34m2026-04-17 10:35:27.815 -03 0008 INFO[0m [grpc] [34;1mAddTraceEvent[0m -> [core] [Channel #1]Channel Connectivity change to CONNECTING
[34m2026-04-17 10:35:27.815 -03 0009 INFO[0m [grpc] [34;1mAddTraceEvent[0m -> [core] [Channel #1 SubChannel #2]Subchannel created
[34m2026-04-17 10:35:27.815 -03 000a INFO[0m [grpc] [34;1mAddTraceEvent[0m -> [core] [Channel #1]Channel exiting idle mode
[34m2026-04-17 10:35:27.815 -03 000b INFO[0m [grpc] [34;1mAddTraceEvent[0m -> [core] [Channel #1 SubChannel #2]Subchannel Connectivity change to CONNECTING
[34m2026-04-17 10:35:27.815 -03 000c INFO[0m [grpc] [34;1mAddTraceEvent[0m -> [core] [Channel #1 SubChannel #2]Subchannel picks a new address "10.10.20.152:14051" to connect
[34m2026-04-17 10:35:27.817 -03 000d INFO[0m [grpc] [34;1mAddTraceEvent[0m -> [core] [Channel #1 SubChannel #2]Subchannel Connectivity change to READY
[34m2026-04-17 10:35:27.817 -03 000e INFO[0m [grpc] [34;1mInfof[0m -> [pick-first-leaf-lb] [pick-first-leaf-lb 0xc000296510] SubConn 0xc0001ae460 reported connectivity state READY and the health listener is disabled. Transitioning SubConn to READY.
[34m2026-04-17 10:35:27.817 -03 000f INFO[0m [grpc] [34;1mAddTraceEvent[0m -> [core] [Channel #1]Channel Connectivity change to READY
[34m2026-04-17 10:35:27.818 -03 0010 INFO[0m [grpc] [34;1mInfof[0m -> [core] original dial target is: "10.10.20.152:14051"
[34m2026-04-17 10:35:27.818 -03 0011 INFO[0m [grpc] [34;1mAddTraceEvent[0m -> [core] [Channel #4]Channel created
[34m2026-04-17 10:35:27.818 -03 0012 INFO[0m [grpc] [34;1mAddTraceEvent[0m -> [core] [Channel #4]parsed dial target is: resolver.Target{URL:url.URL{Scheme:"passthrough", Opaque:"", User:(*url.Userinfo)(nil), Host:"", Path:"/10.10.20.152:14051", RawPath:"", OmitHost:false, ForceQuery:false, RawQuery:"", Fragment:"", RawFragment:""}}
[34m2026-04-17 10:35:27.818 -03 0013 INFO[0m [grpc] [34;1mAddTraceEvent[0m -> [core] [Channel #4]Channel authority set to "10.10.20.152:14051"
[34m2026-04-17 10:35:27.818 -03 0014 INFO[0m [grpc] [34;1mAddTraceEvent[0m -> [core] [Channel #4]Resolver state updated: {
  "Addresses": [
    {
      "Addr": "10.10.20.152:14051",
      "ServerName": "",
      "Attributes": null,
      "BalancerAttributes": null,
      "Metadata": null
    }
  ],
  "Endpoints": [
    {
      "Addresses": [
        {
          "Addr": "10.10.20.152:14051",
          "ServerName": "",
          "Attributes": null,
          "BalancerAttributes": null,
          "Metadata": null
        }
      ],
      "Attributes": null
    }
  ],
  "ServiceConfig": null,
  "Attributes": null
} (resolver returned new addresses)
[34m2026-04-17 10:35:27.818 -03 0015 INFO[0m [grpc] [34;1mAddTraceEvent[0m -> [core] [Channel #4]Channel switches to new LB policy "pick_first"
[34m2026-04-17 10:35:27.818 -03 0016 INFO[0m [grpc] [34;1mInfof[0m -> [pick-first-leaf-lb] [pick-first-leaf-lb 0xc0003f8090] Received new config {
  "shuffleAddressList": false
}, resolver state {
  "Addresses": [
    {
      "Addr": "10.10.20.152:14051",
      "ServerName": "",
      "Attributes": null,
      "BalancerAttributes": null,
      "Metadata": null
    }
  ],
  "Endpoints": [
    {
      "Addresses": [
        {
          "Addr": "10.10.20.152:14051",
          "ServerName": "",
          "Attributes": null,
          "BalancerAttributes": null,
          "Metadata": null
        }
      ],
      "Attributes": null
    }
  ],
  "ServiceConfig": null,
  "Attributes": null
}
[34m2026-04-17 10:35:27.818 -03 0017 INFO[0m [grpc] [34;1mAddTraceEvent[0m -> [core] [Channel #4]Channel Connectivity change to CONNECTING
[34m2026-04-17 10:35:27.818 -03 0018 INFO[0m [grpc] [34;1mAddTraceEvent[0m -> [core] [Channel #4 SubChannel #5]Subchannel created
[34m2026-04-17 10:35:27.818 -03 0019 INFO[0m [grpc] [34;1mAddTraceEvent[0m -> [core] [Channel #4]Channel exiting idle mode
[34m2026-04-17 10:35:27.818 -03 001a INFO[0m [grpc] [34;1mAddTraceEvent[0m -> [core] [Channel #4 SubChannel #5]Subchannel Connectivity change to CONNECTING
[34m2026-04-17 10:35:27.818 -03 001b INFO[0m [grpc] [34;1mAddTraceEvent[0m -> [core] [Channel #4 SubChannel #5]Subchannel picks a new address "10.10.20.152:14051" to connect
[34m2026-04-17 10:35:27.821 -03 001c INFO[0m [grpc] [34;1mAddTraceEvent[0m -> [core] [Channel #4 SubChannel #5]Subchannel Connectivity change to READY
[34m2026-04-17 10:35:27.821 -03 001d INFO[0m [grpc] [34;1mInfof[0m -> [pick-first-leaf-lb] [pick-first-leaf-lb 0xc0003f8090] SubConn 0xc00014c4b0 reported connectivity state READY and the health listener is disabled. Transitioning SubConn to READY.
[34m2026-04-17 10:35:27.821 -03 001e INFO[0m [grpc] [34;1mAddTraceEvent[0m -> [core] [Channel #4]Channel Connectivity change to READY
[34m2026-04-17 10:35:27.885 -03 0001 INFO[0m [grpc] [34;1mInfof[0m -> [core] original dial target is: "10.10.20.151:7051"
[34m2026-04-17 10:35:27.885 -03 0002 INFO[0m [grpc] [34;1mAddTraceEvent[0m -> [core] [Channel #1]Channel created
[34m2026-04-17 10:35:27.885 -03 0003 INFO[0m [grpc] [34;1mAddTraceEvent[0m -> [core] [Channel #1]parsed dial target is: resolver.Target{URL:url.URL{Scheme:"passthrough", Opaque:"", User:(*url.Userinfo)(nil), Host:"", Path:"/10.10.20.151:7051", RawPath:"", OmitHost:false, ForceQuery:false, RawQuery:"", Fragment:"", RawFragment:""}}
[34m2026-04-17 10:35:27.885 -03 0004 INFO[0m [grpc] [34;1mAddTraceEvent[0m -> [core] [Channel #1]Channel authority set to "10.10.20.151:7051"
[34m2026-04-17 10:35:27.885 -03 0005 INFO[0m [grpc] [34;1mAddTraceEvent[0m -> [core] [Channel #1]Resolver state updated: {
  "Addresses": [
    {
      "Addr": "10.10.20.151:7051",
      "ServerName": "",
      "Attributes": null,
      "BalancerAttributes": null,
      "Metadata": null
    }
  ],
  "Endpoints": [
    {
      "Addresses": [
        {
          "Addr": "10.10.20.151:7051",
          "ServerName": "",
          "Attributes": null,
          "BalancerAttributes": null,
          "Metadata": null
        }
      ],
      "Attributes": null
    }
  ],
  "ServiceConfig": null,
  "Attributes": null
} (resolver returned new addresses)
[34m2026-04-17 10:35:27.885 -03 0006 INFO[0m [grpc] [34;1mAddTraceEvent[0m -> [core] [Channel #1]Channel switches to new LB policy "pick_first"
[34m2026-04-17 10:35:27.885 -03 0007 INFO[0m [grpc] [34;1mInfof[0m -> [pick-first-leaf-lb] [pick-first-leaf-lb 0xc000645200] Received new config {
  "shuffleAddressList": false
}, resolver state {
  "Addresses": [
    {
      "Addr": "10.10.20.151:7051",
      "ServerName": "",
      "Attributes": null,
      "BalancerAttributes": null,
      "Metadata": null
    }
  ],
  "Endpoints": [
    {
      "Addresses": [
        {
          "Addr": "10.10.20.151:7051",
          "ServerName": "",
          "Attributes": null,
          "BalancerAttributes": null,
          "Metadata": null
        }
      ],
      "Attributes": null
    }
  ],
  "ServiceConfig": null,
  "Attributes": null
}
[34m2026-04-17 10:35:27.885 -03 0008 INFO[0m [grpc] [34;1mAddTraceEvent[0m -> [core] [Channel #1]Channel Connectivity change to CONNECTING
[34m2026-04-17 10:35:27.885 -03 0009 INFO[0m [grpc] [34;1mAddTraceEvent[0m -> [core] [Channel #1 SubChannel #2]Subchannel created
[34m2026-04-17 10:35:27.885 -03 000a INFO[0m [grpc] [34;1mAddTraceEvent[0m -> [core] [Channel #1]Channel exiting idle mode
[34m2026-04-17 10:35:27.885 -03 000b INFO[0m [grpc] [34;1mAddTraceEvent[0m -> [core] [Channel #1 SubChannel #2]Subchannel Connectivity change to CONNECTING
[34m2026-04-17 10:35:27.885 -03 000c INFO[0m [grpc] [34;1mAddTraceEvent[0m -> [core] [Channel #1 SubChannel #2]Subchannel picks a new address "10.10.20.151:7051" to connect
[34m2026-04-17 10:35:27.888 -03 000d INFO[0m [grpc] [34;1mAddTraceEvent[0m -> [core] [Channel #1 SubChannel #2]Subchannel Connectivity change to READY
[34m2026-04-17 10:35:27.888 -03 000e INFO[0m [grpc] [34;1mInfof[0m -> [pick-first-leaf-lb] [pick-first-leaf-lb 0xc000645200] SubConn 0xc0000201e0 reported connectivity state READY and the health listener is disabled. Transitioning SubConn to READY.
[34m2026-04-17 10:35:27.888 -03 000f INFO[0m [grpc] [34;1mAddTraceEvent[0m -> [core] [Channel #1]Channel Connectivity change to READY
[34m2026-04-17 10:35:27.889 -03 0010 INFO[0m [grpc] [34;1mInfof[0m -> [core] original dial target is: "10.10.20.151:7051"
[34m2026-04-17 10:35:27.889 -03 0011 INFO[0m [grpc] [34;1mAddTraceEvent[0m -> [core] [Channel #4]Channel created
[34m2026-04-17 10:35:27.889 -03 0012 INFO[0m [grpc] [34;1mAddTraceEvent[0m -> [core] [Channel #4]parsed dial target is: resolver.Target{URL:url.URL{Scheme:"passthrough", Opaque:"", User:(*url.Userinfo)(nil), Host:"", Path:"/10.10.20.151:7051", RawPath:"", OmitHost:false, ForceQuery:false, RawQuery:"", Fragment:"", RawFragment:""}}
[34m2026-04-17 10:35:27.889 -03 0013 INFO[0m [grpc] [34;1mAddTraceEvent[0m -> [core] [Channel #4]Channel authority set to "10.10.20.151:7051"
[34m2026-04-17 10:35:27.889 -03 0014 INFO[0m [grpc] [34;1mAddTraceEvent[0m -> [core] [Channel #4]Resolver state updated: {
  "Addresses": [
    {
      "Addr": "10.10.20.151:7051",
      "ServerName": "",
      "Attributes": null,
      "BalancerAttributes": null,
      "Metadata": null
    }
  ],
  "Endpoints": [
    {
      "Addresses": [
        {
          "Addr": "10.10.20.151:7051",
          "ServerName": "",
          "Attributes": null,
          "BalancerAttributes": null,
          "Metadata": null
        }
      ],
      "Attributes": null
    }
  ],
  "ServiceConfig": null,
  "Attributes": null
} (resolver returned new addresses)
[34m2026-04-17 10:35:27.889 -03 0015 INFO[0m [grpc] [34;1mAddTraceEvent[0m -> [core] [Channel #4]Channel switches to new LB policy "pick_first"
[34m2026-04-17 10:35:27.890 -03 0016 INFO[0m [grpc] [34;1mInfof[0m -> [pick-first-leaf-lb] [pick-first-leaf-lb 0xc0006453b0] Received new config {
  "shuffleAddressList": false
}, resolver state {
  "Addresses": [
    {
      "Addr": "10.10.20.151:7051",
      "ServerName": "",
      "Attributes": null,
      "BalancerAttributes": null,
      "Metadata": null
    }
  ],
  "Endpoints": [
    {
      "Addresses": [
        {
          "Addr": "10.10.20.151:7051",
          "ServerName": "",
          "Attributes": null,
          "BalancerAttributes": null,
          "Metadata": null
        }
      ],
      "Attributes": null
    }
  ],
  "ServiceConfig": null,
  "Attributes": null
}
[34m2026-04-17 10:35:27.890 -03 0017 INFO[0m [grpc] [34;1mAddTraceEvent[0m -> [core] [Channel #4]Channel Connectivity change to CONNECTING
[34m2026-04-17 10:35:27.890 -03 0018 INFO[0m [grpc] [34;1mAddTraceEvent[0m -> [core] [Channel #4 SubChannel #5]Subchannel created
[34m2026-04-17 10:35:27.890 -03 0019 INFO[0m [grpc] [34;1mAddTraceEvent[0m -> [core] [Channel #4]Channel exiting idle mode
[34m2026-04-17 10:35:27.890 -03 001a INFO[0m [grpc] [34;1mAddTraceEvent[0m -> [core] [Channel #4 SubChannel #5]Subchannel Connectivity change to CONNECTING
[34m2026-04-17 10:35:27.890 -03 001b INFO[0m [grpc] [34;1mAddTraceEvent[0m -> [core] [Channel #4 SubChannel #5]Subchannel picks a new address "10.10.20.151:7051" to connect
[34m2026-04-17 10:35:27.892 -03 001c INFO[0m [grpc] [34;1mAddTraceEvent[0m -> [core] [Channel #4 SubChannel #5]Subchannel Connectivity change to READY
[34m2026-04-17 10:35:27.892 -03 001d INFO[0m [grpc] [34;1mInfof[0m -> [pick-first-leaf-lb] [pick-first-leaf-lb 0xc0006453b0] SubConn 0xc000020370 reported connectivity state READY and the health listener is disabled. Transitioning SubConn to READY.
[34m2026-04-17 10:35:27.892 -03 001e INFO[0m [grpc] [34;1mAddTraceEvent[0m -> [core] [Channel #4]Channel Connectivity change to READY
[33m2026-04-17 10:35:27.893 -03 001f WARN[0m [grpc] [33;1mWarningf[0m -> [core] Adjusting keepalive ping interval to minimum period of 10s
[34m2026-04-17 10:35:27.893 -03 0020 INFO[0m [grpc] [34;1mInfof[0m -> [core] original dial target is: "10.10.20.151:7060"
[34m2026-04-17 10:35:27.893 -03 0021 INFO[0m [grpc] [34;1mAddTraceEvent[0m -> [core] [Channel #7]Channel created
[34m2026-04-17 10:35:27.893 -03 0022 INFO[0m [grpc] [34;1mAddTraceEvent[0m -> [core] [Channel #7]parsed dial target is: resolver.Target{URL:url.URL{Scheme:"passthrough", Opaque:"", User:(*url.Userinfo)(nil), Host:"", Path:"/10.10.20.151:7060", RawPath:"", OmitHost:false, ForceQuery:false, RawQuery:"", Fragment:"", RawFragment:""}}
[34m2026-04-17 10:35:27.893 -03 0023 INFO[0m [grpc] [34;1mAddTraceEvent[0m -> [core] [Channel #7]Channel authority set to "orderer0.exemplo.com"
[34m2026-04-17 10:35:27.893 -03 0024 INFO[0m [grpc] [34;1mAddTraceEvent[0m -> [core] [Channel #7]Resolver state updated: {
  "Addresses": [
    {
      "Addr": "10.10.20.151:7060",
      "ServerName": "",
      "Attributes": null,
      "BalancerAttributes": null,
      "Metadata": null
    }
  ],
  "Endpoints": [
    {
      "Addresses": [
        {
          "Addr": "10.10.20.151:7060",
          "ServerName": "",
          "Attributes": null,
          "BalancerAttributes": null,
          "Metadata": null
        }
      ],
      "Attributes": null
    }
  ],
  "ServiceConfig": null,
  "Attributes": null
} (resolver returned new addresses)
[34m2026-04-17 10:35:27.893 -03 0025 INFO[0m [grpc] [34;1mAddTraceEvent[0m -> [core] [Channel #7]Channel switches to new LB policy "pick_first"
[34m2026-04-17 10:35:27.893 -03 0026 INFO[0m [grpc] [34;1mInfof[0m -> [pick-first-leaf-lb] [pick-first-leaf-lb 0xc0004da2d0] Received new config {
  "shuffleAddressList": false
}, resolver state {
  "Addresses": [
    {
      "Addr": "10.10.20.151:7060",
      "ServerName": "",
      "Attributes": null,
      "BalancerAttributes": null,
      "Metadata": null
    }
  ],
  "Endpoints": [
    {
      "Addresses": [
        {
          "Addr": "10.10.20.151:7060",
          "ServerName": "",
          "Attributes": null,
          "BalancerAttributes": null,
          "Metadata": null
        }
      ],
      "Attributes": null
    }
  ],
  "ServiceConfig": null,
  "Attributes": null
}
[34m2026-04-17 10:35:27.893 -03 0027 INFO[0m [grpc] [34;1mAddTraceEvent[0m -> [core] [Channel #7]Channel Connectivity change to CONNECTING
[34m2026-04-17 10:35:27.893 -03 0028 INFO[0m [grpc] [34;1mAddTraceEvent[0m -> [core] [Channel #7 SubChannel #8]Subchannel created
[34m2026-04-17 10:35:27.893 -03 0029 INFO[0m [grpc] [34;1mAddTraceEvent[0m -> [core] [Channel #7]Channel exiting idle mode
[34m2026-04-17 10:35:27.893 -03 002a INFO[0m [grpc] [34;1mAddTraceEvent[0m -> [core] [Channel #7 SubChannel #8]Subchannel Connectivity change to CONNECTING
[34m2026-04-17 10:35:27.894 -03 002b INFO[0m [grpc] [34;1mAddTraceEvent[0m -> [core] [Channel #7 SubChannel #8]Subchannel picks a new address "10.10.20.151:7060" to connect
[34m2026-04-17 10:35:27.896 -03 002c INFO[0m [grpc] [34;1mAddTraceEvent[0m -> [core] [Channel #7 SubChannel #8]Subchannel Connectivity change to READY
[34m2026-04-17 10:35:27.896 -03 002d INFO[0m [grpc] [34;1mInfof[0m -> [pick-first-leaf-lb] [pick-first-leaf-lb 0xc0004da2d0] SubConn 0xc00027e780 reported connectivity state READY and the health listener is disabled. Transitioning SubConn to READY.
[34m2026-04-17 10:35:27.896 -03 002e INFO[0m [grpc] [34;1mAddTraceEvent[0m -> [core] [Channel #7]Channel Connectivity change to READY
[34m2026-04-17 10:35:28.040 -03 002f INFO[0m [chaincodeCmd] [34;1mClientWait[0m -> txid [c7ef0038386fe7f6dd56a339b64ecca25afc3520a5bb4fdd69d4d731a98f4021] committed with status (VALID) at 10.10.20.151:7051
[34m2026-04-17 10:35:28.124 -03 0001 INFO[0m [grpc] [34;1mInfof[0m -> [core] original dial target is: "10.10.20.151:9051"
[34m2026-04-17 10:35:28.124 -03 0002 INFO[0m [grpc] [34;1mAddTraceEvent[0m -> [core] [Channel #1]Channel created
[34m2026-04-17 10:35:28.124 -03 0003 INFO[0m [grpc] [34;1mAddTraceEvent[0m -> [core] [Channel #1]parsed dial target is: resolver.Target{URL:url.URL{Scheme:"passthrough", Opaque:"", User:(*url.Userinfo)(nil), Host:"", Path:"/10.10.20.151:9051", RawPath:"", OmitHost:false, ForceQuery:false, RawQuery:"", Fragment:"", RawFragment:""}}
[34m2026-04-17 10:35:28.124 -03 0004 INFO[0m [grpc] [34;1mAddTraceEvent[0m -> [core] [Channel #1]Channel authority set to "10.10.20.151:9051"
[34m2026-04-17 10:35:28.124 -03 0005 INFO[0m [grpc] [34;1mAddTraceEvent[0m -> [core] [Channel #1]Resolver state updated: {
  "Addresses": [
    {
      "Addr": "10.10.20.151:9051",
      "ServerName": "",
      "Attributes": null,
      "BalancerAttributes": null,
      "Metadata": null
    }
  ],
  "Endpoints": [
    {
      "Addresses": [
        {
          "Addr": "10.10.20.151:9051",
          "ServerName": "",
          "Attributes": null,
          "BalancerAttributes": null,
          "Metadata": null
        }
      ],
      "Attributes": null
    }
  ],
  "ServiceConfig": null,
  "Attributes": null
} (resolver returned new addresses)
[34m2026-04-17 10:35:28.124 -03 0006 INFO[0m [grpc] [34;1mAddTraceEvent[0m -> [core] [Channel #1]Channel switches to new LB policy "pick_first"
[34m2026-04-17 10:35:28.124 -03 0007 INFO[0m [grpc] [34;1mInfof[0m -> [pick-first-leaf-lb] [pick-first-leaf-lb 0xc000636990] Received new config {
  "shuffleAddressList": false
}, resolver state {
  "Addresses": [
    {
      "Addr": "10.10.20.151:9051",
      "ServerName": "",
      "Attributes": null,
      "BalancerAttributes": null,
      "Metadata": null
    }
  ],
  "Endpoints": [
    {
      "Addresses": [
        {
          "Addr": "10.10.20.151:9051",
          "ServerName": "",
          "Attributes": null,
          "BalancerAttributes": null,
          "Metadata": null
        }
      ],
      "Attributes": null
    }
  ],
  "ServiceConfig": null,
  "Attributes": null
}
[34m2026-04-17 10:35:28.124 -03 0008 INFO[0m [grpc] [34;1mAddTraceEvent[0m -> [core] [Channel #1]Channel Connectivity change to CONNECTING
[34m2026-04-17 10:35:28.124 -03 0009 INFO[0m [grpc] [34;1mAddTraceEvent[0m -> [core] [Channel #1 SubChannel #2]Subchannel created
[34m2026-04-17 10:35:28.124 -03 000a INFO[0m [grpc] [34;1mAddTraceEvent[0m -> [core] [Channel #1]Channel exiting idle mode
[34m2026-04-17 10:35:28.124 -03 000b INFO[0m [grpc] [34;1mAddTraceEvent[0m -> [core] [Channel #1 SubChannel #2]Subchannel Connectivity change to CONNECTING
[34m2026-04-17 10:35:28.124 -03 000c INFO[0m [grpc] [34;1mAddTraceEvent[0m -> [core] [Channel #1 SubChannel #2]Subchannel picks a new address "10.10.20.151:9051" to connect
[34m2026-04-17 10:35:28.125 -03 000d INFO[0m [grpc] [34;1mAddTraceEvent[0m -> [core] [Channel #1 SubChannel #2]Subchannel Connectivity change to READY
[34m2026-04-17 10:35:28.125 -03 000e INFO[0m [grpc] [34;1mInfof[0m -> [pick-first-leaf-lb] [pick-first-leaf-lb 0xc000636990] SubConn 0xc000738fa0 reported connectivity state READY and the health listener is disabled. Transitioning SubConn to READY.
[34m2026-04-17 10:35:28.125 -03 000f INFO[0m [grpc] [34;1mAddTraceEvent[0m -> [core] [Channel #1]Channel Connectivity change to READY
[34m2026-04-17 10:35:28.126 -03 0010 INFO[0m [grpc] [34;1mInfof[0m -> [core] original dial target is: "10.10.20.151:9051"
[34m2026-04-17 10:35:28.126 -03 0011 INFO[0m [grpc] [34;1mAddTraceEvent[0m -> [core] [Channel #4]Channel created
[34m2026-04-17 10:35:28.126 -03 0012 INFO[0m [grpc] [34;1mAddTraceEvent[0m -> [core] [Channel #4]parsed dial target is: resolver.Target{URL:url.URL{Scheme:"passthrough", Opaque:"", User:(*url.Userinfo)(nil), Host:"", Path:"/10.10.20.151:9051", RawPath:"", OmitHost:false, ForceQuery:false, RawQuery:"", Fragment:"", RawFragment:""}}
[34m2026-04-17 10:35:28.126 -03 0013 INFO[0m [grpc] [34;1mAddTraceEvent[0m -> [core] [Channel #4]Channel authority set to "10.10.20.151:9051"
[34m2026-04-17 10:35:28.126 -03 0014 INFO[0m [grpc] [34;1mAddTraceEvent[0m -> [core] [Channel #4]Resolver state updated: {
  "Addresses": [
    {
      "Addr": "10.10.20.151:9051",
      "ServerName": "",
      "Attributes": null,
      "BalancerAttributes": null,
      "Metadata": null
    }
  ],
  "Endpoints": [
    {
      "Addresses": [
        {
          "Addr": "10.10.20.151:9051",
          "ServerName": "",
          "Attributes": null,
          "BalancerAttributes": null,
          "Metadata": null
        }
      ],
      "Attributes": null
    }
  ],
  "ServiceConfig": null,
  "Attributes": null
} (resolver returned new addresses)
[34m2026-04-17 10:35:28.126 -03 0015 INFO[0m [grpc] [34;1mAddTraceEvent[0m -> [core] [Channel #4]Channel switches to new LB policy "pick_first"
[34m2026-04-17 10:35:28.126 -03 0016 INFO[0m [grpc] [34;1mInfof[0m -> [pick-first-leaf-lb] [pick-first-leaf-lb 0xc000636b40] Received new config {
  "shuffleAddressList": false
}, resolver state {
  "Addresses": [
    {
      "Addr": "10.10.20.151:9051",
      "ServerName": "",
      "Attributes": null,
      "BalancerAttributes": null,
      "Metadata": null
    }
  ],
  "Endpoints": [
    {
      "Addresses": [
        {
          "Addr": "10.10.20.151:9051",
          "ServerName": "",
          "Attributes": null,
          "BalancerAttributes": null,
          "Metadata": null
        }
      ],
      "Attributes": null
    }
  ],
  "ServiceConfig": null,
  "Attributes": null
}
[34m2026-04-17 10:35:28.126 -03 0017 INFO[0m [grpc] [34;1mAddTraceEvent[0m -> [core] [Channel #4]Channel Connectivity change to CONNECTING
[34m2026-04-17 10:35:28.126 -03 0018 INFO[0m [grpc] [34;1mAddTraceEvent[0m -> [core] [Channel #4 SubChannel #5]Subchannel created
[34m2026-04-17 10:35:28.126 -03 0019 INFO[0m [grpc] [34;1mAddTraceEvent[0m -> [core] [Channel #4]Channel exiting idle mode
[34m2026-04-17 10:35:28.126 -03 001a INFO[0m [grpc] [34;1mAddTraceEvent[0m -> [core] [Channel #4 SubChannel #5]Subchannel Connectivity change to CONNECTING
[34m2026-04-17 10:35:28.126 -03 001b INFO[0m [grpc] [34;1mAddTraceEvent[0m -> [core] [Channel #4 SubChannel #5]Subchannel picks a new address "10.10.20.151:9051" to connect
[34m2026-04-17 10:35:28.127 -03 001c INFO[0m [grpc] [34;1mAddTraceEvent[0m -> [core] [Channel #4 SubChannel #5]Subchannel Connectivity change to READY
[34m2026-04-17 10:35:28.127 -03 001d INFO[0m [grpc] [34;1mInfof[0m -> [pick-first-leaf-lb] [pick-first-leaf-lb 0xc000636b40] SubConn 0xc000739130 reported connectivity state READY and the health listener is disabled. Transitioning SubConn to READY.
[34m2026-04-17 10:35:28.127 -03 001e INFO[0m [grpc] [34;1mAddTraceEvent[0m -> [core] [Channel #4]Channel Connectivity change to READY
[33m2026-04-17 10:35:28.128 -03 001f WARN[0m [grpc] [33;1mWarningf[0m -> [core] Adjusting keepalive ping interval to minimum period of 10s
[34m2026-04-17 10:35:28.128 -03 0020 INFO[0m [grpc] [34;1mInfof[0m -> [core] original dial target is: "10.10.20.151:7060"
[34m2026-04-17 10:35:28.128 -03 0021 INFO[0m [grpc] [34;1mAddTraceEvent[0m -> [core] [Channel #7]Channel created
[34m2026-04-17 10:35:28.128 -03 0022 INFO[0m [grpc] [34;1mAddTraceEvent[0m -> [core] [Channel #7]parsed dial target is: resolver.Target{URL:url.URL{Scheme:"passthrough", Opaque:"", User:(*url.Userinfo)(nil), Host:"", Path:"/10.10.20.151:7060", RawPath:"", OmitHost:false, ForceQuery:false, RawQuery:"", Fragment:"", RawFragment:""}}
[34m2026-04-17 10:35:28.128 -03 0023 INFO[0m [grpc] [34;1mAddTraceEvent[0m -> [core] [Channel #7]Channel authority set to "orderer0.exemplo.com"
[34m2026-04-17 10:35:28.128 -03 0024 INFO[0m [grpc] [34;1mAddTraceEvent[0m -> [core] [Channel #7]Resolver state updated: {
  "Addresses": [
    {
      "Addr": "10.10.20.151:7060",
      "ServerName": "",
      "Attributes": null,
      "BalancerAttributes": null,
      "Metadata": null
    }
  ],
  "Endpoints": [
    {
      "Addresses": [
        {
          "Addr": "10.10.20.151:7060",
          "ServerName": "",
          "Attributes": null,
          "BalancerAttributes": null,
          "Metadata": null
        }
      ],
      "Attributes": null
    }
  ],
  "ServiceConfig": null,
  "Attributes": null
} (resolver returned new addresses)
[34m2026-04-17 10:35:28.128 -03 0025 INFO[0m [grpc] [34;1mAddTraceEvent[0m -> [core] [Channel #7]Channel switches to new LB policy "pick_first"
[34m2026-04-17 10:35:28.128 -03 0026 INFO[0m [grpc] [34;1mInfof[0m -> [pick-first-leaf-lb] [pick-first-leaf-lb 0xc000668000] Received new config {
  "shuffleAddressList": false
}, resolver state {
  "Addresses": [
    {
      "Addr": "10.10.20.151:7060",
      "ServerName": "",
      "Attributes": null,
      "BalancerAttributes": null,
      "Metadata": null
    }
  ],
  "Endpoints": [
    {
      "Addresses": [
        {
          "Addr": "10.10.20.151:7060",
          "ServerName": "",
          "Attributes": null,
          "BalancerAttributes": null,
          "Metadata": null
        }
      ],
      "Attributes": null
    }
  ],
  "ServiceConfig": null,
  "Attributes": null
}
[34m2026-04-17 10:35:28.128 -03 0027 INFO[0m [grpc] [34;1mAddTraceEvent[0m -> [core] [Channel #7]Channel Connectivity change to CONNECTING
[34m2026-04-17 10:35:28.128 -03 0028 INFO[0m [grpc] [34;1mAddTraceEvent[0m -> [core] [Channel #7 SubChannel #8]Subchannel created
[34m2026-04-17 10:35:28.128 -03 0029 INFO[0m [grpc] [34;1mAddTraceEvent[0m -> [core] [Channel #7]Channel exiting idle mode
[34m2026-04-17 10:35:28.128 -03 002a INFO[0m [grpc] [34;1mAddTraceEvent[0m -> [core] [Channel #7 SubChannel #8]Subchannel Connectivity change to CONNECTING
[34m2026-04-17 10:35:28.128 -03 002b INFO[0m [grpc] [34;1mAddTraceEvent[0m -> [core] [Channel #7 SubChannel #8]Subchannel picks a new address "10.10.20.151:7060" to connect
[34m2026-04-17 10:35:28.130 -03 002c INFO[0m [grpc] [34;1mAddTraceEvent[0m -> [core] [Channel #7 SubChannel #8]Subchannel Connectivity change to READY
[34m2026-04-17 10:35:28.130 -03 002d INFO[0m [grpc] [34;1mInfof[0m -> [pick-first-leaf-lb] [pick-first-leaf-lb 0xc000668000] SubConn 0xc000738370 reported connectivity state READY and the health listener is disabled. Transitioning SubConn to READY.
[34m2026-04-17 10:35:28.130 -03 002e INFO[0m [grpc] [34;1mAddTraceEvent[0m -> [core] [Channel #7]Channel Connectivity change to READY
[34m2026-04-17 10:35:28.248 -03 002f INFO[0m [chaincodeCmd] [34;1mClientWait[0m -> txid [a1dbd86d2ad92c66ffc525193ce97805b8586a225df5556dc2cf6bddc43bad4a] committed with status (VALID) at 10.10.20.151:9051
[34m2026-04-17 10:35:28.292 -03 0001 INFO[0m [grpc] [34;1mInfof[0m -> [core] original dial target is: "10.10.20.152:11051"
[34m2026-04-17 10:35:28.292 -03 0002 INFO[0m [grpc] [34;1mAddTraceEvent[0m -> [core] [Channel #1]Channel created
[34m2026-04-17 10:35:28.292 -03 0003 INFO[0m [grpc] [34;1mAddTraceEvent[0m -> [core] [Channel #1]parsed dial target is: resolver.Target{URL:url.URL{Scheme:"passthrough", Opaque:"", User:(*url.Userinfo)(nil), Host:"", Path:"/10.10.20.152:11051", RawPath:"", OmitHost:false, ForceQuery:false, RawQuery:"", Fragment:"", RawFragment:""}}
[34m2026-04-17 10:35:28.292 -03 0004 INFO[0m [grpc] [34;1mAddTraceEvent[0m -> [core] [Channel #1]Channel authority set to "10.10.20.152:11051"
[34m2026-04-17 10:35:28.292 -03 0005 INFO[0m [grpc] [34;1mAddTraceEvent[0m -> [core] [Channel #1]Resolver state updated: {
  "Addresses": [
    {
      "Addr": "10.10.20.152:11051",
      "ServerName": "",
      "Attributes": null,
      "BalancerAttributes": null,
      "Metadata": null
    }
  ],
  "Endpoints": [
    {
      "Addresses": [
        {
          "Addr": "10.10.20.152:11051",
          "ServerName": "",
          "Attributes": null,
          "BalancerAttributes": null,
          "Metadata": null
        }
      ],
      "Attributes": null
    }
  ],
  "ServiceConfig": null,
  "Attributes": null
} (resolver returned new addresses)
[34m2026-04-17 10:35:28.292 -03 0006 INFO[0m [grpc] [34;1mAddTraceEvent[0m -> [core] [Channel #1]Channel switches to new LB policy "pick_first"
[34m2026-04-17 10:35:28.292 -03 0007 INFO[0m [grpc] [34;1mInfof[0m -> [pick-first-leaf-lb] [pick-first-leaf-lb 0xc000296630] Received new config {
  "shuffleAddressList": false
}, resolver state {
  "Addresses": [
    {
      "Addr": "10.10.20.152:11051",
      "ServerName": "",
      "Attributes": null,
      "BalancerAttributes": null,
      "Metadata": null
    }
  ],
  "Endpoints": [
    {
      "Addresses": [
        {
          "Addr": "10.10.20.152:11051",
          "ServerName": "",
          "Attributes": null,
          "BalancerAttributes": null,
          "Metadata": null
        }
      ],
      "Attributes": null
    }
  ],
  "ServiceConfig": null,
  "Attributes": null
}
[34m2026-04-17 10:35:28.292 -03 0008 INFO[0m [grpc] [34;1mAddTraceEvent[0m -> [core] [Channel #1]Channel Connectivity change to CONNECTING
[34m2026-04-17 10:35:28.292 -03 0009 INFO[0m [grpc] [34;1mAddTraceEvent[0m -> [core] [Channel #1 SubChannel #2]Subchannel created
[34m2026-04-17 10:35:28.292 -03 000a INFO[0m [grpc] [34;1mAddTraceEvent[0m -> [core] [Channel #1]Channel exiting idle mode
[34m2026-04-17 10:35:28.292 -03 000b INFO[0m [grpc] [34;1mAddTraceEvent[0m -> [core] [Channel #1 SubChannel #2]Subchannel Connectivity change to CONNECTING
[34m2026-04-17 10:35:28.292 -03 000c INFO[0m [grpc] [34;1mAddTraceEvent[0m -> [core] [Channel #1 SubChannel #2]Subchannel picks a new address "10.10.20.152:11051" to connect
[34m2026-04-17 10:35:28.294 -03 000d INFO[0m [grpc] [34;1mAddTraceEvent[0m -> [core] [Channel #1 SubChannel #2]Subchannel Connectivity change to READY
[34m2026-04-17 10:35:28.294 -03 000e INFO[0m [grpc] [34;1mInfof[0m -> [pick-first-leaf-lb] [pick-first-leaf-lb 0xc000296630] SubConn 0xc0001560f0 reported connectivity state READY and the health listener is disabled. Transitioning SubConn to READY.
[34m2026-04-17 10:35:28.294 -03 000f INFO[0m [grpc] [34;1mAddTraceEvent[0m -> [core] [Channel #1]Channel Connectivity change to READY
[34m2026-04-17 10:35:28.295 -03 0010 INFO[0m [grpc] [34;1mInfof[0m -> [core] original dial target is: "10.10.20.152:11051"
[34m2026-04-17 10:35:28.295 -03 0011 INFO[0m [grpc] [34;1mAddTraceEvent[0m -> [core] [Channel #4]Channel created
[34m2026-04-17 10:35:28.295 -03 0012 INFO[0m [grpc] [34;1mAddTraceEvent[0m -> [core] [Channel #4]parsed dial target is: resolver.Target{URL:url.URL{Scheme:"passthrough", Opaque:"", User:(*url.Userinfo)(nil), Host:"", Path:"/10.10.20.152:11051", RawPath:"", OmitHost:false, ForceQuery:false, RawQuery:"", Fragment:"", RawFragment:""}}
[34m2026-04-17 10:35:28.295 -03 0013 INFO[0m [grpc] [34;1mAddTraceEvent[0m -> [core] [Channel #4]Channel authority set to "10.10.20.152:11051"
[34m2026-04-17 10:35:28.295 -03 0014 INFO[0m [grpc] [34;1mAddTraceEvent[0m -> [core] [Channel #4]Resolver state updated: {
  "Addresses": [
    {
      "Addr": "10.10.20.152:11051",
      "ServerName": "",
      "Attributes": null,
      "BalancerAttributes": null,
      "Metadata": null
    }
  ],
  "Endpoints": [
    {
      "Addresses": [
        {
          "Addr": "10.10.20.152:11051",
          "ServerName": "",
          "Attributes": null,
          "BalancerAttributes": null,
          "Metadata": null
        }
      ],
      "Attributes": null
    }
  ],
  "ServiceConfig": null,
  "Attributes": null
} (resolver returned new addresses)
[34m2026-04-17 10:35:28.295 -03 0015 INFO[0m [grpc] [34;1mAddTraceEvent[0m -> [core] [Channel #4]Channel switches to new LB policy "pick_first"
[34m2026-04-17 10:35:28.295 -03 0016 INFO[0m [grpc] [34;1mInfof[0m -> [pick-first-leaf-lb] [pick-first-leaf-lb 0xc0003d06c0] Received new config {
  "shuffleAddressList": false
}, resolver state {
  "Addresses": [
    {
      "Addr": "10.10.20.152:11051",
      "ServerName": "",
      "Attributes": null,
      "BalancerAttributes": null,
      "Metadata": null
    }
  ],
  "Endpoints": [
    {
      "Addresses": [
        {
          "Addr": "10.10.20.152:11051",
          "ServerName": "",
          "Attributes": null,
          "BalancerAttributes": null,
          "Metadata": null
        }
      ],
      "Attributes": null
    }
  ],
  "ServiceConfig": null,
  "Attributes": null
}
[34m2026-04-17 10:35:28.295 -03 0017 INFO[0m [grpc] [34;1mAddTraceEvent[0m -> [core] [Channel #4]Channel Connectivity change to CONNECTING
[34m2026-04-17 10:35:28.295 -03 0018 INFO[0m [grpc] [34;1mAddTraceEvent[0m -> [core] [Channel #4 SubChannel #5]Subchannel created
[34m2026-04-17 10:35:28.295 -03 0019 INFO[0m [grpc] [34;1mAddTraceEvent[0m -> [core] [Channel #4]Channel exiting idle mode
[34m2026-04-17 10:35:28.295 -03 001a INFO[0m [grpc] [34;1mAddTraceEvent[0m -> [core] [Channel #4 SubChannel #5]Subchannel Connectivity change to CONNECTING
[34m2026-04-17 10:35:28.295 -03 001b INFO[0m [grpc] [34;1mAddTraceEvent[0m -> [core] [Channel #4 SubChannel #5]Subchannel picks a new address "10.10.20.152:11051" to connect
[34m2026-04-17 10:35:28.297 -03 001c INFO[0m [grpc] [34;1mAddTraceEvent[0m -> [core] [Channel #4 SubChannel #5]Subchannel Connectivity change to READY
[34m2026-04-17 10:35:28.297 -03 001d INFO[0m [grpc] [34;1mInfof[0m -> [pick-first-leaf-lb] [pick-first-leaf-lb 0xc0003d06c0] SubConn 0xc000156460 reported connectivity state READY and the health listener is disabled. Transitioning SubConn to READY.
[34m2026-04-17 10:35:28.297 -03 001e INFO[0m [grpc] [34;1mAddTraceEvent[0m -> [core] [Channel #4]Channel Connectivity change to READY
[33m2026-04-17 10:35:28.298 -03 001f WARN[0m [grpc] [33;1mWarningf[0m -> [core] Adjusting keepalive ping interval to minimum period of 10s
[34m2026-04-17 10:35:28.298 -03 0020 INFO[0m [grpc] [34;1mInfof[0m -> [core] original dial target is: "10.10.20.151:7060"
[34m2026-04-17 10:35:28.298 -03 0021 INFO[0m [grpc] [34;1mAddTraceEvent[0m -> [core] [Channel #7]Channel created
[34m2026-04-17 10:35:28.298 -03 0022 INFO[0m [grpc] [34;1mAddTraceEvent[0m -> [core] [Channel #7]parsed dial target is: resolver.Target{URL:url.URL{Scheme:"passthrough", Opaque:"", User:(*url.Userinfo)(nil), Host:"", Path:"/10.10.20.151:7060", RawPath:"", OmitHost:false, ForceQuery:false, RawQuery:"", Fragment:"", RawFragment:""}}
[34m2026-04-17 10:35:28.298 -03 0023 INFO[0m [grpc] [34;1mAddTraceEvent[0m -> [core] [Channel #7]Channel authority set to "orderer0.exemplo.com"
[34m2026-04-17 10:35:28.298 -03 0024 INFO[0m [grpc] [34;1mAddTraceEvent[0m -> [core] [Channel #7]Resolver state updated: {
  "Addresses": [
    {
      "Addr": "10.10.20.151:7060",
      "ServerName": "",
      "Attributes": null,
      "BalancerAttributes": null,
      "Metadata": null
    }
  ],
  "Endpoints": [
    {
      "Addresses": [
        {
          "Addr": "10.10.20.151:7060",
          "ServerName": "",
          "Attributes": null,
          "BalancerAttributes": null,
          "Metadata": null
        }
      ],
      "Attributes": null
    }
  ],
  "ServiceConfig": null,
  "Attributes": null
} (resolver returned new addresses)
[34m2026-04-17 10:35:28.298 -03 0025 INFO[0m [grpc] [34;1mAddTraceEvent[0m -> [core] [Channel #7]Channel switches to new LB policy "pick_first"
[34m2026-04-17 10:35:28.298 -03 0026 INFO[0m [grpc] [34;1mInfof[0m -> [pick-first-leaf-lb] [pick-first-leaf-lb 0xc0005942d0] Received new config {
  "shuffleAddressList": false
}, resolver state {
  "Addresses": [
    {
      "Addr": "10.10.20.151:7060",
      "ServerName": "",
      "Attributes": null,
      "BalancerAttributes": null,
      "Metadata": null
    }
  ],
  "Endpoints": [
    {
      "Addresses": [
        {
          "Addr": "10.10.20.151:7060",
          "ServerName": "",
          "Attributes": null,
          "BalancerAttributes": null,
          "Metadata": null
        }
      ],
      "Attributes": null
    }
  ],
  "ServiceConfig": null,
  "Attributes": null
}
[34m2026-04-17 10:35:28.298 -03 0027 INFO[0m [grpc] [34;1mAddTraceEvent[0m -> [core] [Channel #7]Channel Connectivity change to CONNECTING
[34m2026-04-17 10:35:28.298 -03 0028 INFO[0m [grpc] [34;1mAddTraceEvent[0m -> [core] [Channel #7 SubChannel #8]Subchannel created
[34m2026-04-17 10:35:28.298 -03 0029 INFO[0m [grpc] [34;1mAddTraceEvent[0m -> [core] [Channel #7]Channel exiting idle mode
[34m2026-04-17 10:35:28.298 -03 002a INFO[0m [grpc] [34;1mAddTraceEvent[0m -> [core] [Channel #7 SubChannel #8]Subchannel Connectivity change to CONNECTING
[34m2026-04-17 10:35:28.298 -03 002b INFO[0m [grpc] [34;1mAddTraceEvent[0m -> [core] [Channel #7 SubChannel #8]Subchannel picks a new address "10.10.20.151:7060" to connect
[34m2026-04-17 10:35:28.300 -03 002c INFO[0m [grpc] [34;1mAddTraceEvent[0m -> [core] [Channel #7 SubChannel #8]Subchannel Connectivity change to READY
[34m2026-04-17 10:35:28.300 -03 002d INFO[0m [grpc] [34;1mInfof[0m -> [pick-first-leaf-lb] [pick-first-leaf-lb 0xc0005942d0] SubConn 0xc0005266e0 reported connectivity state READY and the health listener is disabled. Transitioning SubConn to READY.
[34m2026-04-17 10:35:28.300 -03 002e INFO[0m [grpc] [34;1mAddTraceEvent[0m -> [core] [Channel #7]Channel Connectivity change to READY
[34m2026-04-17 10:35:28.460 -03 002f INFO[0m [chaincodeCmd] [34;1mClientWait[0m -> txid [52b108684f2f804407f62da42bd604b62a30a31df9752d65d6681b2b54ce3c0b] committed with status (VALID) at 10.10.20.152:11051
[34m2026-04-17 10:35:28.520 -03 0001 INFO[0m [grpc] [34;1mInfof[0m -> [core] original dial target is: "10.10.20.152:13051"
[34m2026-04-17 10:35:28.520 -03 0002 INFO[0m [grpc] [34;1mAddTraceEvent[0m -> [core] [Channel #1]Channel created
[34m2026-04-17 10:35:28.520 -03 0003 INFO[0m [grpc] [34;1mAddTraceEvent[0m -> [core] [Channel #1]parsed dial target is: resolver.Target{URL:url.URL{Scheme:"passthrough", Opaque:"", User:(*url.Userinfo)(nil), Host:"", Path:"/10.10.20.152:13051", RawPath:"", OmitHost:false, ForceQuery:false, RawQuery:"", Fragment:"", RawFragment:""}}
[34m2026-04-17 10:35:28.520 -03 0004 INFO[0m [grpc] [34;1mAddTraceEvent[0m -> [core] [Channel #1]Channel authority set to "10.10.20.152:13051"
[34m2026-04-17 10:35:28.520 -03 0005 INFO[0m [grpc] [34;1mAddTraceEvent[0m -> [core] [Channel #1]Resolver state updated: {
  "Addresses": [
    {
      "Addr": "10.10.20.152:13051",
      "ServerName": "",
      "Attributes": null,
      "BalancerAttributes": null,
      "Metadata": null
    }
  ],
  "Endpoints": [
    {
      "Addresses": [
        {
          "Addr": "10.10.20.152:13051",
          "ServerName": "",
          "Attributes": null,
          "BalancerAttributes": null,
          "Metadata": null
        }
      ],
      "Attributes": null
    }
  ],
  "ServiceConfig": null,
  "Attributes": null
} (resolver returned new addresses)
[34m2026-04-17 10:35:28.520 -03 0006 INFO[0m [grpc] [34;1mAddTraceEvent[0m -> [core] [Channel #1]Channel switches to new LB policy "pick_first"
[34m2026-04-17 10:35:28.520 -03 0007 INFO[0m [grpc] [34;1mInfof[0m -> [pick-first-leaf-lb] [pick-first-leaf-lb 0xc0004f5440] Received new config {
  "shuffleAddressList": false
}, resolver state {
  "Addresses": [
    {
      "Addr": "10.10.20.152:13051",
      "ServerName": "",
      "Attributes": null,
      "BalancerAttributes": null,
      "Metadata": null
    }
  ],
  "Endpoints": [
    {
      "Addresses": [
        {
          "Addr": "10.10.20.152:13051",
          "ServerName": "",
          "Attributes": null,
          "BalancerAttributes": null,
          "Metadata": null
        }
      ],
      "Attributes": null
    }
  ],
  "ServiceConfig": null,
  "Attributes": null
}
[34m2026-04-17 10:35:28.520 -03 0008 INFO[0m [grpc] [34;1mAddTraceEvent[0m -> [core] [Channel #1]Channel Connectivity change to CONNECTING
[34m2026-04-17 10:35:28.520 -03 0009 INFO[0m [grpc] [34;1mAddTraceEvent[0m -> [core] [Channel #1 SubChannel #2]Subchannel created
[34m2026-04-17 10:35:28.521 -03 000a INFO[0m [grpc] [34;1mAddTraceEvent[0m -> [core] [Channel #1]Channel exiting idle mode
[34m2026-04-17 10:35:28.521 -03 000b INFO[0m [grpc] [34;1mAddTraceEvent[0m -> [core] [Channel #1 SubChannel #2]Subchannel Connectivity change to CONNECTING
[34m2026-04-17 10:35:28.521 -03 000c INFO[0m [grpc] [34;1mAddTraceEvent[0m -> [core] [Channel #1 SubChannel #2]Subchannel picks a new address "10.10.20.152:13051" to connect
[34m2026-04-17 10:35:28.524 -03 000d INFO[0m [grpc] [34;1mAddTraceEvent[0m -> [core] [Channel #1 SubChannel #2]Subchannel Connectivity change to READY
[34m2026-04-17 10:35:28.524 -03 000e INFO[0m [grpc] [34;1mInfof[0m -> [pick-first-leaf-lb] [pick-first-leaf-lb 0xc0004f5440] SubConn 0xc0000fe9b0 reported connectivity state READY and the health listener is disabled. Transitioning SubConn to READY.
[34m2026-04-17 10:35:28.524 -03 000f INFO[0m [grpc] [34;1mAddTraceEvent[0m -> [core] [Channel #1]Channel Connectivity change to READY
[34m2026-04-17 10:35:28.525 -03 0010 INFO[0m [grpc] [34;1mInfof[0m -> [core] original dial target is: "10.10.20.152:13051"
[34m2026-04-17 10:35:28.525 -03 0011 INFO[0m [grpc] [34;1mAddTraceEvent[0m -> [core] [Channel #4]Channel created
[34m2026-04-17 10:35:28.525 -03 0012 INFO[0m [grpc] [34;1mAddTraceEvent[0m -> [core] [Channel #4]parsed dial target is: resolver.Target{URL:url.URL{Scheme:"passthrough", Opaque:"", User:(*url.Userinfo)(nil), Host:"", Path:"/10.10.20.152:13051", RawPath:"", OmitHost:false, ForceQuery:false, RawQuery:"", Fragment:"", RawFragment:""}}
[34m2026-04-17 10:35:28.525 -03 0013 INFO[0m [grpc] [34;1mAddTraceEvent[0m -> [core] [Channel #4]Channel authority set to "10.10.20.152:13051"
[34m2026-04-17 10:35:28.525 -03 0014 INFO[0m [grpc] [34;1mAddTraceEvent[0m -> [core] [Channel #4]Resolver state updated: {
  "Addresses": [
    {
      "Addr": "10.10.20.152:13051",
      "ServerName": "",
      "Attributes": null,
      "BalancerAttributes": null,
      "Metadata": null
    }
  ],
  "Endpoints": [
    {
      "Addresses": [
        {
          "Addr": "10.10.20.152:13051",
          "ServerName": "",
          "Attributes": null,
          "BalancerAttributes": null,
          "Metadata": null
        }
      ],
      "Attributes": null
    }
  ],
  "ServiceConfig": null,
  "Attributes": null
} (resolver returned new addresses)
[34m2026-04-17 10:35:28.525 -03 0015 INFO[0m [grpc] [34;1mAddTraceEvent[0m -> [core] [Channel #4]Channel switches to new LB policy "pick_first"
[34m2026-04-17 10:35:28.525 -03 0016 INFO[0m [grpc] [34;1mInfof[0m -> [pick-first-leaf-lb] [pick-first-leaf-lb 0xc0004f5830] Received new config {
  "shuffleAddressList": false
}, resolver state {
  "Addresses": [
    {
      "Addr": "10.10.20.152:13051",
      "ServerName": "",
      "Attributes": null,
      "BalancerAttributes": null,
      "Metadata": null
    }
  ],
  "Endpoints": [
    {
      "Addresses": [
        {
          "Addr": "10.10.20.152:13051",
          "ServerName": "",
          "Attributes": null,
          "BalancerAttributes": null,
          "Metadata": null
        }
      ],
      "Attributes": null
    }
  ],
  "ServiceConfig": null,
  "Attributes": null
}
[34m2026-04-17 10:35:28.525 -03 0017 INFO[0m [grpc] [34;1mAddTraceEvent[0m -> [core] [Channel #4]Channel Connectivity change to CONNECTING
[34m2026-04-17 10:35:28.525 -03 0018 INFO[0m [grpc] [34;1mAddTraceEvent[0m -> [core] [Channel #4 SubChannel #5]Subchannel created
[34m2026-04-17 10:35:28.525 -03 0019 INFO[0m [grpc] [34;1mAddTraceEvent[0m -> [core] [Channel #4]Channel exiting idle mode
[34m2026-04-17 10:35:28.525 -03 001a INFO[0m [grpc] [34;1mAddTraceEvent[0m -> [core] [Channel #4 SubChannel #5]Subchannel Connectivity change to CONNECTING
[34m2026-04-17 10:35:28.525 -03 001b INFO[0m [grpc] [34;1mAddTraceEvent[0m -> [core] [Channel #4 SubChannel #5]Subchannel picks a new address "10.10.20.152:13051" to connect
[34m2026-04-17 10:35:28.528 -03 001c INFO[0m [grpc] [34;1mAddTraceEvent[0m -> [core] [Channel #4 SubChannel #5]Subchannel Connectivity change to READY
[34m2026-04-17 10:35:28.528 -03 001d INFO[0m [grpc] [34;1mInfof[0m -> [pick-first-leaf-lb] [pick-first-leaf-lb 0xc0004f5830] SubConn 0xc0000fed20 reported connectivity state READY and the health listener is disabled. Transitioning SubConn to READY.
[34m2026-04-17 10:35:28.528 -03 001e INFO[0m [grpc] [34;1mAddTraceEvent[0m -> [core] [Channel #4]Channel Connectivity change to READY
[33m2026-04-17 10:35:28.529 -03 001f WARN[0m [grpc] [33;1mWarningf[0m -> [core] Adjusting keepalive ping interval to minimum period of 10s
[34m2026-04-17 10:35:28.529 -03 0020 INFO[0m [grpc] [34;1mInfof[0m -> [core] original dial target is: "10.10.20.151:7060"
[34m2026-04-17 10:35:28.529 -03 0021 INFO[0m [grpc] [34;1mAddTraceEvent[0m -> [core] [Channel #7]Channel created
[34m2026-04-17 10:35:28.529 -03 0022 INFO[0m [grpc] [34;1mAddTraceEvent[0m -> [core] [Channel #7]parsed dial target is: resolver.Target{URL:url.URL{Scheme:"passthrough", Opaque:"", User:(*url.Userinfo)(nil), Host:"", Path:"/10.10.20.151:7060", RawPath:"", OmitHost:false, ForceQuery:false, RawQuery:"", Fragment:"", RawFragment:""}}
[34m2026-04-17 10:35:28.529 -03 0023 INFO[0m [grpc] [34;1mAddTraceEvent[0m -> [core] [Channel #7]Channel authority set to "orderer0.exemplo.com"
[34m2026-04-17 10:35:28.529 -03 0024 INFO[0m [grpc] [34;1mAddTraceEvent[0m -> [core] [Channel #7]Resolver state updated: {
  "Addresses": [
    {
      "Addr": "10.10.20.151:7060",
      "ServerName": "",
      "Attributes": null,
      "BalancerAttributes": null,
      "Metadata": null
    }
  ],
  "Endpoints": [
    {
      "Addresses": [
        {
          "Addr": "10.10.20.151:7060",
          "ServerName": "",
          "Attributes": null,
          "BalancerAttributes": null,
          "Metadata": null
        }
      ],
      "Attributes": null
    }
  ],
  "ServiceConfig": null,
  "Attributes": null
} (resolver returned new addresses)
[34m2026-04-17 10:35:28.529 -03 0025 INFO[0m [grpc] [34;1mAddTraceEvent[0m -> [core] [Channel #7]Channel switches to new LB policy "pick_first"
[34m2026-04-17 10:35:28.529 -03 0026 INFO[0m [grpc] [34;1mInfof[0m -> [pick-first-leaf-lb] [pick-first-leaf-lb 0xc000474090] Received new config {
  "shuffleAddressList": false
}, resolver state {
  "Addresses": [
    {
      "Addr": "10.10.20.151:7060",
      "ServerName": "",
      "Attributes": null,
      "BalancerAttributes": null,
      "Metadata": null
    }
  ],
  "Endpoints": [
    {
      "Addresses": [
        {
          "Addr": "10.10.20.151:7060",
          "ServerName": "",
          "Attributes": null,
          "BalancerAttributes": null,
          "Metadata": null
        }
      ],
      "Attributes": null
    }
  ],
  "ServiceConfig": null,
  "Attributes": null
}
[34m2026-04-17 10:35:28.529 -03 0027 INFO[0m [grpc] [34;1mAddTraceEvent[0m -> [core] [Channel #7]Channel Connectivity change to CONNECTING
[34m2026-04-17 10:35:28.529 -03 0028 INFO[0m [grpc] [34;1mAddTraceEvent[0m -> [core] [Channel #7 SubChannel #8]Subchannel created
[34m2026-04-17 10:35:28.529 -03 0029 INFO[0m [grpc] [34;1mAddTraceEvent[0m -> [core] [Channel #7]Channel exiting idle mode
[34m2026-04-17 10:35:28.529 -03 002a INFO[0m [grpc] [34;1mAddTraceEvent[0m -> [core] [Channel #7 SubChannel #8]Subchannel Connectivity change to CONNECTING
[34m2026-04-17 10:35:28.529 -03 002b INFO[0m [grpc] [34;1mAddTraceEvent[0m -> [core] [Channel #7 SubChannel #8]Subchannel picks a new address "10.10.20.151:7060" to connect
[34m2026-04-17 10:35:28.532 -03 002c INFO[0m [grpc] [34;1mAddTraceEvent[0m -> [core] [Channel #7 SubChannel #8]Subchannel Connectivity change to READY
[34m2026-04-17 10:35:28.532 -03 002d INFO[0m [grpc] [34;1mInfof[0m -> [pick-first-leaf-lb] [pick-first-leaf-lb 0xc000474090] SubConn 0xc000378500 reported connectivity state READY and the health listener is disabled. Transitioning SubConn to READY.
[34m2026-04-17 10:35:28.532 -03 002e INFO[0m [grpc] [34;1mAddTraceEvent[0m -> [core] [Channel #7]Channel Connectivity change to READY
[34m2026-04-17 10:35:28.679 -03 002f INFO[0m [chaincodeCmd] [34;1mClientWait[0m -> txid [e2c5db73db373b5b240bdef6efa82f323b8ffa0237cbb03ec9c966a7b9f0d2b8] committed with status (VALID) at 10.10.20.152:13051
[34m2026-04-17 10:35:28.727 -03 0001 INFO[0m [grpc] [34;1mInfof[0m -> [core] original dial target is: "10.10.20.151:7051"
[34m2026-04-17 10:35:28.727 -03 0002 INFO[0m [grpc] [34;1mAddTraceEvent[0m -> [core] [Channel #1]Channel created
[34m2026-04-17 10:35:28.727 -03 0003 INFO[0m [grpc] [34;1mAddTraceEvent[0m -> [core] [Channel #1]parsed dial target is: resolver.Target{URL:url.URL{Scheme:"passthrough", Opaque:"", User:(*url.Userinfo)(nil), Host:"", Path:"/10.10.20.151:7051", RawPath:"", OmitHost:false, ForceQuery:false, RawQuery:"", Fragment:"", RawFragment:""}}
[34m2026-04-17 10:35:28.727 -03 0004 INFO[0m [grpc] [34;1mAddTraceEvent[0m -> [core] [Channel #1]Channel authority set to "10.10.20.151:7051"
[34m2026-04-17 10:35:28.727 -03 0005 INFO[0m [grpc] [34;1mAddTraceEvent[0m -> [core] [Channel #1]Resolver state updated: {
  "Addresses": [
    {
      "Addr": "10.10.20.151:7051",
      "ServerName": "",
      "Attributes": null,
      "BalancerAttributes": null,
      "Metadata": null
    }
  ],
  "Endpoints": [
    {
      "Addresses": [
        {
          "Addr": "10.10.20.151:7051",
          "ServerName": "",
          "Attributes": null,
          "BalancerAttributes": null,
          "Metadata": null
        }
      ],
      "Attributes": null
    }
  ],
  "ServiceConfig": null,
  "Attributes": null
} (resolver returned new addresses)
[34m2026-04-17 10:35:28.727 -03 0006 INFO[0m [grpc] [34;1mAddTraceEvent[0m -> [core] [Channel #1]Channel switches to new LB policy "pick_first"
[34m2026-04-17 10:35:28.727 -03 0007 INFO[0m [grpc] [34;1mInfof[0m -> [pick-first-leaf-lb] [pick-first-leaf-lb 0xc00041bb00] Received new config {
  "shuffleAddressList": false
}, resolver state {
  "Addresses": [
    {
      "Addr": "10.10.20.151:7051",
      "ServerName": "",
      "Attributes": null,
      "BalancerAttributes": null,
      "Metadata": null
    }
  ],
  "Endpoints": [
    {
      "Addresses": [
        {
          "Addr": "10.10.20.151:7051",
          "ServerName": "",
          "Attributes": null,
          "BalancerAttributes": null,
          "Metadata": null
        }
      ],
      "Attributes": null
    }
  ],
  "ServiceConfig": null,
  "Attributes": null
}
[34m2026-04-17 10:35:28.727 -03 0008 INFO[0m [grpc] [34;1mAddTraceEvent[0m -> [core] [Channel #1]Channel Connectivity change to CONNECTING
[34m2026-04-17 10:35:28.727 -03 0009 INFO[0m [grpc] [34;1mAddTraceEvent[0m -> [core] [Channel #1 SubChannel #2]Subchannel created
[34m2026-04-17 10:35:28.727 -03 000a INFO[0m [grpc] [34;1mAddTraceEvent[0m -> [core] [Channel #1]Channel exiting idle mode
[34m2026-04-17 10:35:28.727 -03 000b INFO[0m [grpc] [34;1mAddTraceEvent[0m -> [core] [Channel #1 SubChannel #2]Subchannel Connectivity change to CONNECTING
[34m2026-04-17 10:35:28.727 -03 000c INFO[0m [grpc] [34;1mAddTraceEvent[0m -> [core] [Channel #1 SubChannel #2]Subchannel picks a new address "10.10.20.151:7051" to connect
[34m2026-04-17 10:35:28.728 -03 000d INFO[0m [grpc] [34;1mAddTraceEvent[0m -> [core] [Channel #1 SubChannel #2]Subchannel Connectivity change to READY
[34m2026-04-17 10:35:28.728 -03 000e INFO[0m [grpc] [34;1mInfof[0m -> [pick-first-leaf-lb] [pick-first-leaf-lb 0xc00041bb00] SubConn 0xc0001329b0 reported connectivity state READY and the health listener is disabled. Transitioning SubConn to READY.
[34m2026-04-17 10:35:28.728 -03 000f INFO[0m [grpc] [34;1mAddTraceEvent[0m -> [core] [Channel #1]Channel Connectivity change to READY
[34m2026-04-17 10:35:28.729 -03 0010 INFO[0m [grpc] [34;1mInfof[0m -> [core] original dial target is: "10.10.20.151:7051"
[34m2026-04-17 10:35:28.729 -03 0011 INFO[0m [grpc] [34;1mAddTraceEvent[0m -> [core] [Channel #4]Channel created
[34m2026-04-17 10:35:28.729 -03 0012 INFO[0m [grpc] [34;1mAddTraceEvent[0m -> [core] [Channel #4]parsed dial target is: resolver.Target{URL:url.URL{Scheme:"passthrough", Opaque:"", User:(*url.Userinfo)(nil), Host:"", Path:"/10.10.20.151:7051", RawPath:"", OmitHost:false, ForceQuery:false, RawQuery:"", Fragment:"", RawFragment:""}}
[34m2026-04-17 10:35:28.729 -03 0013 INFO[0m [grpc] [34;1mAddTraceEvent[0m -> [core] [Channel #4]Channel authority set to "10.10.20.151:7051"
[34m2026-04-17 10:35:28.729 -03 0014 INFO[0m [grpc] [34;1mAddTraceEvent[0m -> [core] [Channel #4]Resolver state updated: {
  "Addresses": [
    {
      "Addr": "10.10.20.151:7051",
      "ServerName": "",
      "Attributes": null,
      "BalancerAttributes": null,
      "Metadata": null
    }
  ],
  "Endpoints": [
    {
      "Addresses": [
        {
          "Addr": "10.10.20.151:7051",
          "ServerName": "",
          "Attributes": null,
          "BalancerAttributes": null,
          "Metadata": null
        }
      ],
      "Attributes": null
    }
  ],
  "ServiceConfig": null,
  "Attributes": null
} (resolver returned new addresses)
[34m2026-04-17 10:35:28.729 -03 0015 INFO[0m [grpc] [34;1mAddTraceEvent[0m -> [core] [Channel #4]Channel switches to new LB policy "pick_first"
[34m2026-04-17 10:35:28.729 -03 0016 INFO[0m [grpc] [34;1mInfof[0m -> [pick-first-leaf-lb] [pick-first-leaf-lb 0xc000262240] Received new config {
  "shuffleAddressList": false
}, resolver state {
  "Addresses": [
    {
      "Addr": "10.10.20.151:7051",
      "ServerName": "",
      "Attributes": null,
      "BalancerAttributes": null,
      "Metadata": null
    }
  ],
  "Endpoints": [
    {
      "Addresses": [
        {
          "Addr": "10.10.20.151:7051",
          "ServerName": "",
          "Attributes": null,
          "BalancerAttributes": null,
          "Metadata": null
        }
      ],
      "Attributes": null
    }
  ],
  "ServiceConfig": null,
  "Attributes": null
}
[34m2026-04-17 10:35:28.729 -03 0017 INFO[0m [grpc] [34;1mAddTraceEvent[0m -> [core] [Channel #4]Channel Connectivity change to CONNECTING
[34m2026-04-17 10:35:28.729 -03 0018 INFO[0m [grpc] [34;1mAddTraceEvent[0m -> [core] [Channel #4 SubChannel #5]Subchannel created
[34m2026-04-17 10:35:28.729 -03 0019 INFO[0m [grpc] [34;1mAddTraceEvent[0m -> [core] [Channel #4]Channel exiting idle mode
[34m2026-04-17 10:35:28.729 -03 001a INFO[0m [grpc] [34;1mAddTraceEvent[0m -> [core] [Channel #4 SubChannel #5]Subchannel Connectivity change to CONNECTING
[34m2026-04-17 10:35:28.729 -03 001b INFO[0m [grpc] [34;1mAddTraceEvent[0m -> [core] [Channel #4 SubChannel #5]Subchannel picks a new address "10.10.20.151:7051" to connect
[34m2026-04-17 10:35:28.730 -03 001c INFO[0m [grpc] [34;1mAddTraceEvent[0m -> [core] [Channel #4 SubChannel #5]Subchannel Connectivity change to READY
[34m2026-04-17 10:35:28.730 -03 001d INFO[0m [grpc] [34;1mInfof[0m -> [pick-first-leaf-lb] [pick-first-leaf-lb 0xc000262240] SubConn 0xc00051e0f0 reported connectivity state READY and the health listener is disabled. Transitioning SubConn to READY.
[34m2026-04-17 10:35:28.730 -03 001e INFO[0m [grpc] [34;1mAddTraceEvent[0m -> [core] [Channel #4]Channel Connectivity change to READY
[34m2026-04-17 10:35:28.731 -03 001f INFO[0m [grpc] [34;1mInfof[0m -> [core] original dial target is: "10.10.20.151:9051"
[34m2026-04-17 10:35:28.731 -03 0020 INFO[0m [grpc] [34;1mAddTraceEvent[0m -> [core] [Channel #7]Channel created
[34m2026-04-17 10:35:28.731 -03 0021 INFO[0m [grpc] [34;1mAddTraceEvent[0m -> [core] [Channel #7]parsed dial target is: resolver.Target{URL:url.URL{Scheme:"passthrough", Opaque:"", User:(*url.Userinfo)(nil), Host:"", Path:"/10.10.20.151:9051", RawPath:"", OmitHost:false, ForceQuery:false, RawQuery:"", Fragment:"", RawFragment:""}}
[34m2026-04-17 10:35:28.731 -03 0022 INFO[0m [grpc] [34;1mAddTraceEvent[0m -> [core] [Channel #7]Channel authority set to "10.10.20.151:9051"
[34m2026-04-17 10:35:28.731 -03 0023 INFO[0m [grpc] [34;1mAddTraceEvent[0m -> [core] [Channel #7]Resolver state updated: {
  "Addresses": [
    {
      "Addr": "10.10.20.151:9051",
      "ServerName": "",
      "Attributes": null,
      "BalancerAttributes": null,
      "Metadata": null
    }
  ],
  "Endpoints": [
    {
      "Addresses": [
        {
          "Addr": "10.10.20.151:9051",
          "ServerName": "",
          "Attributes": null,
          "BalancerAttributes": null,
          "Metadata": null
        }
      ],
      "Attributes": null
    }
  ],
  "ServiceConfig": null,
  "Attributes": null
} (resolver returned new addresses)
[34m2026-04-17 10:35:28.731 -03 0024 INFO[0m [grpc] [34;1mAddTraceEvent[0m -> [core] [Channel #7]Channel switches to new LB policy "pick_first"
[34m2026-04-17 10:35:28.731 -03 0025 INFO[0m [grpc] [34;1mInfof[0m -> [pick-first-leaf-lb] [pick-first-leaf-lb 0xc0002623f0] Received new config {
  "shuffleAddressList": false
}, resolver state {
  "Addresses": [
    {
      "Addr": "10.10.20.151:9051",
      "ServerName": "",
      "Attributes": null,
      "BalancerAttributes": null,
      "Metadata": null
    }
  ],
  "Endpoints": [
    {
      "Addresses": [
        {
          "Addr": "10.10.20.151:9051",
          "ServerName": "",
          "Attributes": null,
          "BalancerAttributes": null,
          "Metadata": null
        }
      ],
      "Attributes": null
    }
  ],
  "ServiceConfig": null,
  "Attributes": null
}
[34m2026-04-17 10:35:28.731 -03 0026 INFO[0m [grpc] [34;1mAddTraceEvent[0m -> [core] [Channel #7]Channel Connectivity change to CONNECTING
[34m2026-04-17 10:35:28.731 -03 0027 INFO[0m [grpc] [34;1mAddTraceEvent[0m -> [core] [Channel #7 SubChannel #8]Subchannel created
[34m2026-04-17 10:35:28.731 -03 0028 INFO[0m [grpc] [34;1mAddTraceEvent[0m -> [core] [Channel #7]Channel exiting idle mode
[34m2026-04-17 10:35:28.731 -03 0029 INFO[0m [grpc] [34;1mAddTraceEvent[0m -> [core] [Channel #7 SubChannel #8]Subchannel Connectivity change to CONNECTING
[34m2026-04-17 10:35:28.731 -03 002a INFO[0m [grpc] [34;1mAddTraceEvent[0m -> [core] [Channel #7 SubChannel #8]Subchannel picks a new address "10.10.20.151:9051" to connect
[34m2026-04-17 10:35:28.733 -03 002b INFO[0m [grpc] [34;1mAddTraceEvent[0m -> [core] [Channel #7 SubChannel #8]Subchannel Connectivity change to READY
[34m2026-04-17 10:35:28.733 -03 002c INFO[0m [grpc] [34;1mInfof[0m -> [pick-first-leaf-lb] [pick-first-leaf-lb 0xc0002623f0] SubConn 0xc00051e280 reported connectivity state READY and the health listener is disabled. Transitioning SubConn to READY.
[34m2026-04-17 10:35:28.733 -03 002d INFO[0m [grpc] [34;1mAddTraceEvent[0m -> [core] [Channel #7]Channel Connectivity change to READY
[34m2026-04-17 10:35:28.734 -03 002e INFO[0m [grpc] [34;1mInfof[0m -> [core] original dial target is: "10.10.20.151:9051"
[34m2026-04-17 10:35:28.734 -03 002f INFO[0m [grpc] [34;1mAddTraceEvent[0m -> [core] [Channel #10]Channel created
[34m2026-04-17 10:35:28.734 -03 0030 INFO[0m [grpc] [34;1mAddTraceEvent[0m -> [core] [Channel #10]parsed dial target is: resolver.Target{URL:url.URL{Scheme:"passthrough", Opaque:"", User:(*url.Userinfo)(nil), Host:"", Path:"/10.10.20.151:9051", RawPath:"", OmitHost:false, ForceQuery:false, RawQuery:"", Fragment:"", RawFragment:""}}
[34m2026-04-17 10:35:28.734 -03 0031 INFO[0m [grpc] [34;1mAddTraceEvent[0m -> [core] [Channel #10]Channel authority set to "10.10.20.151:9051"
[34m2026-04-17 10:35:28.734 -03 0032 INFO[0m [grpc] [34;1mAddTraceEvent[0m -> [core] [Channel #10]Resolver state updated: {
  "Addresses": [
    {
      "Addr": "10.10.20.151:9051",
      "ServerName": "",
      "Attributes": null,
      "BalancerAttributes": null,
      "Metadata": null
    }
  ],
  "Endpoints": [
    {
      "Addresses": [
        {
          "Addr": "10.10.20.151:9051",
          "ServerName": "",
          "Attributes": null,
          "BalancerAttributes": null,
          "Metadata": null
        }
      ],
      "Attributes": null
    }
  ],
  "ServiceConfig": null,
  "Attributes": null
} (resolver returned new addresses)
[34m2026-04-17 10:35:28.734 -03 0033 INFO[0m [grpc] [34;1mAddTraceEvent[0m -> [core] [Channel #10]Channel switches to new LB policy "pick_first"
[34m2026-04-17 10:35:28.734 -03 0034 INFO[0m [grpc] [34;1mInfof[0m -> [pick-first-leaf-lb] [pick-first-leaf-lb 0xc00057c000] Received new config {
  "shuffleAddressList": false
}, resolver state {
  "Addresses": [
    {
      "Addr": "10.10.20.151:9051",
      "ServerName": "",
      "Attributes": null,
      "BalancerAttributes": null,
      "Metadata": null
    }
  ],
  "Endpoints": [
    {
      "Addresses": [
        {
          "Addr": "10.10.20.151:9051",
          "ServerName": "",
          "Attributes": null,
          "BalancerAttributes": null,
          "Metadata": null
        }
      ],
      "Attributes": null
    }
  ],
  "ServiceConfig": null,
  "Attributes": null
}
[34m2026-04-17 10:35:28.734 -03 0035 INFO[0m [grpc] [34;1mAddTraceEvent[0m -> [core] [Channel #10]Channel Connectivity change to CONNECTING
[34m2026-04-17 10:35:28.734 -03 0036 INFO[0m [grpc] [34;1mAddTraceEvent[0m -> [core] [Channel #10 SubChannel #11]Subchannel created
[34m2026-04-17 10:35:28.734 -03 0037 INFO[0m [grpc] [34;1mAddTraceEvent[0m -> [core] [Channel #10]Channel exiting idle mode
[34m2026-04-17 10:35:28.734 -03 0038 INFO[0m [grpc] [34;1mAddTraceEvent[0m -> [core] [Channel #10 SubChannel #11]Subchannel Connectivity change to CONNECTING
[34m2026-04-17 10:35:28.734 -03 0039 INFO[0m [grpc] [34;1mAddTraceEvent[0m -> [core] [Channel #10 SubChannel #11]Subchannel picks a new address "10.10.20.151:9051" to connect
[34m2026-04-17 10:35:28.736 -03 003a INFO[0m [grpc] [34;1mAddTraceEvent[0m -> [core] [Channel #10 SubChannel #11]Subchannel Connectivity change to READY
[34m2026-04-17 10:35:28.736 -03 003b INFO[0m [grpc] [34;1mInfof[0m -> [pick-first-leaf-lb] [pick-first-leaf-lb 0xc00057c000] SubConn 0xc00051e820 reported connectivity state READY and the health listener is disabled. Transitioning SubConn to READY.
[34m2026-04-17 10:35:28.736 -03 003c INFO[0m [grpc] [34;1mAddTraceEvent[0m -> [core] [Channel #10]Channel Connectivity change to READY
[34m2026-04-17 10:35:28.737 -03 003d INFO[0m [grpc] [34;1mInfof[0m -> [core] original dial target is: "10.10.20.152:11051"
[34m2026-04-17 10:35:28.737 -03 003e INFO[0m [grpc] [34;1mAddTraceEvent[0m -> [core] [Channel #13]Channel created
[34m2026-04-17 10:35:28.737 -03 003f INFO[0m [grpc] [34;1mAddTraceEvent[0m -> [core] [Channel #13]parsed dial target is: resolver.Target{URL:url.URL{Scheme:"passthrough", Opaque:"", User:(*url.Userinfo)(nil), Host:"", Path:"/10.10.20.152:11051", RawPath:"", OmitHost:false, ForceQuery:false, RawQuery:"", Fragment:"", RawFragment:""}}
[34m2026-04-17 10:35:28.737 -03 0040 INFO[0m [grpc] [34;1mAddTraceEvent[0m -> [core] [Channel #13]Channel authority set to "10.10.20.152:11051"
[34m2026-04-17 10:35:28.737 -03 0041 INFO[0m [grpc] [34;1mAddTraceEvent[0m -> [core] [Channel #13]Resolver state updated: {
  "Addresses": [
    {
      "Addr": "10.10.20.152:11051",
      "ServerName": "",
      "Attributes": null,
      "BalancerAttributes": null,
      "Metadata": null
    }
  ],
  "Endpoints": [
    {
      "Addresses": [
        {
          "Addr": "10.10.20.152:11051",
          "ServerName": "",
          "Attributes": null,
          "BalancerAttributes": null,
          "Metadata": null
        }
      ],
      "Attributes": null
    }
  ],
  "ServiceConfig": null,
  "Attributes": null
} (resolver returned new addresses)
[34m2026-04-17 10:35:28.737 -03 0042 INFO[0m [grpc] [34;1mAddTraceEvent[0m -> [core] [Channel #13]Channel switches to new LB policy "pick_first"
[34m2026-04-17 10:35:28.737 -03 0043 INFO[0m [grpc] [34;1mInfof[0m -> [pick-first-leaf-lb] [pick-first-leaf-lb 0xc0004de510] Received new config {
  "shuffleAddressList": false
}, resolver state {
  "Addresses": [
    {
      "Addr": "10.10.20.152:11051",
      "ServerName": "",
      "Attributes": null,
      "BalancerAttributes": null,
      "Metadata": null
    }
  ],
  "Endpoints": [
    {
      "Addresses": [
        {
          "Addr": "10.10.20.152:11051",
          "ServerName": "",
          "Attributes": null,
          "BalancerAttributes": null,
          "Metadata": null
        }
      ],
      "Attributes": null
    }
  ],
  "ServiceConfig": null,
  "Attributes": null
}
[34m2026-04-17 10:35:28.737 -03 0044 INFO[0m [grpc] [34;1mAddTraceEvent[0m -> [core] [Channel #13]Channel Connectivity change to CONNECTING
[34m2026-04-17 10:35:28.737 -03 0045 INFO[0m [grpc] [34;1mAddTraceEvent[0m -> [core] [Channel #13 SubChannel #14]Subchannel created
[34m2026-04-17 10:35:28.737 -03 0046 INFO[0m [grpc] [34;1mAddTraceEvent[0m -> [core] [Channel #13]Channel exiting idle mode
[34m2026-04-17 10:35:28.737 -03 0047 INFO[0m [grpc] [34;1mAddTraceEvent[0m -> [core] [Channel #13 SubChannel #14]Subchannel Connectivity change to CONNECTING
[34m2026-04-17 10:35:28.737 -03 0048 INFO[0m [grpc] [34;1mAddTraceEvent[0m -> [core] [Channel #13 SubChannel #14]Subchannel picks a new address "10.10.20.152:11051" to connect
[34m2026-04-17 10:35:28.740 -03 0049 INFO[0m [grpc] [34;1mAddTraceEvent[0m -> [core] [Channel #13 SubChannel #14]Subchannel Connectivity change to READY
[34m2026-04-17 10:35:28.740 -03 004a INFO[0m [grpc] [34;1mInfof[0m -> [pick-first-leaf-lb] [pick-first-leaf-lb 0xc0004de510] SubConn 0xc000441220 reported connectivity state READY and the health listener is disabled. Transitioning SubConn to READY.
[34m2026-04-17 10:35:28.740 -03 004b INFO[0m [grpc] [34;1mAddTraceEvent[0m -> [core] [Channel #13]Channel Connectivity change to READY
[34m2026-04-17 10:35:28.741 -03 004c INFO[0m [grpc] [34;1mInfof[0m -> [core] original dial target is: "10.10.20.152:11051"
[34m2026-04-17 10:35:28.741 -03 004d INFO[0m [grpc] [34;1mAddTraceEvent[0m -> [core] [Channel #16]Channel created
[34m2026-04-17 10:35:28.741 -03 004e INFO[0m [grpc] [34;1mAddTraceEvent[0m -> [core] [Channel #16]parsed dial target is: resolver.Target{URL:url.URL{Scheme:"passthrough", Opaque:"", User:(*url.Userinfo)(nil), Host:"", Path:"/10.10.20.152:11051", RawPath:"", OmitHost:false, ForceQuery:false, RawQuery:"", Fragment:"", RawFragment:""}}
[34m2026-04-17 10:35:28.741 -03 004f INFO[0m [grpc] [34;1mAddTraceEvent[0m -> [core] [Channel #16]Channel authority set to "10.10.20.152:11051"
[34m2026-04-17 10:35:28.741 -03 0050 INFO[0m [grpc] [34;1mAddTraceEvent[0m -> [core] [Channel #16]Resolver state updated: {
  "Addresses": [
    {
      "Addr": "10.10.20.152:11051",
      "ServerName": "",
      "Attributes": null,
      "BalancerAttributes": null,
      "Metadata": null
    }
  ],
  "Endpoints": [
    {
      "Addresses": [
        {
          "Addr": "10.10.20.152:11051",
          "ServerName": "",
          "Attributes": null,
          "BalancerAttributes": null,
          "Metadata": null
        }
      ],
      "Attributes": null
    }
  ],
  "ServiceConfig": null,
  "Attributes": null
} (resolver returned new addresses)
[34m2026-04-17 10:35:28.741 -03 0051 INFO[0m [grpc] [34;1mAddTraceEvent[0m -> [core] [Channel #16]Channel switches to new LB policy "pick_first"
[34m2026-04-17 10:35:28.741 -03 0052 INFO[0m [grpc] [34;1mInfof[0m -> [pick-first-leaf-lb] [pick-first-leaf-lb 0xc00017a120] Received new config {
  "shuffleAddressList": false
}, resolver state {
  "Addresses": [
    {
      "Addr": "10.10.20.152:11051",
      "ServerName": "",
      "Attributes": null,
      "BalancerAttributes": null,
      "Metadata": null
    }
  ],
  "Endpoints": [
    {
      "Addresses": [
        {
          "Addr": "10.10.20.152:11051",
          "ServerName": "",
          "Attributes": null,
          "BalancerAttributes": null,
          "Metadata": null
        }
      ],
      "Attributes": null
    }
  ],
  "ServiceConfig": null,
  "Attributes": null
}
[34m2026-04-17 10:35:28.741 -03 0053 INFO[0m [grpc] [34;1mAddTraceEvent[0m -> [core] [Channel #16]Channel Connectivity change to CONNECTING
[34m2026-04-17 10:35:28.741 -03 0054 INFO[0m [grpc] [34;1mAddTraceEvent[0m -> [core] [Channel #16 SubChannel #17]Subchannel created
[34m2026-04-17 10:35:28.741 -03 0055 INFO[0m [grpc] [34;1mAddTraceEvent[0m -> [core] [Channel #16]Channel exiting idle mode
[34m2026-04-17 10:35:28.741 -03 0056 INFO[0m [grpc] [34;1mAddTraceEvent[0m -> [core] [Channel #16 SubChannel #17]Subchannel Connectivity change to CONNECTING
[34m2026-04-17 10:35:28.741 -03 0057 INFO[0m [grpc] [34;1mAddTraceEvent[0m -> [core] [Channel #16 SubChannel #17]Subchannel picks a new address "10.10.20.152:11051" to connect
[34m2026-04-17 10:35:28.745 -03 0058 INFO[0m [grpc] [34;1mAddTraceEvent[0m -> [core] [Channel #16 SubChannel #17]Subchannel Connectivity change to READY
[34m2026-04-17 10:35:28.745 -03 0059 INFO[0m [grpc] [34;1mInfof[0m -> [pick-first-leaf-lb] [pick-first-leaf-lb 0xc00017a120] SubConn 0xc000440190 reported connectivity state READY and the health listener is disabled. Transitioning SubConn to READY.
[34m2026-04-17 10:35:28.745 -03 005a INFO[0m [grpc] [34;1mAddTraceEvent[0m -> [core] [Channel #16]Channel Connectivity change to READY
[34m2026-04-17 10:35:28.745 -03 005b INFO[0m [grpc] [34;1mInfof[0m -> [core] original dial target is: "10.10.20.152:13051"
[34m2026-04-17 10:35:28.745 -03 005c INFO[0m [grpc] [34;1mAddTraceEvent[0m -> [core] [Channel #19]Channel created
[34m2026-04-17 10:35:28.746 -03 005d INFO[0m [grpc] [34;1mAddTraceEvent[0m -> [core] [Channel #19]parsed dial target is: resolver.Target{URL:url.URL{Scheme:"passthrough", Opaque:"", User:(*url.Userinfo)(nil), Host:"", Path:"/10.10.20.152:13051", RawPath:"", OmitHost:false, ForceQuery:false, RawQuery:"", Fragment:"", RawFragment:""}}
[34m2026-04-17 10:35:28.746 -03 005e INFO[0m [grpc] [34;1mAddTraceEvent[0m -> [core] [Channel #19]Channel authority set to "10.10.20.152:13051"
[34m2026-04-17 10:35:28.746 -03 005f INFO[0m [grpc] [34;1mAddTraceEvent[0m -> [core] [Channel #19]Resolver state updated: {
  "Addresses": [
    {
      "Addr": "10.10.20.152:13051",
      "ServerName": "",
      "Attributes": null,
      "BalancerAttributes": null,
      "Metadata": null
    }
  ],
  "Endpoints": [
    {
      "Addresses": [
        {
          "Addr": "10.10.20.152:13051",
          "ServerName": "",
          "Attributes": null,
          "BalancerAttributes": null,
          "Metadata": null
        }
      ],
      "Attributes": null
    }
  ],
  "ServiceConfig": null,
  "Attributes": null
} (resolver returned new addresses)
[34m2026-04-17 10:35:28.746 -03 0060 INFO[0m [grpc] [34;1mAddTraceEvent[0m -> [core] [Channel #19]Channel switches to new LB policy "pick_first"
[34m2026-04-17 10:35:28.746 -03 0061 INFO[0m [grpc] [34;1mInfof[0m -> [pick-first-leaf-lb] [pick-first-leaf-lb 0xc00057c3f0] Received new config {
  "shuffleAddressList": false
}, resolver state {
  "Addresses": [
    {
      "Addr": "10.10.20.152:13051",
      "ServerName": "",
      "Attributes": null,
      "BalancerAttributes": null,
      "Metadata": null
    }
  ],
  "Endpoints": [
    {
      "Addresses": [
        {
          "Addr": "10.10.20.152:13051",
          "ServerName": "",
          "Attributes": null,
          "BalancerAttributes": null,
          "Metadata": null
        }
      ],
      "Attributes": null
    }
  ],
  "ServiceConfig": null,
  "Attributes": null
}
[34m2026-04-17 10:35:28.746 -03 0062 INFO[0m [grpc] [34;1mAddTraceEvent[0m -> [core] [Channel #19]Channel Connectivity change to CONNECTING
[34m2026-04-17 10:35:28.746 -03 0063 INFO[0m [grpc] [34;1mAddTraceEvent[0m -> [core] [Channel #19 SubChannel #20]Subchannel created
[34m2026-04-17 10:35:28.746 -03 0064 INFO[0m [grpc] [34;1mAddTraceEvent[0m -> [core] [Channel #19]Channel exiting idle mode
[34m2026-04-17 10:35:28.746 -03 0065 INFO[0m [grpc] [34;1mAddTraceEvent[0m -> [core] [Channel #19 SubChannel #20]Subchannel Connectivity change to CONNECTING
[34m2026-04-17 10:35:28.746 -03 0066 INFO[0m [grpc] [34;1mAddTraceEvent[0m -> [core] [Channel #19 SubChannel #20]Subchannel picks a new address "10.10.20.152:13051" to connect
[34m2026-04-17 10:35:28.748 -03 0067 INFO[0m [grpc] [34;1mAddTraceEvent[0m -> [core] [Channel #19 SubChannel #20]Subchannel Connectivity change to READY
[34m2026-04-17 10:35:28.749 -03 0068 INFO[0m [grpc] [34;1mInfof[0m -> [pick-first-leaf-lb] [pick-first-leaf-lb 0xc00057c3f0] SubConn 0xc000132ff0 reported connectivity state READY and the health listener is disabled. Transitioning SubConn to READY.
[34m2026-04-17 10:35:28.749 -03 0069 INFO[0m [grpc] [34;1mAddTraceEvent[0m -> [core] [Channel #19]Channel Connectivity change to READY
[34m2026-04-17 10:35:28.749 -03 006a INFO[0m [grpc] [34;1mInfof[0m -> [core] original dial target is: "10.10.20.152:13051"
[34m2026-04-17 10:35:28.749 -03 006b INFO[0m [grpc] [34;1mAddTraceEvent[0m -> [core] [Channel #22]Channel created
[34m2026-04-17 10:35:28.749 -03 006c INFO[0m [grpc] [34;1mAddTraceEvent[0m -> [core] [Channel #22]parsed dial target is: resolver.Target{URL:url.URL{Scheme:"passthrough", Opaque:"", User:(*url.Userinfo)(nil), Host:"", Path:"/10.10.20.152:13051", RawPath:"", OmitHost:false, ForceQuery:false, RawQuery:"", Fragment:"", RawFragment:""}}
[34m2026-04-17 10:35:28.749 -03 006d INFO[0m [grpc] [34;1mAddTraceEvent[0m -> [core] [Channel #22]Channel authority set to "10.10.20.152:13051"
[34m2026-04-17 10:35:28.749 -03 006e INFO[0m [grpc] [34;1mAddTraceEvent[0m -> [core] [Channel #22]Resolver state updated: {
  "Addresses": [
    {
      "Addr": "10.10.20.152:13051",
      "ServerName": "",
      "Attributes": null,
      "BalancerAttributes": null,
      "Metadata": null
    }
  ],
  "Endpoints": [
    {
      "Addresses": [
        {
          "Addr": "10.10.20.152:13051",
          "ServerName": "",
          "Attributes": null,
          "BalancerAttributes": null,
          "Metadata": null
        }
      ],
      "Attributes": null
    }
  ],
  "ServiceConfig": null,
  "Attributes": null
} (resolver returned new addresses)
[34m2026-04-17 10:35:28.750 -03 006f INFO[0m [grpc] [34;1mAddTraceEvent[0m -> [core] [Channel #22]Channel switches to new LB policy "pick_first"
[34m2026-04-17 10:35:28.750 -03 0070 INFO[0m [grpc] [34;1mInfof[0m -> [pick-first-leaf-lb] [pick-first-leaf-lb 0xc00057c5a0] Received new config {
  "shuffleAddressList": false
}, resolver state {
  "Addresses": [
    {
      "Addr": "10.10.20.152:13051",
      "ServerName": "",
      "Attributes": null,
      "BalancerAttributes": null,
      "Metadata": null
    }
  ],
  "Endpoints": [
    {
      "Addresses": [
        {
          "Addr": "10.10.20.152:13051",
          "ServerName": "",
          "Attributes": null,
          "BalancerAttributes": null,
          "Metadata": null
        }
      ],
      "Attributes": null
    }
  ],
  "ServiceConfig": null,
  "Attributes": null
}
[34m2026-04-17 10:35:28.750 -03 0071 INFO[0m [grpc] [34;1mAddTraceEvent[0m -> [core] [Channel #22]Channel Connectivity change to CONNECTING
[34m2026-04-17 10:35:28.750 -03 0072 INFO[0m [grpc] [34;1mAddTraceEvent[0m -> [core] [Channel #22 SubChannel #23]Subchannel created
[34m2026-04-17 10:35:28.750 -03 0073 INFO[0m [grpc] [34;1mAddTraceEvent[0m -> [core] [Channel #22]Channel exiting idle mode
[34m2026-04-17 10:35:28.750 -03 0074 INFO[0m [grpc] [34;1mAddTraceEvent[0m -> [core] [Channel #22 SubChannel #23]Subchannel Connectivity change to CONNECTING
[34m2026-04-17 10:35:28.750 -03 0075 INFO[0m [grpc] [34;1mAddTraceEvent[0m -> [core] [Channel #22 SubChannel #23]Subchannel picks a new address "10.10.20.152:13051" to connect
[34m2026-04-17 10:35:28.753 -03 0076 INFO[0m [grpc] [34;1mAddTraceEvent[0m -> [core] [Channel #22 SubChannel #23]Subchannel Connectivity change to READY
[34m2026-04-17 10:35:28.753 -03 0077 INFO[0m [grpc] [34;1mInfof[0m -> [pick-first-leaf-lb] [pick-first-leaf-lb 0xc00057c5a0] SubConn 0xc000133180 reported connectivity state READY and the health listener is disabled. Transitioning SubConn to READY.
[34m2026-04-17 10:35:28.753 -03 0078 INFO[0m [grpc] [34;1mAddTraceEvent[0m -> [core] [Channel #22]Channel Connectivity change to READY
[33m2026-04-17 10:35:28.753 -03 0079 WARN[0m [grpc] [33;1mWarningf[0m -> [core] Adjusting keepalive ping interval to minimum period of 10s
[34m2026-04-17 10:35:28.754 -03 007a INFO[0m [grpc] [34;1mInfof[0m -> [core] original dial target is: "10.10.20.151:7060"
[34m2026-04-17 10:35:28.754 -03 007b INFO[0m [grpc] [34;1mAddTraceEvent[0m -> [core] [Channel #25]Channel created
[34m2026-04-17 10:35:28.754 -03 007c INFO[0m [grpc] [34;1mAddTraceEvent[0m -> [core] [Channel #25]parsed dial target is: resolver.Target{URL:url.URL{Scheme:"passthrough", Opaque:"", User:(*url.Userinfo)(nil), Host:"", Path:"/10.10.20.151:7060", RawPath:"", OmitHost:false, ForceQuery:false, RawQuery:"", Fragment:"", RawFragment:""}}
[34m2026-04-17 10:35:28.754 -03 007d INFO[0m [grpc] [34;1mAddTraceEvent[0m -> [core] [Channel #25]Channel authority set to "orderer0.exemplo.com"
[34m2026-04-17 10:35:28.754 -03 007e INFO[0m [grpc] [34;1mAddTraceEvent[0m -> [core] [Channel #25]Resolver state updated: {
  "Addresses": [
    {
      "Addr": "10.10.20.151:7060",
      "ServerName": "",
      "Attributes": null,
      "BalancerAttributes": null,
      "Metadata": null
    }
  ],
  "Endpoints": [
    {
      "Addresses": [
        {
          "Addr": "10.10.20.151:7060",
          "ServerName": "",
          "Attributes": null,
          "BalancerAttributes": null,
          "Metadata": null
        }
      ],
      "Attributes": null
    }
  ],
  "ServiceConfig": null,
  "Attributes": null
} (resolver returned new addresses)
[34m2026-04-17 10:35:28.754 -03 007f INFO[0m [grpc] [34;1mAddTraceEvent[0m -> [core] [Channel #25]Channel switches to new LB policy "pick_first"
[34m2026-04-17 10:35:28.754 -03 0080 INFO[0m [grpc] [34;1mInfof[0m -> [pick-first-leaf-lb] [pick-first-leaf-lb 0xc0004de750] Received new config {
  "shuffleAddressList": false
}, resolver state {
  "Addresses": [
    {
      "Addr": "10.10.20.151:7060",
      "ServerName": "",
      "Attributes": null,
      "BalancerAttributes": null,
      "Metadata": null
    }
  ],
  "Endpoints": [
    {
      "Addresses": [
        {
          "Addr": "10.10.20.151:7060",
          "ServerName": "",
          "Attributes": null,
          "BalancerAttributes": null,
          "Metadata": null
        }
      ],
      "Attributes": null
    }
  ],
  "ServiceConfig": null,
  "Attributes": null
}
[34m2026-04-17 10:35:28.754 -03 0081 INFO[0m [grpc] [34;1mAddTraceEvent[0m -> [core] [Channel #25]Channel Connectivity change to CONNECTING
[34m2026-04-17 10:35:28.754 -03 0082 INFO[0m [grpc] [34;1mAddTraceEvent[0m -> [core] [Channel #25 SubChannel #26]Subchannel created
[34m2026-04-17 10:35:28.754 -03 0083 INFO[0m [grpc] [34;1mAddTraceEvent[0m -> [core] [Channel #25]Channel exiting idle mode
[34m2026-04-17 10:35:28.754 -03 0084 INFO[0m [grpc] [34;1mAddTraceEvent[0m -> [core] [Channel #25 SubChannel #26]Subchannel Connectivity change to CONNECTING
[34m2026-04-17 10:35:28.754 -03 0085 INFO[0m [grpc] [34;1mAddTraceEvent[0m -> [core] [Channel #25 SubChannel #26]Subchannel picks a new address "10.10.20.151:7060" to connect
[34m2026-04-17 10:35:28.757 -03 0086 INFO[0m [grpc] [34;1mAddTraceEvent[0m -> [core] [Channel #25 SubChannel #26]Subchannel Connectivity change to READY
[34m2026-04-17 10:35:28.757 -03 0087 INFO[0m [grpc] [34;1mInfof[0m -> [pick-first-leaf-lb] [pick-first-leaf-lb 0xc0004de750] SubConn 0xc00051f360 reported connectivity state READY and the health listener is disabled. Transitioning SubConn to READY.
[34m2026-04-17 10:35:28.757 -03 0088 INFO[0m [grpc] [34;1mAddTraceEvent[0m -> [core] [Channel #25]Channel Connectivity change to READY
[34m2026-04-17 10:35:28.897 -03 0089 INFO[0m [chaincodeCmd] [34;1mClientWait[0m -> txid [56b11e6e9fdc722702f149020ed11076454bb4135d410a74863b519943b4300b] committed with status (VALID) at 10.10.20.151:9051
[34m2026-04-17 10:35:28.898 -03 008a INFO[0m [chaincodeCmd] [34;1mClientWait[0m -> txid [56b11e6e9fdc722702f149020ed11076454bb4135d410a74863b519943b4300b] committed with status (VALID) at 10.10.20.152:11051
[34m2026-04-17 10:35:28.898 -03 008b INFO[0m [chaincodeCmd] [34;1mClientWait[0m -> txid [56b11e6e9fdc722702f149020ed11076454bb4135d410a74863b519943b4300b] committed with status (VALID) at 10.10.20.151:7051
[34m2026-04-17 10:35:28.900 -03 008c INFO[0m [chaincodeCmd] [34;1mClientWait[0m -> txid [56b11e6e9fdc722702f149020ed11076454bb4135d410a74863b519943b4300b] committed with status (VALID) at 10.10.20.152:13051
[34m2026-04-17 10:35:28.945 -03 0001 INFO[0m [grpc] [34;1mInfof[0m -> [core] original dial target is: "10.10.20.151:7051"
[34m2026-04-17 10:35:28.945 -03 0002 INFO[0m [grpc] [34;1mAddTraceEvent[0m -> [core] [Channel #1]Channel created
[34m2026-04-17 10:35:28.945 -03 0003 INFO[0m [grpc] [34;1mAddTraceEvent[0m -> [core] [Channel #1]parsed dial target is: resolver.Target{URL:url.URL{Scheme:"passthrough", Opaque:"", User:(*url.Userinfo)(nil), Host:"", Path:"/10.10.20.151:7051", RawPath:"", OmitHost:false, ForceQuery:false, RawQuery:"", Fragment:"", RawFragment:""}}
[34m2026-04-17 10:35:28.945 -03 0004 INFO[0m [grpc] [34;1mAddTraceEvent[0m -> [core] [Channel #1]Channel authority set to "10.10.20.151:7051"
[34m2026-04-17 10:35:28.945 -03 0005 INFO[0m [grpc] [34;1mAddTraceEvent[0m -> [core] [Channel #1]Resolver state updated: {
  "Addresses": [
    {
      "Addr": "10.10.20.151:7051",
      "ServerName": "",
      "Attributes": null,
      "BalancerAttributes": null,
      "Metadata": null
    }
  ],
  "Endpoints": [
    {
      "Addresses": [
        {
          "Addr": "10.10.20.151:7051",
          "ServerName": "",
          "Attributes": null,
          "BalancerAttributes": null,
          "Metadata": null
        }
      ],
      "Attributes": null
    }
  ],
  "ServiceConfig": null,
  "Attributes": null
} (resolver returned new addresses)
[34m2026-04-17 10:35:28.945 -03 0006 INFO[0m [grpc] [34;1mAddTraceEvent[0m -> [core] [Channel #1]Channel switches to new LB policy "pick_first"
[34m2026-04-17 10:35:28.945 -03 0007 INFO[0m [grpc] [34;1mInfof[0m -> [pick-first-leaf-lb] [pick-first-leaf-lb 0xc0002ce1b0] Received new config {
  "shuffleAddressList": false
}, resolver state {
  "Addresses": [
    {
      "Addr": "10.10.20.151:7051",
      "ServerName": "",
      "Attributes": null,
      "BalancerAttributes": null,
      "Metadata": null
    }
  ],
  "Endpoints": [
    {
      "Addresses": [
        {
          "Addr": "10.10.20.151:7051",
          "ServerName": "",
          "Attributes": null,
          "BalancerAttributes": null,
          "Metadata": null
        }
      ],
      "Attributes": null
    }
  ],
  "ServiceConfig": null,
  "Attributes": null
}
[34m2026-04-17 10:35:28.945 -03 0008 INFO[0m [grpc] [34;1mAddTraceEvent[0m -> [core] [Channel #1]Channel Connectivity change to CONNECTING
[34m2026-04-17 10:35:28.945 -03 0009 INFO[0m [grpc] [34;1mAddTraceEvent[0m -> [core] [Channel #1 SubChannel #2]Subchannel created
[34m2026-04-17 10:35:28.945 -03 000a INFO[0m [grpc] [34;1mAddTraceEvent[0m -> [core] [Channel #1]Channel exiting idle mode
[34m2026-04-17 10:35:28.945 -03 000b INFO[0m [grpc] [34;1mAddTraceEvent[0m -> [core] [Channel #1 SubChannel #2]Subchannel Connectivity change to CONNECTING
[34m2026-04-17 10:35:28.945 -03 000c INFO[0m [grpc] [34;1mAddTraceEvent[0m -> [core] [Channel #1 SubChannel #2]Subchannel picks a new address "10.10.20.151:7051" to connect
[34m2026-04-17 10:35:28.946 -03 000d INFO[0m [grpc] [34;1mAddTraceEvent[0m -> [core] [Channel #1 SubChannel #2]Subchannel Connectivity change to READY
[34m2026-04-17 10:35:28.946 -03 000e INFO[0m [grpc] [34;1mInfof[0m -> [pick-first-leaf-lb] [pick-first-leaf-lb 0xc0002ce1b0] SubConn 0xc000384c80 reported connectivity state READY and the health listener is disabled. Transitioning SubConn to READY.
[34m2026-04-17 10:35:28.946 -03 000f INFO[0m [grpc] [34;1mAddTraceEvent[0m -> [core] [Channel #1]Channel Connectivity change to READY
[34m2026-04-17 10:35:28.947 -03 0010 INFO[0m [grpc] [34;1mInfof[0m -> [core] original dial target is: "10.10.20.151:7051"
[34m2026-04-17 10:35:28.947 -03 0011 INFO[0m [grpc] [34;1mAddTraceEvent[0m -> [core] [Channel #4]Channel created
[34m2026-04-17 10:35:28.947 -03 0012 INFO[0m [grpc] [34;1mAddTraceEvent[0m -> [core] [Channel #4]parsed dial target is: resolver.Target{URL:url.URL{Scheme:"passthrough", Opaque:"", User:(*url.Userinfo)(nil), Host:"", Path:"/10.10.20.151:7051", RawPath:"", OmitHost:false, ForceQuery:false, RawQuery:"", Fragment:"", RawFragment:""}}
[34m2026-04-17 10:35:28.947 -03 0013 INFO[0m [grpc] [34;1mAddTraceEvent[0m -> [core] [Channel #4]Channel authority set to "10.10.20.151:7051"
[34m2026-04-17 10:35:28.947 -03 0014 INFO[0m [grpc] [34;1mAddTraceEvent[0m -> [core] [Channel #4]Resolver state updated: {
  "Addresses": [
    {
      "Addr": "10.10.20.151:7051",
      "ServerName": "",
      "Attributes": null,
      "BalancerAttributes": null,
      "Metadata": null
    }
  ],
  "Endpoints": [
    {
      "Addresses": [
        {
          "Addr": "10.10.20.151:7051",
          "ServerName": "",
          "Attributes": null,
          "BalancerAttributes": null,
          "Metadata": null
        }
      ],
      "Attributes": null
    }
  ],
  "ServiceConfig": null,
  "Attributes": null
} (resolver returned new addresses)
[34m2026-04-17 10:35:28.947 -03 0015 INFO[0m [grpc] [34;1mAddTraceEvent[0m -> [core] [Channel #4]Channel switches to new LB policy "pick_first"
[34m2026-04-17 10:35:28.947 -03 0016 INFO[0m [grpc] [34;1mInfof[0m -> [pick-first-leaf-lb] [pick-first-leaf-lb 0xc0003f4750] Received new config {
  "shuffleAddressList": false
}, resolver state {
  "Addresses": [
    {
      "Addr": "10.10.20.151:7051",
      "ServerName": "",
      "Attributes": null,
      "BalancerAttributes": null,
      "Metadata": null
    }
  ],
  "Endpoints": [
    {
      "Addresses": [
        {
          "Addr": "10.10.20.151:7051",
          "ServerName": "",
          "Attributes": null,
          "BalancerAttributes": null,
          "Metadata": null
        }
      ],
      "Attributes": null
    }
  ],
  "ServiceConfig": null,
  "Attributes": null
}
[34m2026-04-17 10:35:28.947 -03 0017 INFO[0m [grpc] [34;1mAddTraceEvent[0m -> [core] [Channel #4]Channel Connectivity change to CONNECTING
[34m2026-04-17 10:35:28.947 -03 0018 INFO[0m [grpc] [34;1mAddTraceEvent[0m -> [core] [Channel #4 SubChannel #5]Subchannel created
[34m2026-04-17 10:35:28.947 -03 0019 INFO[0m [grpc] [34;1mAddTraceEvent[0m -> [core] [Channel #4]Channel exiting idle mode
[34m2026-04-17 10:35:28.947 -03 001a INFO[0m [grpc] [34;1mAddTraceEvent[0m -> [core] [Channel #4 SubChannel #5]Subchannel Connectivity change to CONNECTING
[34m2026-04-17 10:35:28.947 -03 001b INFO[0m [grpc] [34;1mAddTraceEvent[0m -> [core] [Channel #4 SubChannel #5]Subchannel picks a new address "10.10.20.151:7051" to connect
[34m2026-04-17 10:35:28.948 -03 001c INFO[0m [grpc] [34;1mAddTraceEvent[0m -> [core] [Channel #4 SubChannel #5]Subchannel Connectivity change to READY
[34m2026-04-17 10:35:28.948 -03 001d INFO[0m [grpc] [34;1mInfof[0m -> [pick-first-leaf-lb] [pick-first-leaf-lb 0xc0003f4750] SubConn 0xc00003fb80 reported connectivity state READY and the health listener is disabled. Transitioning SubConn to READY.
[34m2026-04-17 10:35:28.948 -03 001e INFO[0m [grpc] [34;1mAddTraceEvent[0m -> [core] [Channel #4]Channel Connectivity change to READY
[34m2026-04-17 10:35:28.959 -03 001f INFO[0m [cli.lifecycle.chaincode] [34;1msubmitInstallProposal[0m -> Installed remotely: response:{status:200 payload:"\nLcalc_do_1.0:52d4e858f1c31f04ae80e11cc7602d29376d4e2cce13b9355feafdb3c143958c\x12\x0bcalc_do_1.0"}
[34m2026-04-17 10:35:28.959 -03 0020 INFO[0m [cli.lifecycle.chaincode] [34;1msubmitInstallProposal[0m -> Chaincode code package identifier: calc_do_1.0:52d4e858f1c31f04ae80e11cc7602d29376d4e2cce13b9355feafdb3c143958c
[34m2026-04-17 10:35:29.002 -03 0001 INFO[0m [grpc] [34;1mInfof[0m -> [core] original dial target is: "10.10.20.151:8051"
[34m2026-04-17 10:35:29.002 -03 0002 INFO[0m [grpc] [34;1mAddTraceEvent[0m -> [core] [Channel #1]Channel created
[34m2026-04-17 10:35:29.002 -03 0003 INFO[0m [grpc] [34;1mAddTraceEvent[0m -> [core] [Channel #1]parsed dial target is: resolver.Target{URL:url.URL{Scheme:"passthrough", Opaque:"", User:(*url.Userinfo)(nil), Host:"", Path:"/10.10.20.151:8051", RawPath:"", OmitHost:false, ForceQuery:false, RawQuery:"", Fragment:"", RawFragment:""}}
[34m2026-04-17 10:35:29.002 -03 0004 INFO[0m [grpc] [34;1mAddTraceEvent[0m -> [core] [Channel #1]Channel authority set to "10.10.20.151:8051"
[34m2026-04-17 10:35:29.002 -03 0005 INFO[0m [grpc] [34;1mAddTraceEvent[0m -> [core] [Channel #1]Resolver state updated: {
  "Addresses": [
    {
      "Addr": "10.10.20.151:8051",
      "ServerName": "",
      "Attributes": null,
      "BalancerAttributes": null,
      "Metadata": null
    }
  ],
  "Endpoints": [
    {
      "Addresses": [
        {
          "Addr": "10.10.20.151:8051",
          "ServerName": "",
          "Attributes": null,
          "BalancerAttributes": null,
          "Metadata": null
        }
      ],
      "Attributes": null
    }
  ],
  "ServiceConfig": null,
  "Attributes": null
} (resolver returned new addresses)
[34m2026-04-17 10:35:29.002 -03 0006 INFO[0m [grpc] [34;1mAddTraceEvent[0m -> [core] [Channel #1]Channel switches to new LB policy "pick_first"
[34m2026-04-17 10:35:29.002 -03 0007 INFO[0m [grpc] [34;1mInfof[0m -> [pick-first-leaf-lb] [pick-first-leaf-lb 0xc00023e360] Received new config {
  "shuffleAddressList": false
}, resolver state {
  "Addresses": [
    {
      "Addr": "10.10.20.151:8051",
      "ServerName": "",
      "Attributes": null,
      "BalancerAttributes": null,
      "Metadata": null
    }
  ],
  "Endpoints": [
    {
      "Addresses": [
        {
          "Addr": "10.10.20.151:8051",
          "ServerName": "",
          "Attributes": null,
          "BalancerAttributes": null,
          "Metadata": null
        }
      ],
      "Attributes": null
    }
  ],
  "ServiceConfig": null,
  "Attributes": null
}
[34m2026-04-17 10:35:29.002 -03 0008 INFO[0m [grpc] [34;1mAddTraceEvent[0m -> [core] [Channel #1]Channel Connectivity change to CONNECTING
[34m2026-04-17 10:35:29.002 -03 0009 INFO[0m [grpc] [34;1mAddTraceEvent[0m -> [core] [Channel #1 SubChannel #2]Subchannel created
[34m2026-04-17 10:35:29.002 -03 000a INFO[0m [grpc] [34;1mAddTraceEvent[0m -> [core] [Channel #1]Channel exiting idle mode
[34m2026-04-17 10:35:29.002 -03 000b INFO[0m [grpc] [34;1mAddTraceEvent[0m -> [core] [Channel #1 SubChannel #2]Subchannel Connectivity change to CONNECTING
[34m2026-04-17 10:35:29.002 -03 000c INFO[0m [grpc] [34;1mAddTraceEvent[0m -> [core] [Channel #1 SubChannel #2]Subchannel picks a new address "10.10.20.151:8051" to connect
[34m2026-04-17 10:35:29.003 -03 000d INFO[0m [grpc] [34;1mAddTraceEvent[0m -> [core] [Channel #1 SubChannel #2]Subchannel Connectivity change to READY
[34m2026-04-17 10:35:29.003 -03 000e INFO[0m [grpc] [34;1mInfof[0m -> [pick-first-leaf-lb] [pick-first-leaf-lb 0xc00023e360] SubConn 0xc00003ed70 reported connectivity state READY and the health listener is disabled. Transitioning SubConn to READY.
[34m2026-04-17 10:35:29.003 -03 000f INFO[0m [grpc] [34;1mAddTraceEvent[0m -> [core] [Channel #1]Channel Connectivity change to READY
[34m2026-04-17 10:35:29.003 -03 0010 INFO[0m [grpc] [34;1mInfof[0m -> [core] original dial target is: "10.10.20.151:8051"
[34m2026-04-17 10:35:29.003 -03 0011 INFO[0m [grpc] [34;1mAddTraceEvent[0m -> [core] [Channel #4]Channel created
[34m2026-04-17 10:35:29.003 -03 0012 INFO[0m [grpc] [34;1mAddTraceEvent[0m -> [core] [Channel #4]parsed dial target is: resolver.Target{URL:url.URL{Scheme:"passthrough", Opaque:"", User:(*url.Userinfo)(nil), Host:"", Path:"/10.10.20.151:8051", RawPath:"", OmitHost:false, ForceQuery:false, RawQuery:"", Fragment:"", RawFragment:""}}
[34m2026-04-17 10:35:29.003 -03 0013 INFO[0m [grpc] [34;1mAddTraceEvent[0m -> [core] [Channel #4]Channel authority set to "10.10.20.151:8051"
[34m2026-04-17 10:35:29.004 -03 0014 INFO[0m [grpc] [34;1mAddTraceEvent[0m -> [core] [Channel #4]Resolver state updated: {
  "Addresses": [
    {
      "Addr": "10.10.20.151:8051",
      "ServerName": "",
      "Attributes": null,
      "BalancerAttributes": null,
      "Metadata": null
    }
  ],
  "Endpoints": [
    {
      "Addresses": [
        {
          "Addr": "10.10.20.151:8051",
          "ServerName": "",
          "Attributes": null,
          "BalancerAttributes": null,
          "Metadata": null
        }
      ],
      "Attributes": null
    }
  ],
  "ServiceConfig": null,
  "Attributes": null
} (resolver returned new addresses)
[34m2026-04-17 10:35:29.004 -03 0015 INFO[0m [grpc] [34;1mAddTraceEvent[0m -> [core] [Channel #4]Channel switches to new LB policy "pick_first"
[34m2026-04-17 10:35:29.004 -03 0016 INFO[0m [grpc] [34;1mInfof[0m -> [pick-first-leaf-lb] [pick-first-leaf-lb 0xc00053a090] Received new config {
  "shuffleAddressList": false
}, resolver state {
  "Addresses": [
    {
      "Addr": "10.10.20.151:8051",
      "ServerName": "",
      "Attributes": null,
      "BalancerAttributes": null,
      "Metadata": null
    }
  ],
  "Endpoints": [
    {
      "Addresses": [
        {
          "Addr": "10.10.20.151:8051",
          "ServerName": "",
          "Attributes": null,
          "BalancerAttributes": null,
          "Metadata": null
        }
      ],
      "Attributes": null
    }
  ],
  "ServiceConfig": null,
  "Attributes": null
}
[34m2026-04-17 10:35:29.004 -03 0017 INFO[0m [grpc] [34;1mAddTraceEvent[0m -> [core] [Channel #4]Channel Connectivity change to CONNECTING
[34m2026-04-17 10:35:29.004 -03 0018 INFO[0m [grpc] [34;1mAddTraceEvent[0m -> [core] [Channel #4 SubChannel #5]Subchannel created
[34m2026-04-17 10:35:29.004 -03 0019 INFO[0m [grpc] [34;1mAddTraceEvent[0m -> [core] [Channel #4]Channel exiting idle mode
[34m2026-04-17 10:35:29.004 -03 001a INFO[0m [grpc] [34;1mAddTraceEvent[0m -> [core] [Channel #4 SubChannel #5]Subchannel Connectivity change to CONNECTING
[34m2026-04-17 10:35:29.004 -03 001b INFO[0m [grpc] [34;1mAddTraceEvent[0m -> [core] [Channel #4 SubChannel #5]Subchannel picks a new address "10.10.20.151:8051" to connect
[34m2026-04-17 10:35:29.005 -03 001c INFO[0m [grpc] [34;1mAddTraceEvent[0m -> [core] [Channel #4 SubChannel #5]Subchannel Connectivity change to READY
[34m2026-04-17 10:35:29.005 -03 001d INFO[0m [grpc] [34;1mInfof[0m -> [pick-first-leaf-lb] [pick-first-leaf-lb 0xc00053a090] SubConn 0xc000528230 reported connectivity state READY and the health listener is disabled. Transitioning SubConn to READY.
[34m2026-04-17 10:35:29.005 -03 001e INFO[0m [grpc] [34;1mAddTraceEvent[0m -> [core] [Channel #4]Channel Connectivity change to READY
[34m2026-04-17 10:35:29.013 -03 001f INFO[0m [cli.lifecycle.chaincode] [34;1msubmitInstallProposal[0m -> Installed remotely: response:{status:200 payload:"\nLcalc_do_1.0:52d4e858f1c31f04ae80e11cc7602d29376d4e2cce13b9355feafdb3c143958c\x12\x0bcalc_do_1.0"}
[34m2026-04-17 10:35:29.013 -03 0020 INFO[0m [cli.lifecycle.chaincode] [34;1msubmitInstallProposal[0m -> Chaincode code package identifier: calc_do_1.0:52d4e858f1c31f04ae80e11cc7602d29376d4e2cce13b9355feafdb3c143958c
[34m2026-04-17 10:35:29.074 -03 0001 INFO[0m [grpc] [34;1mInfof[0m -> [core] original dial target is: "10.10.20.151:9051"
[34m2026-04-17 10:35:29.075 -03 0002 INFO[0m [grpc] [34;1mAddTraceEvent[0m -> [core] [Channel #1]Channel created
[34m2026-04-17 10:35:29.075 -03 0003 INFO[0m [grpc] [34;1mAddTraceEvent[0m -> [core] [Channel #1]parsed dial target is: resolver.Target{URL:url.URL{Scheme:"passthrough", Opaque:"", User:(*url.Userinfo)(nil), Host:"", Path:"/10.10.20.151:9051", RawPath:"", OmitHost:false, ForceQuery:false, RawQuery:"", Fragment:"", RawFragment:""}}
[34m2026-04-17 10:35:29.075 -03 0004 INFO[0m [grpc] [34;1mAddTraceEvent[0m -> [core] [Channel #1]Channel authority set to "10.10.20.151:9051"
[34m2026-04-17 10:35:29.075 -03 0005 INFO[0m [grpc] [34;1mAddTraceEvent[0m -> [core] [Channel #1]Resolver state updated: {
  "Addresses": [
    {
      "Addr": "10.10.20.151:9051",
      "ServerName": "",
      "Attributes": null,
      "BalancerAttributes": null,
      "Metadata": null
    }
  ],
  "Endpoints": [
    {
      "Addresses": [
        {
          "Addr": "10.10.20.151:9051",
          "ServerName": "",
          "Attributes": null,
          "BalancerAttributes": null,
          "Metadata": null
        }
      ],
      "Attributes": null
    }
  ],
  "ServiceConfig": null,
  "Attributes": null
} (resolver returned new addresses)
[34m2026-04-17 10:35:29.075 -03 0006 INFO[0m [grpc] [34;1mAddTraceEvent[0m -> [core] [Channel #1]Channel switches to new LB policy "pick_first"
[34m2026-04-17 10:35:29.075 -03 0007 INFO[0m [grpc] [34;1mInfof[0m -> [pick-first-leaf-lb] [pick-first-leaf-lb 0xc000296630] Received new config {
  "shuffleAddressList": false
}, resolver state {
  "Addresses": [
    {
      "Addr": "10.10.20.151:9051",
      "ServerName": "",
      "Attributes": null,
      "BalancerAttributes": null,
      "Metadata": null
    }
  ],
  "Endpoints": [
    {
      "Addresses": [
        {
          "Addr": "10.10.20.151:9051",
          "ServerName": "",
          "Attributes": null,
          "BalancerAttributes": null,
          "Metadata": null
        }
      ],
      "Attributes": null
    }
  ],
  "ServiceConfig": null,
  "Attributes": null
}
[34m2026-04-17 10:35:29.075 -03 0008 INFO[0m [grpc] [34;1mAddTraceEvent[0m -> [core] [Channel #1]Channel Connectivity change to CONNECTING
[34m2026-04-17 10:35:29.075 -03 0009 INFO[0m [grpc] [34;1mAddTraceEvent[0m -> [core] [Channel #1 SubChannel #2]Subchannel created
[34m2026-04-17 10:35:29.075 -03 000a INFO[0m [grpc] [34;1mAddTraceEvent[0m -> [core] [Channel #1]Channel exiting idle mode
[34m2026-04-17 10:35:29.075 -03 000b INFO[0m [grpc] [34;1mAddTraceEvent[0m -> [core] [Channel #1 SubChannel #2]Subchannel Connectivity change to CONNECTING
[34m2026-04-17 10:35:29.075 -03 000c INFO[0m [grpc] [34;1mAddTraceEvent[0m -> [core] [Channel #1 SubChannel #2]Subchannel picks a new address "10.10.20.151:9051" to connect
[34m2026-04-17 10:35:29.078 -03 000d INFO[0m [grpc] [34;1mAddTraceEvent[0m -> [core] [Channel #1 SubChannel #2]Subchannel Connectivity change to READY
[34m2026-04-17 10:35:29.078 -03 000e INFO[0m [grpc] [34;1mInfof[0m -> [pick-first-leaf-lb] [pick-first-leaf-lb 0xc000296630] SubConn 0xc00003e550 reported connectivity state READY and the health listener is disabled. Transitioning SubConn to READY.
[34m2026-04-17 10:35:29.078 -03 000f INFO[0m [grpc] [34;1mAddTraceEvent[0m -> [core] [Channel #1]Channel Connectivity change to READY
[34m2026-04-17 10:35:29.078 -03 0010 INFO[0m [grpc] [34;1mInfof[0m -> [core] original dial target is: "10.10.20.151:9051"
[34m2026-04-17 10:35:29.078 -03 0011 INFO[0m [grpc] [34;1mAddTraceEvent[0m -> [core] [Channel #4]Channel created
[34m2026-04-17 10:35:29.078 -03 0012 INFO[0m [grpc] [34;1mAddTraceEvent[0m -> [core] [Channel #4]parsed dial target is: resolver.Target{URL:url.URL{Scheme:"passthrough", Opaque:"", User:(*url.Userinfo)(nil), Host:"", Path:"/10.10.20.151:9051", RawPath:"", OmitHost:false, ForceQuery:false, RawQuery:"", Fragment:"", RawFragment:""}}
[34m2026-04-17 10:35:29.078 -03 0013 INFO[0m [grpc] [34;1mAddTraceEvent[0m -> [core] [Channel #4]Channel authority set to "10.10.20.151:9051"
[34m2026-04-17 10:35:29.078 -03 0014 INFO[0m [grpc] [34;1mAddTraceEvent[0m -> [core] [Channel #4]Resolver state updated: {
  "Addresses": [
    {
      "Addr": "10.10.20.151:9051",
      "ServerName": "",
      "Attributes": null,
      "BalancerAttributes": null,
      "Metadata": null
    }
  ],
  "Endpoints": [
    {
      "Addresses": [
        {
          "Addr": "10.10.20.151:9051",
          "ServerName": "",
          "Attributes": null,
          "BalancerAttributes": null,
          "Metadata": null
        }
      ],
      "Attributes": null
    }
  ],
  "ServiceConfig": null,
  "Attributes": null
} (resolver returned new addresses)
[34m2026-04-17 10:35:29.079 -03 0015 INFO[0m [grpc] [34;1mAddTraceEvent[0m -> [core] [Channel #4]Channel switches to new LB policy "pick_first"
[34m2026-04-17 10:35:29.079 -03 0016 INFO[0m [grpc] [34;1mInfof[0m -> [pick-first-leaf-lb] [pick-first-leaf-lb 0xc000572090] Received new config {
  "shuffleAddressList": false
}, resolver state {
  "Addresses": [
    {
      "Addr": "10.10.20.151:9051",
      "ServerName": "",
      "Attributes": null,
      "BalancerAttributes": null,
      "Metadata": null
    }
  ],
  "Endpoints": [
    {
      "Addresses": [
        {
          "Addr": "10.10.20.151:9051",
          "ServerName": "",
          "Attributes": null,
          "BalancerAttributes": null,
          "Metadata": null
        }
      ],
      "Attributes": null
    }
  ],
  "ServiceConfig": null,
  "Attributes": null
}
[34m2026-04-17 10:35:29.079 -03 0017 INFO[0m [grpc] [34;1mAddTraceEvent[0m -> [core] [Channel #4]Channel Connectivity change to CONNECTING
[34m2026-04-17 10:35:29.079 -03 0018 INFO[0m [grpc] [34;1mAddTraceEvent[0m -> [core] [Channel #4 SubChannel #5]Subchannel created
[34m2026-04-17 10:35:29.079 -03 0019 INFO[0m [grpc] [34;1mAddTraceEvent[0m -> [core] [Channel #4]Channel exiting idle mode
[34m2026-04-17 10:35:29.079 -03 001a INFO[0m [grpc] [34;1mAddTraceEvent[0m -> [core] [Channel #4 SubChannel #5]Subchannel Connectivity change to CONNECTING
[34m2026-04-17 10:35:29.079 -03 001b INFO[0m [grpc] [34;1mAddTraceEvent[0m -> [core] [Channel #4 SubChannel #5]Subchannel picks a new address "10.10.20.151:9051" to connect
[34m2026-04-17 10:35:29.081 -03 001c INFO[0m [grpc] [34;1mAddTraceEvent[0m -> [core] [Channel #4 SubChannel #5]Subchannel Connectivity change to READY
[34m2026-04-17 10:35:29.081 -03 001d INFO[0m [grpc] [34;1mInfof[0m -> [pick-first-leaf-lb] [pick-first-leaf-lb 0xc000572090] SubConn 0xc00055e230 reported connectivity state READY and the health listener is disabled. Transitioning SubConn to READY.
[34m2026-04-17 10:35:29.081 -03 001e INFO[0m [grpc] [34;1mAddTraceEvent[0m -> [core] [Channel #4]Channel Connectivity change to READY
[34m2026-04-17 10:35:29.094 -03 001f INFO[0m [cli.lifecycle.chaincode] [34;1msubmitInstallProposal[0m -> Installed remotely: response:{status:200 payload:"\nLcalc_do_1.0:52d4e858f1c31f04ae80e11cc7602d29376d4e2cce13b9355feafdb3c143958c\x12\x0bcalc_do_1.0"}
[34m2026-04-17 10:35:29.094 -03 0020 INFO[0m [cli.lifecycle.chaincode] [34;1msubmitInstallProposal[0m -> Chaincode code package identifier: calc_do_1.0:52d4e858f1c31f04ae80e11cc7602d29376d4e2cce13b9355feafdb3c143958c
[34m2026-04-17 10:35:29.140 -03 0001 INFO[0m [grpc] [34;1mInfof[0m -> [core] original dial target is: "10.10.20.151:10051"
[34m2026-04-17 10:35:29.140 -03 0002 INFO[0m [grpc] [34;1mAddTraceEvent[0m -> [core] [Channel #1]Channel created
[34m2026-04-17 10:35:29.140 -03 0003 INFO[0m [grpc] [34;1mAddTraceEvent[0m -> [core] [Channel #1]parsed dial target is: resolver.Target{URL:url.URL{Scheme:"passthrough", Opaque:"", User:(*url.Userinfo)(nil), Host:"", Path:"/10.10.20.151:10051", RawPath:"", OmitHost:false, ForceQuery:false, RawQuery:"", Fragment:"", RawFragment:""}}
[34m2026-04-17 10:35:29.140 -03 0004 INFO[0m [grpc] [34;1mAddTraceEvent[0m -> [core] [Channel #1]Channel authority set to "10.10.20.151:10051"
[34m2026-04-17 10:35:29.140 -03 0005 INFO[0m [grpc] [34;1mAddTraceEvent[0m -> [core] [Channel #1]Resolver state updated: {
  "Addresses": [
    {
      "Addr": "10.10.20.151:10051",
      "ServerName": "",
      "Attributes": null,
      "BalancerAttributes": null,
      "Metadata": null
    }
  ],
  "Endpoints": [
    {
      "Addresses": [
        {
          "Addr": "10.10.20.151:10051",
          "ServerName": "",
          "Attributes": null,
          "BalancerAttributes": null,
          "Metadata": null
        }
      ],
      "Attributes": null
    }
  ],
  "ServiceConfig": null,
  "Attributes": null
} (resolver returned new addresses)
[34m2026-04-17 10:35:29.140 -03 0006 INFO[0m [grpc] [34;1mAddTraceEvent[0m -> [core] [Channel #1]Channel switches to new LB policy "pick_first"
[34m2026-04-17 10:35:29.140 -03 0007 INFO[0m [grpc] [34;1mInfof[0m -> [pick-first-leaf-lb] [pick-first-leaf-lb 0xc000320510] Received new config {
  "shuffleAddressList": false
}, resolver state {
  "Addresses": [
    {
      "Addr": "10.10.20.151:10051",
      "ServerName": "",
      "Attributes": null,
      "BalancerAttributes": null,
      "Metadata": null
    }
  ],
  "Endpoints": [
    {
      "Addresses": [
        {
          "Addr": "10.10.20.151:10051",
          "ServerName": "",
          "Attributes": null,
          "BalancerAttributes": null,
          "Metadata": null
        }
      ],
      "Attributes": null
    }
  ],
  "ServiceConfig": null,
  "Attributes": null
}
[34m2026-04-17 10:35:29.140 -03 0008 INFO[0m [grpc] [34;1mAddTraceEvent[0m -> [core] [Channel #1]Channel Connectivity change to CONNECTING
[34m2026-04-17 10:35:29.140 -03 0009 INFO[0m [grpc] [34;1mAddTraceEvent[0m -> [core] [Channel #1 SubChannel #2]Subchannel created
[34m2026-04-17 10:35:29.140 -03 000a INFO[0m [grpc] [34;1mAddTraceEvent[0m -> [core] [Channel #1]Channel exiting idle mode
[34m2026-04-17 10:35:29.140 -03 000b INFO[0m [grpc] [34;1mAddTraceEvent[0m -> [core] [Channel #1 SubChannel #2]Subchannel Connectivity change to CONNECTING
[34m2026-04-17 10:35:29.140 -03 000c INFO[0m [grpc] [34;1mAddTraceEvent[0m -> [core] [Channel #1 SubChannel #2]Subchannel picks a new address "10.10.20.151:10051" to connect
[34m2026-04-17 10:35:29.141 -03 000d INFO[0m [grpc] [34;1mAddTraceEvent[0m -> [core] [Channel #1 SubChannel #2]Subchannel Connectivity change to READY
[34m2026-04-17 10:35:29.141 -03 000e INFO[0m [grpc] [34;1mInfof[0m -> [pick-first-leaf-lb] [pick-first-leaf-lb 0xc000320510] SubConn 0xc000272f00 reported connectivity state READY and the health listener is disabled. Transitioning SubConn to READY.
[34m2026-04-17 10:35:29.141 -03 000f INFO[0m [grpc] [34;1mAddTraceEvent[0m -> [core] [Channel #1]Channel Connectivity change to READY
[34m2026-04-17 10:35:29.141 -03 0010 INFO[0m [grpc] [34;1mInfof[0m -> [core] original dial target is: "10.10.20.151:10051"
[34m2026-04-17 10:35:29.141 -03 0011 INFO[0m [grpc] [34;1mAddTraceEvent[0m -> [core] [Channel #4]Channel created
[34m2026-04-17 10:35:29.141 -03 0012 INFO[0m [grpc] [34;1mAddTraceEvent[0m -> [core] [Channel #4]parsed dial target is: resolver.Target{URL:url.URL{Scheme:"passthrough", Opaque:"", User:(*url.Userinfo)(nil), Host:"", Path:"/10.10.20.151:10051", RawPath:"", OmitHost:false, ForceQuery:false, RawQuery:"", Fragment:"", RawFragment:""}}
[34m2026-04-17 10:35:29.141 -03 0013 INFO[0m [grpc] [34;1mAddTraceEvent[0m -> [core] [Channel #4]Channel authority set to "10.10.20.151:10051"
[34m2026-04-17 10:35:29.141 -03 0014 INFO[0m [grpc] [34;1mAddTraceEvent[0m -> [core] [Channel #4]Resolver state updated: {
  "Addresses": [
    {
      "Addr": "10.10.20.151:10051",
      "ServerName": "",
      "Attributes": null,
      "BalancerAttributes": null,
      "Metadata": null
    }
  ],
  "Endpoints": [
    {
      "Addresses": [
        {
          "Addr": "10.10.20.151:10051",
          "ServerName": "",
          "Attributes": null,
          "BalancerAttributes": null,
          "Metadata": null
        }
      ],
      "Attributes": null
    }
  ],
  "ServiceConfig": null,
  "Attributes": null
} (resolver returned new addresses)
[34m2026-04-17 10:35:29.141 -03 0015 INFO[0m [grpc] [34;1mAddTraceEvent[0m -> [core] [Channel #4]Channel switches to new LB policy "pick_first"
[34m2026-04-17 10:35:29.141 -03 0016 INFO[0m [grpc] [34;1mInfof[0m -> [pick-first-leaf-lb] [pick-first-leaf-lb 0xc0005ba240] Received new config {
  "shuffleAddressList": false
}, resolver state {
  "Addresses": [
    {
      "Addr": "10.10.20.151:10051",
      "ServerName": "",
      "Attributes": null,
      "BalancerAttributes": null,
      "Metadata": null
    }
  ],
  "Endpoints": [
    {
      "Addresses": [
        {
          "Addr": "10.10.20.151:10051",
          "ServerName": "",
          "Attributes": null,
          "BalancerAttributes": null,
          "Metadata": null
        }
      ],
      "Attributes": null
    }
  ],
  "ServiceConfig": null,
  "Attributes": null
}
[34m2026-04-17 10:35:29.141 -03 0017 INFO[0m [grpc] [34;1mAddTraceEvent[0m -> [core] [Channel #4]Channel Connectivity change to CONNECTING
[34m2026-04-17 10:35:29.142 -03 0018 INFO[0m [grpc] [34;1mAddTraceEvent[0m -> [core] [Channel #4 SubChannel #5]Subchannel created
[34m2026-04-17 10:35:29.142 -03 0019 INFO[0m [grpc] [34;1mAddTraceEvent[0m -> [core] [Channel #4]Channel exiting idle mode
[34m2026-04-17 10:35:29.142 -03 001a INFO[0m [grpc] [34;1mAddTraceEvent[0m -> [core] [Channel #4 SubChannel #5]Subchannel Connectivity change to CONNECTING
[34m2026-04-17 10:35:29.142 -03 001b INFO[0m [grpc] [34;1mAddTraceEvent[0m -> [core] [Channel #4 SubChannel #5]Subchannel picks a new address "10.10.20.151:10051" to connect
[34m2026-04-17 10:35:29.142 -03 001c INFO[0m [grpc] [34;1mAddTraceEvent[0m -> [core] [Channel #4 SubChannel #5]Subchannel Connectivity change to READY
[34m2026-04-17 10:35:29.142 -03 001d INFO[0m [grpc] [34;1mInfof[0m -> [pick-first-leaf-lb] [pick-first-leaf-lb 0xc0005ba240] SubConn 0xc00044a1e0 reported connectivity state READY and the health listener is disabled. Transitioning SubConn to READY.
[34m2026-04-17 10:35:29.142 -03 001e INFO[0m [grpc] [34;1mAddTraceEvent[0m -> [core] [Channel #4]Channel Connectivity change to READY
[34m2026-04-17 10:35:29.152 -03 001f INFO[0m [cli.lifecycle.chaincode] [34;1msubmitInstallProposal[0m -> Installed remotely: response:{status:200 payload:"\nLcalc_do_1.0:52d4e858f1c31f04ae80e11cc7602d29376d4e2cce13b9355feafdb3c143958c\x12\x0bcalc_do_1.0"}
[34m2026-04-17 10:35:29.153 -03 0020 INFO[0m [cli.lifecycle.chaincode] [34;1msubmitInstallProposal[0m -> Chaincode code package identifier: calc_do_1.0:52d4e858f1c31f04ae80e11cc7602d29376d4e2cce13b9355feafdb3c143958c
[34m2026-04-17 10:35:29.208 -03 0001 INFO[0m [grpc] [34;1mInfof[0m -> [core] original dial target is: "10.10.20.152:11051"
[34m2026-04-17 10:35:29.208 -03 0002 INFO[0m [grpc] [34;1mAddTraceEvent[0m -> [core] [Channel #1]Channel created
[34m2026-04-17 10:35:29.208 -03 0003 INFO[0m [grpc] [34;1mAddTraceEvent[0m -> [core] [Channel #1]parsed dial target is: resolver.Target{URL:url.URL{Scheme:"passthrough", Opaque:"", User:(*url.Userinfo)(nil), Host:"", Path:"/10.10.20.152:11051", RawPath:"", OmitHost:false, ForceQuery:false, RawQuery:"", Fragment:"", RawFragment:""}}
[34m2026-04-17 10:35:29.208 -03 0004 INFO[0m [grpc] [34;1mAddTraceEvent[0m -> [core] [Channel #1]Channel authority set to "10.10.20.152:11051"
[34m2026-04-17 10:35:29.208 -03 0005 INFO[0m [grpc] [34;1mAddTraceEvent[0m -> [core] [Channel #1]Resolver state updated: {
  "Addresses": [
    {
      "Addr": "10.10.20.152:11051",
      "ServerName": "",
      "Attributes": null,
      "BalancerAttributes": null,
      "Metadata": null
    }
  ],
  "Endpoints": [
    {
      "Addresses": [
        {
          "Addr": "10.10.20.152:11051",
          "ServerName": "",
          "Attributes": null,
          "BalancerAttributes": null,
          "Metadata": null
        }
      ],
      "Attributes": null
    }
  ],
  "ServiceConfig": null,
  "Attributes": null
} (resolver returned new addresses)
[34m2026-04-17 10:35:29.208 -03 0006 INFO[0m [grpc] [34;1mAddTraceEvent[0m -> [core] [Channel #1]Channel switches to new LB policy "pick_first"
[34m2026-04-17 10:35:29.208 -03 0007 INFO[0m [grpc] [34;1mInfof[0m -> [pick-first-leaf-lb] [pick-first-leaf-lb 0xc00038a630] Received new config {
  "shuffleAddressList": false
}, resolver state {
  "Addresses": [
    {
      "Addr": "10.10.20.152:11051",
      "ServerName": "",
      "Attributes": null,
      "BalancerAttributes": null,
      "Metadata": null
    }
  ],
  "Endpoints": [
    {
      "Addresses": [
        {
          "Addr": "10.10.20.152:11051",
          "ServerName": "",
          "Attributes": null,
          "BalancerAttributes": null,
          "Metadata": null
        }
      ],
      "Attributes": null
    }
  ],
  "ServiceConfig": null,
  "Attributes": null
}
[34m2026-04-17 10:35:29.208 -03 0008 INFO[0m [grpc] [34;1mAddTraceEvent[0m -> [core] [Channel #1]Channel Connectivity change to CONNECTING
[34m2026-04-17 10:35:29.208 -03 0009 INFO[0m [grpc] [34;1mAddTraceEvent[0m -> [core] [Channel #1 SubChannel #2]Subchannel created
[34m2026-04-17 10:35:29.208 -03 000a INFO[0m [grpc] [34;1mAddTraceEvent[0m -> [core] [Channel #1]Channel exiting idle mode
[34m2026-04-17 10:35:29.208 -03 000b INFO[0m [grpc] [34;1mAddTraceEvent[0m -> [core] [Channel #1 SubChannel #2]Subchannel Connectivity change to CONNECTING
[34m2026-04-17 10:35:29.208 -03 000c INFO[0m [grpc] [34;1mAddTraceEvent[0m -> [core] [Channel #1 SubChannel #2]Subchannel picks a new address "10.10.20.152:11051" to connect
[34m2026-04-17 10:35:29.212 -03 000d INFO[0m [grpc] [34;1mAddTraceEvent[0m -> [core] [Channel #1 SubChannel #2]Subchannel Connectivity change to READY
[34m2026-04-17 10:35:29.212 -03 000e INFO[0m [grpc] [34;1mInfof[0m -> [pick-first-leaf-lb] [pick-first-leaf-lb 0xc00038a630] SubConn 0xc000325a90 reported connectivity state READY and the health listener is disabled. Transitioning SubConn to READY.
[34m2026-04-17 10:35:29.212 -03 000f INFO[0m [grpc] [34;1mAddTraceEvent[0m -> [core] [Channel #1]Channel Connectivity change to READY
[34m2026-04-17 10:35:29.212 -03 0010 INFO[0m [grpc] [34;1mInfof[0m -> [core] original dial target is: "10.10.20.152:11051"
[34m2026-04-17 10:35:29.212 -03 0011 INFO[0m [grpc] [34;1mAddTraceEvent[0m -> [core] [Channel #4]Channel created
[34m2026-04-17 10:35:29.212 -03 0012 INFO[0m [grpc] [34;1mAddTraceEvent[0m -> [core] [Channel #4]parsed dial target is: resolver.Target{URL:url.URL{Scheme:"passthrough", Opaque:"", User:(*url.Userinfo)(nil), Host:"", Path:"/10.10.20.152:11051", RawPath:"", OmitHost:false, ForceQuery:false, RawQuery:"", Fragment:"", RawFragment:""}}
[34m2026-04-17 10:35:29.212 -03 0013 INFO[0m [grpc] [34;1mAddTraceEvent[0m -> [core] [Channel #4]Channel authority set to "10.10.20.152:11051"
[34m2026-04-17 10:35:29.213 -03 0014 INFO[0m [grpc] [34;1mAddTraceEvent[0m -> [core] [Channel #4]Resolver state updated: {
  "Addresses": [
    {
      "Addr": "10.10.20.152:11051",
      "ServerName": "",
      "Attributes": null,
      "BalancerAttributes": null,
      "Metadata": null
    }
  ],
  "Endpoints": [
    {
      "Addresses": [
        {
          "Addr": "10.10.20.152:11051",
          "ServerName": "",
          "Attributes": null,
          "BalancerAttributes": null,
          "Metadata": null
        }
      ],
      "Attributes": null
    }
  ],
  "ServiceConfig": null,
  "Attributes": null
} (resolver returned new addresses)
[34m2026-04-17 10:35:29.213 -03 0015 INFO[0m [grpc] [34;1mAddTraceEvent[0m -> [core] [Channel #4]Channel switches to new LB policy "pick_first"
[34m2026-04-17 10:35:29.213 -03 0016 INFO[0m [grpc] [34;1mInfof[0m -> [pick-first-leaf-lb] [pick-first-leaf-lb 0xc00038a7e0] Received new config {
  "shuffleAddressList": false
}, resolver state {
  "Addresses": [
    {
      "Addr": "10.10.20.152:11051",
      "ServerName": "",
      "Attributes": null,
      "BalancerAttributes": null,
      "Metadata": null
    }
  ],
  "Endpoints": [
    {
      "Addresses": [
        {
          "Addr": "10.10.20.152:11051",
          "ServerName": "",
          "Attributes": null,
          "BalancerAttributes": null,
          "Metadata": null
        }
      ],
      "Attributes": null
    }
  ],
  "ServiceConfig": null,
  "Attributes": null
}
[34m2026-04-17 10:35:29.213 -03 0017 INFO[0m [grpc] [34;1mAddTraceEvent[0m -> [core] [Channel #4]Channel Connectivity change to CONNECTING
[34m2026-04-17 10:35:29.213 -03 0018 INFO[0m [grpc] [34;1mAddTraceEvent[0m -> [core] [Channel #4 SubChannel #5]Subchannel created
[34m2026-04-17 10:35:29.213 -03 0019 INFO[0m [grpc] [34;1mAddTraceEvent[0m -> [core] [Channel #4]Channel exiting idle mode
[34m2026-04-17 10:35:29.213 -03 001a INFO[0m [grpc] [34;1mAddTraceEvent[0m -> [core] [Channel #4 SubChannel #5]Subchannel Connectivity change to CONNECTING
[34m2026-04-17 10:35:29.213 -03 001b INFO[0m [grpc] [34;1mAddTraceEvent[0m -> [core] [Channel #4 SubChannel #5]Subchannel picks a new address "10.10.20.152:11051" to connect
[34m2026-04-17 10:35:29.215 -03 001c INFO[0m [grpc] [34;1mAddTraceEvent[0m -> [core] [Channel #4 SubChannel #5]Subchannel Connectivity change to READY
[34m2026-04-17 10:35:29.215 -03 001d INFO[0m [grpc] [34;1mInfof[0m -> [pick-first-leaf-lb] [pick-first-leaf-lb 0xc00038a7e0] SubConn 0xc000324690 reported connectivity state READY and the health listener is disabled. Transitioning SubConn to READY.
[34m2026-04-17 10:35:29.215 -03 001e INFO[0m [grpc] [34;1mAddTraceEvent[0m -> [core] [Channel #4]Channel Connectivity change to READY
[34m2026-04-17 10:35:29.229 -03 001f INFO[0m [cli.lifecycle.chaincode] [34;1msubmitInstallProposal[0m -> Installed remotely: response:{status:200 payload:"\nLcalc_do_1.0:52d4e858f1c31f04ae80e11cc7602d29376d4e2cce13b9355feafdb3c143958c\x12\x0bcalc_do_1.0"}
[34m2026-04-17 10:35:29.230 -03 0020 INFO[0m [cli.lifecycle.chaincode] [34;1msubmitInstallProposal[0m -> Chaincode code package identifier: calc_do_1.0:52d4e858f1c31f04ae80e11cc7602d29376d4e2cce13b9355feafdb3c143958c
[34m2026-04-17 10:35:29.271 -03 0001 INFO[0m [grpc] [34;1mInfof[0m -> [core] original dial target is: "10.10.20.152:12051"
[34m2026-04-17 10:35:29.271 -03 0002 INFO[0m [grpc] [34;1mAddTraceEvent[0m -> [core] [Channel #1]Channel created
[34m2026-04-17 10:35:29.271 -03 0003 INFO[0m [grpc] [34;1mAddTraceEvent[0m -> [core] [Channel #1]parsed dial target is: resolver.Target{URL:url.URL{Scheme:"passthrough", Opaque:"", User:(*url.Userinfo)(nil), Host:"", Path:"/10.10.20.152:12051", RawPath:"", OmitHost:false, ForceQuery:false, RawQuery:"", Fragment:"", RawFragment:""}}
[34m2026-04-17 10:35:29.271 -03 0004 INFO[0m [grpc] [34;1mAddTraceEvent[0m -> [core] [Channel #1]Channel authority set to "10.10.20.152:12051"
[34m2026-04-17 10:35:29.271 -03 0005 INFO[0m [grpc] [34;1mAddTraceEvent[0m -> [core] [Channel #1]Resolver state updated: {
  "Addresses": [
    {
      "Addr": "10.10.20.152:12051",
      "ServerName": "",
      "Attributes": null,
      "BalancerAttributes": null,
      "Metadata": null
    }
  ],
  "Endpoints": [
    {
      "Addresses": [
        {
          "Addr": "10.10.20.152:12051",
          "ServerName": "",
          "Attributes": null,
          "BalancerAttributes": null,
          "Metadata": null
        }
      ],
      "Attributes": null
    }
  ],
  "ServiceConfig": null,
  "Attributes": null
} (resolver returned new addresses)
[34m2026-04-17 10:35:29.271 -03 0006 INFO[0m [grpc] [34;1mAddTraceEvent[0m -> [core] [Channel #1]Channel switches to new LB policy "pick_first"
[34m2026-04-17 10:35:29.271 -03 0007 INFO[0m [grpc] [34;1mInfof[0m -> [pick-first-leaf-lb] [pick-first-leaf-lb 0xc00013c240] Received new config {
  "shuffleAddressList": false
}, resolver state {
  "Addresses": [
    {
      "Addr": "10.10.20.152:12051",
      "ServerName": "",
      "Attributes": null,
      "BalancerAttributes": null,
      "Metadata": null
    }
  ],
  "Endpoints": [
    {
      "Addresses": [
        {
          "Addr": "10.10.20.152:12051",
          "ServerName": "",
          "Attributes": null,
          "BalancerAttributes": null,
          "Metadata": null
        }
      ],
      "Attributes": null
    }
  ],
  "ServiceConfig": null,
  "Attributes": null
}
[34m2026-04-17 10:35:29.271 -03 0008 INFO[0m [grpc] [34;1mAddTraceEvent[0m -> [core] [Channel #1]Channel Connectivity change to CONNECTING
[34m2026-04-17 10:35:29.271 -03 0009 INFO[0m [grpc] [34;1mAddTraceEvent[0m -> [core] [Channel #1 SubChannel #2]Subchannel created
[34m2026-04-17 10:35:29.271 -03 000a INFO[0m [grpc] [34;1mAddTraceEvent[0m -> [core] [Channel #1]Channel exiting idle mode
[34m2026-04-17 10:35:29.271 -03 000b INFO[0m [grpc] [34;1mAddTraceEvent[0m -> [core] [Channel #1 SubChannel #2]Subchannel Connectivity change to CONNECTING
[34m2026-04-17 10:35:29.271 -03 000c INFO[0m [grpc] [34;1mAddTraceEvent[0m -> [core] [Channel #1 SubChannel #2]Subchannel picks a new address "10.10.20.152:12051" to connect
[34m2026-04-17 10:35:29.273 -03 000d INFO[0m [grpc] [34;1mAddTraceEvent[0m -> [core] [Channel #1 SubChannel #2]Subchannel Connectivity change to READY
[34m2026-04-17 10:35:29.273 -03 000e INFO[0m [grpc] [34;1mInfof[0m -> [pick-first-leaf-lb] [pick-first-leaf-lb 0xc00013c240] SubConn 0xc00013e1e0 reported connectivity state READY and the health listener is disabled. Transitioning SubConn to READY.
[34m2026-04-17 10:35:29.273 -03 000f INFO[0m [grpc] [34;1mAddTraceEvent[0m -> [core] [Channel #1]Channel Connectivity change to READY
[34m2026-04-17 10:35:29.274 -03 0010 INFO[0m [grpc] [34;1mInfof[0m -> [core] original dial target is: "10.10.20.152:12051"
[34m2026-04-17 10:35:29.274 -03 0011 INFO[0m [grpc] [34;1mAddTraceEvent[0m -> [core] [Channel #4]Channel created
[34m2026-04-17 10:35:29.274 -03 0012 INFO[0m [grpc] [34;1mAddTraceEvent[0m -> [core] [Channel #4]parsed dial target is: resolver.Target{URL:url.URL{Scheme:"passthrough", Opaque:"", User:(*url.Userinfo)(nil), Host:"", Path:"/10.10.20.152:12051", RawPath:"", OmitHost:false, ForceQuery:false, RawQuery:"", Fragment:"", RawFragment:""}}
[34m2026-04-17 10:35:29.274 -03 0013 INFO[0m [grpc] [34;1mAddTraceEvent[0m -> [core] [Channel #4]Channel authority set to "10.10.20.152:12051"
[34m2026-04-17 10:35:29.274 -03 0014 INFO[0m [grpc] [34;1mAddTraceEvent[0m -> [core] [Channel #4]Resolver state updated: {
  "Addresses": [
    {
      "Addr": "10.10.20.152:12051",
      "ServerName": "",
      "Attributes": null,
      "BalancerAttributes": null,
      "Metadata": null
    }
  ],
  "Endpoints": [
    {
      "Addresses": [
        {
          "Addr": "10.10.20.152:12051",
          "ServerName": "",
          "Attributes": null,
          "BalancerAttributes": null,
          "Metadata": null
        }
      ],
      "Attributes": null
    }
  ],
  "ServiceConfig": null,
  "Attributes": null
} (resolver returned new addresses)
[34m2026-04-17 10:35:29.274 -03 0015 INFO[0m [grpc] [34;1mAddTraceEvent[0m -> [core] [Channel #4]Channel switches to new LB policy "pick_first"
[34m2026-04-17 10:35:29.274 -03 0016 INFO[0m [grpc] [34;1mInfof[0m -> [pick-first-leaf-lb] [pick-first-leaf-lb 0xc00048c2d0] Received new config {
  "shuffleAddressList": false
}, resolver state {
  "Addresses": [
    {
      "Addr": "10.10.20.152:12051",
      "ServerName": "",
      "Attributes": null,
      "BalancerAttributes": null,
      "Metadata": null
    }
  ],
  "Endpoints": [
    {
      "Addresses": [
        {
          "Addr": "10.10.20.152:12051",
          "ServerName": "",
          "Attributes": null,
          "BalancerAttributes": null,
          "Metadata": null
        }
      ],
      "Attributes": null
    }
  ],
  "ServiceConfig": null,
  "Attributes": null
}
[34m2026-04-17 10:35:29.274 -03 0017 INFO[0m [grpc] [34;1mAddTraceEvent[0m -> [core] [Channel #4]Channel Connectivity change to CONNECTING
[34m2026-04-17 10:35:29.274 -03 0018 INFO[0m [grpc] [34;1mAddTraceEvent[0m -> [core] [Channel #4 SubChannel #5]Subchannel created
[34m2026-04-17 10:35:29.274 -03 0019 INFO[0m [grpc] [34;1mAddTraceEvent[0m -> [core] [Channel #4]Channel exiting idle mode
[34m2026-04-17 10:35:29.274 -03 001a INFO[0m [grpc] [34;1mAddTraceEvent[0m -> [core] [Channel #4 SubChannel #5]Subchannel Connectivity change to CONNECTING
[34m2026-04-17 10:35:29.274 -03 001b INFO[0m [grpc] [34;1mAddTraceEvent[0m -> [core] [Channel #4 SubChannel #5]Subchannel picks a new address "10.10.20.152:12051" to connect
[34m2026-04-17 10:35:29.276 -03 001c INFO[0m [grpc] [34;1mAddTraceEvent[0m -> [core] [Channel #4 SubChannel #5]Subchannel Connectivity change to READY
[34m2026-04-17 10:35:29.276 -03 001d INFO[0m [grpc] [34;1mInfof[0m -> [pick-first-leaf-lb] [pick-first-leaf-lb 0xc00048c2d0] SubConn 0xc0003d0370 reported connectivity state READY and the health listener is disabled. Transitioning SubConn to READY.
[34m2026-04-17 10:35:29.276 -03 001e INFO[0m [grpc] [34;1mAddTraceEvent[0m -> [core] [Channel #4]Channel Connectivity change to READY
[34m2026-04-17 10:35:29.290 -03 001f INFO[0m [cli.lifecycle.chaincode] [34;1msubmitInstallProposal[0m -> Installed remotely: response:{status:200 payload:"\nLcalc_do_1.0:52d4e858f1c31f04ae80e11cc7602d29376d4e2cce13b9355feafdb3c143958c\x12\x0bcalc_do_1.0"}
[34m2026-04-17 10:35:29.290 -03 0020 INFO[0m [cli.lifecycle.chaincode] [34;1msubmitInstallProposal[0m -> Chaincode code package identifier: calc_do_1.0:52d4e858f1c31f04ae80e11cc7602d29376d4e2cce13b9355feafdb3c143958c
[34m2026-04-17 10:35:29.345 -03 0001 INFO[0m [grpc] [34;1mInfof[0m -> [core] original dial target is: "10.10.20.152:13051"
[34m2026-04-17 10:35:29.345 -03 0002 INFO[0m [grpc] [34;1mAddTraceEvent[0m -> [core] [Channel #1]Channel created
[34m2026-04-17 10:35:29.345 -03 0003 INFO[0m [grpc] [34;1mAddTraceEvent[0m -> [core] [Channel #1]parsed dial target is: resolver.Target{URL:url.URL{Scheme:"passthrough", Opaque:"", User:(*url.Userinfo)(nil), Host:"", Path:"/10.10.20.152:13051", RawPath:"", OmitHost:false, ForceQuery:false, RawQuery:"", Fragment:"", RawFragment:""}}
[34m2026-04-17 10:35:29.345 -03 0004 INFO[0m [grpc] [34;1mAddTraceEvent[0m -> [core] [Channel #1]Channel authority set to "10.10.20.152:13051"
[34m2026-04-17 10:35:29.345 -03 0005 INFO[0m [grpc] [34;1mAddTraceEvent[0m -> [core] [Channel #1]Resolver state updated: {
  "Addresses": [
    {
      "Addr": "10.10.20.152:13051",
      "ServerName": "",
      "Attributes": null,
      "BalancerAttributes": null,
      "Metadata": null
    }
  ],
  "Endpoints": [
    {
      "Addresses": [
        {
          "Addr": "10.10.20.152:13051",
          "ServerName": "",
          "Attributes": null,
          "BalancerAttributes": null,
          "Metadata": null
        }
      ],
      "Attributes": null
    }
  ],
  "ServiceConfig": null,
  "Attributes": null
} (resolver returned new addresses)
[34m2026-04-17 10:35:29.345 -03 0006 INFO[0m [grpc] [34;1mAddTraceEvent[0m -> [core] [Channel #1]Channel switches to new LB policy "pick_first"
[34m2026-04-17 10:35:29.345 -03 0007 INFO[0m [grpc] [34;1mInfof[0m -> [pick-first-leaf-lb] [pick-first-leaf-lb 0xc000297170] Received new config {
  "shuffleAddressList": false
}, resolver state {
  "Addresses": [
    {
      "Addr": "10.10.20.152:13051",
      "ServerName": "",
      "Attributes": null,
      "BalancerAttributes": null,
      "Metadata": null
    }
  ],
  "Endpoints": [
    {
      "Addresses": [
        {
          "Addr": "10.10.20.152:13051",
          "ServerName": "",
          "Attributes": null,
          "BalancerAttributes": null,
          "Metadata": null
        }
      ],
      "Attributes": null
    }
  ],
  "ServiceConfig": null,
  "Attributes": null
}
[34m2026-04-17 10:35:29.345 -03 0008 INFO[0m [grpc] [34;1mAddTraceEvent[0m -> [core] [Channel #1]Channel Connectivity change to CONNECTING
[34m2026-04-17 10:35:29.345 -03 0009 INFO[0m [grpc] [34;1mAddTraceEvent[0m -> [core] [Channel #1 SubChannel #2]Subchannel created
[34m2026-04-17 10:35:29.345 -03 000a INFO[0m [grpc] [34;1mAddTraceEvent[0m -> [core] [Channel #1]Channel exiting idle mode
[34m2026-04-17 10:35:29.345 -03 000b INFO[0m [grpc] [34;1mAddTraceEvent[0m -> [core] [Channel #1 SubChannel #2]Subchannel Connectivity change to CONNECTING
[34m2026-04-17 10:35:29.345 -03 000c INFO[0m [grpc] [34;1mAddTraceEvent[0m -> [core] [Channel #1 SubChannel #2]Subchannel picks a new address "10.10.20.152:13051" to connect
[34m2026-04-17 10:35:29.347 -03 000d INFO[0m [grpc] [34;1mAddTraceEvent[0m -> [core] [Channel #1 SubChannel #2]Subchannel Connectivity change to READY
[34m2026-04-17 10:35:29.347 -03 000e INFO[0m [grpc] [34;1mInfof[0m -> [pick-first-leaf-lb] [pick-first-leaf-lb 0xc000297170] SubConn 0xc00014f900 reported connectivity state READY and the health listener is disabled. Transitioning SubConn to READY.
[34m2026-04-17 10:35:29.347 -03 000f INFO[0m [grpc] [34;1mAddTraceEvent[0m -> [core] [Channel #1]Channel Connectivity change to READY
[34m2026-04-17 10:35:29.348 -03 0010 INFO[0m [grpc] [34;1mInfof[0m -> [core] original dial target is: "10.10.20.152:13051"
[34m2026-04-17 10:35:29.348 -03 0011 INFO[0m [grpc] [34;1mAddTraceEvent[0m -> [core] [Channel #4]Channel created
[34m2026-04-17 10:35:29.348 -03 0012 INFO[0m [grpc] [34;1mAddTraceEvent[0m -> [core] [Channel #4]parsed dial target is: resolver.Target{URL:url.URL{Scheme:"passthrough", Opaque:"", User:(*url.Userinfo)(nil), Host:"", Path:"/10.10.20.152:13051", RawPath:"", OmitHost:false, ForceQuery:false, RawQuery:"", Fragment:"", RawFragment:""}}
[34m2026-04-17 10:35:29.348 -03 0013 INFO[0m [grpc] [34;1mAddTraceEvent[0m -> [core] [Channel #4]Channel authority set to "10.10.20.152:13051"
[34m2026-04-17 10:35:29.348 -03 0014 INFO[0m [grpc] [34;1mAddTraceEvent[0m -> [core] [Channel #4]Resolver state updated: {
  "Addresses": [
    {
      "Addr": "10.10.20.152:13051",
      "ServerName": "",
      "Attributes": null,
      "BalancerAttributes": null,
      "Metadata": null
    }
  ],
  "Endpoints": [
    {
      "Addresses": [
        {
          "Addr": "10.10.20.152:13051",
          "ServerName": "",
          "Attributes": null,
          "BalancerAttributes": null,
          "Metadata": null
        }
      ],
      "Attributes": null
    }
  ],
  "ServiceConfig": null,
  "Attributes": null
} (resolver returned new addresses)
[34m2026-04-17 10:35:29.348 -03 0015 INFO[0m [grpc] [34;1mAddTraceEvent[0m -> [core] [Channel #4]Channel switches to new LB policy "pick_first"
[34m2026-04-17 10:35:29.348 -03 0016 INFO[0m [grpc] [34;1mInfof[0m -> [pick-first-leaf-lb] [pick-first-leaf-lb 0xc0005ece10] Received new config {
  "shuffleAddressList": false
}, resolver state {
  "Addresses": [
    {
      "Addr": "10.10.20.152:13051",
      "ServerName": "",
      "Attributes": null,
      "BalancerAttributes": null,
      "Metadata": null
    }
  ],
  "Endpoints": [
    {
      "Addresses": [
        {
          "Addr": "10.10.20.152:13051",
          "ServerName": "",
          "Attributes": null,
          "BalancerAttributes": null,
          "Metadata": null
        }
      ],
      "Attributes": null
    }
  ],
  "ServiceConfig": null,
  "Attributes": null
}
[34m2026-04-17 10:35:29.348 -03 0017 INFO[0m [grpc] [34;1mAddTraceEvent[0m -> [core] [Channel #4]Channel Connectivity change to CONNECTING
[34m2026-04-17 10:35:29.348 -03 0018 INFO[0m [grpc] [34;1mAddTraceEvent[0m -> [core] [Channel #4 SubChannel #5]Subchannel created
[34m2026-04-17 10:35:29.348 -03 0019 INFO[0m [grpc] [34;1mAddTraceEvent[0m -> [core] [Channel #4]Channel exiting idle mode
[34m2026-04-17 10:35:29.348 -03 001a INFO[0m [grpc] [34;1mAddTraceEvent[0m -> [core] [Channel #4 SubChannel #5]Subchannel Connectivity change to CONNECTING
[34m2026-04-17 10:35:29.348 -03 001b INFO[0m [grpc] [34;1mAddTraceEvent[0m -> [core] [Channel #4 SubChannel #5]Subchannel picks a new address "10.10.20.152:13051" to connect
[34m2026-04-17 10:35:29.350 -03 001c INFO[0m [grpc] [34;1mAddTraceEvent[0m -> [core] [Channel #4 SubChannel #5]Subchannel Connectivity change to READY
[34m2026-04-17 10:35:29.350 -03 001d INFO[0m [grpc] [34;1mInfof[0m -> [pick-first-leaf-lb] [pick-first-leaf-lb 0xc0005ece10] SubConn 0xc00039a820 reported connectivity state READY and the health listener is disabled. Transitioning SubConn to READY.
[34m2026-04-17 10:35:29.350 -03 001e INFO[0m [grpc] [34;1mAddTraceEvent[0m -> [core] [Channel #4]Channel Connectivity change to READY
[34m2026-04-17 10:35:29.364 -03 001f INFO[0m [cli.lifecycle.chaincode] [34;1msubmitInstallProposal[0m -> Installed remotely: response:{status:200 payload:"\nLcalc_do_1.0:52d4e858f1c31f04ae80e11cc7602d29376d4e2cce13b9355feafdb3c143958c\x12\x0bcalc_do_1.0"}
[34m2026-04-17 10:35:29.364 -03 0020 INFO[0m [cli.lifecycle.chaincode] [34;1msubmitInstallProposal[0m -> Chaincode code package identifier: calc_do_1.0:52d4e858f1c31f04ae80e11cc7602d29376d4e2cce13b9355feafdb3c143958c
[34m2026-04-17 10:35:29.411 -03 0001 INFO[0m [grpc] [34;1mInfof[0m -> [core] original dial target is: "10.10.20.152:14051"
[34m2026-04-17 10:35:29.411 -03 0002 INFO[0m [grpc] [34;1mAddTraceEvent[0m -> [core] [Channel #1]Channel created
[34m2026-04-17 10:35:29.411 -03 0003 INFO[0m [grpc] [34;1mAddTraceEvent[0m -> [core] [Channel #1]parsed dial target is: resolver.Target{URL:url.URL{Scheme:"passthrough", Opaque:"", User:(*url.Userinfo)(nil), Host:"", Path:"/10.10.20.152:14051", RawPath:"", OmitHost:false, ForceQuery:false, RawQuery:"", Fragment:"", RawFragment:""}}
[34m2026-04-17 10:35:29.411 -03 0004 INFO[0m [grpc] [34;1mAddTraceEvent[0m -> [core] [Channel #1]Channel authority set to "10.10.20.152:14051"
[34m2026-04-17 10:35:29.411 -03 0005 INFO[0m [grpc] [34;1mAddTraceEvent[0m -> [core] [Channel #1]Resolver state updated: {
  "Addresses": [
    {
      "Addr": "10.10.20.152:14051",
      "ServerName": "",
      "Attributes": null,
      "BalancerAttributes": null,
      "Metadata": null
    }
  ],
  "Endpoints": [
    {
      "Addresses": [
        {
          "Addr": "10.10.20.152:14051",
          "ServerName": "",
          "Attributes": null,
          "BalancerAttributes": null,
          "Metadata": null
        }
      ],
      "Attributes": null
    }
  ],
  "ServiceConfig": null,
  "Attributes": null
} (resolver returned new addresses)
[34m2026-04-17 10:35:29.411 -03 0006 INFO[0m [grpc] [34;1mAddTraceEvent[0m -> [core] [Channel #1]Channel switches to new LB policy "pick_first"
[34m2026-04-17 10:35:29.412 -03 0007 INFO[0m [grpc] [34;1mInfof[0m -> [pick-first-leaf-lb] [pick-first-leaf-lb 0xc0003e6630] Received new config {
  "shuffleAddressList": false
}, resolver state {
  "Addresses": [
    {
      "Addr": "10.10.20.152:14051",
      "ServerName": "",
      "Attributes": null,
      "BalancerAttributes": null,
      "Metadata": null
    }
  ],
  "Endpoints": [
    {
      "Addresses": [
        {
          "Addr": "10.10.20.152:14051",
          "ServerName": "",
          "Attributes": null,
          "BalancerAttributes": null,
          "Metadata": null
        }
      ],
      "Attributes": null
    }
  ],
  "ServiceConfig": null,
  "Attributes": null
}
[34m2026-04-17 10:35:29.412 -03 0008 INFO[0m [grpc] [34;1mAddTraceEvent[0m -> [core] [Channel #1]Channel Connectivity change to CONNECTING
[34m2026-04-17 10:35:29.412 -03 0009 INFO[0m [grpc] [34;1mAddTraceEvent[0m -> [core] [Channel #1 SubChannel #2]Subchannel created
[34m2026-04-17 10:35:29.412 -03 000a INFO[0m [grpc] [34;1mAddTraceEvent[0m -> [core] [Channel #1]Channel exiting idle mode
[34m2026-04-17 10:35:29.412 -03 000b INFO[0m [grpc] [34;1mAddTraceEvent[0m -> [core] [Channel #1 SubChannel #2]Subchannel Connectivity change to CONNECTING
[34m2026-04-17 10:35:29.412 -03 000c INFO[0m [grpc] [34;1mAddTraceEvent[0m -> [core] [Channel #1 SubChannel #2]Subchannel picks a new address "10.10.20.152:14051" to connect
[34m2026-04-17 10:35:29.417 -03 000d INFO[0m [grpc] [34;1mAddTraceEvent[0m -> [core] [Channel #1 SubChannel #2]Subchannel Connectivity change to READY
[34m2026-04-17 10:35:29.417 -03 000e INFO[0m [grpc] [34;1mInfof[0m -> [pick-first-leaf-lb] [pick-first-leaf-lb 0xc0003e6630] SubConn 0xc000381bd0 reported connectivity state READY and the health listener is disabled. Transitioning SubConn to READY.
[34m2026-04-17 10:35:29.417 -03 000f INFO[0m [grpc] [34;1mAddTraceEvent[0m -> [core] [Channel #1]Channel Connectivity change to READY
[34m2026-04-17 10:35:29.419 -03 0010 INFO[0m [grpc] [34;1mInfof[0m -> [core] original dial target is: "10.10.20.152:14051"
[34m2026-04-17 10:35:29.419 -03 0011 INFO[0m [grpc] [34;1mAddTraceEvent[0m -> [core] [Channel #4]Channel created
[34m2026-04-17 10:35:29.419 -03 0012 INFO[0m [grpc] [34;1mAddTraceEvent[0m -> [core] [Channel #4]parsed dial target is: resolver.Target{URL:url.URL{Scheme:"passthrough", Opaque:"", User:(*url.Userinfo)(nil), Host:"", Path:"/10.10.20.152:14051", RawPath:"", OmitHost:false, ForceQuery:false, RawQuery:"", Fragment:"", RawFragment:""}}
[34m2026-04-17 10:35:29.419 -03 0013 INFO[0m [grpc] [34;1mAddTraceEvent[0m -> [core] [Channel #4]Channel authority set to "10.10.20.152:14051"
[34m2026-04-17 10:35:29.419 -03 0014 INFO[0m [grpc] [34;1mAddTraceEvent[0m -> [core] [Channel #4]Resolver state updated: {
  "Addresses": [
    {
      "Addr": "10.10.20.152:14051",
      "ServerName": "",
      "Attributes": null,
      "BalancerAttributes": null,
      "Metadata": null
    }
  ],
  "Endpoints": [
    {
      "Addresses": [
        {
          "Addr": "10.10.20.152:14051",
          "ServerName": "",
          "Attributes": null,
          "BalancerAttributes": null,
          "Metadata": null
        }
      ],
      "Attributes": null
    }
  ],
  "ServiceConfig": null,
  "Attributes": null
} (resolver returned new addresses)
[34m2026-04-17 10:35:29.419 -03 0015 INFO[0m [grpc] [34;1mAddTraceEvent[0m -> [core] [Channel #4]Channel switches to new LB policy "pick_first"
[34m2026-04-17 10:35:29.419 -03 0016 INFO[0m [grpc] [34;1mInfof[0m -> [pick-first-leaf-lb] [pick-first-leaf-lb 0xc0003e67e0] Received new config {
  "shuffleAddressList": false
}, resolver state {
  "Addresses": [
    {
      "Addr": "10.10.20.152:14051",
      "ServerName": "",
      "Attributes": null,
      "BalancerAttributes": null,
      "Metadata": null
    }
  ],
  "Endpoints": [
    {
      "Addresses": [
        {
          "Addr": "10.10.20.152:14051",
          "ServerName": "",
          "Attributes": null,
          "BalancerAttributes": null,
          "Metadata": null
        }
      ],
      "Attributes": null
    }
  ],
  "ServiceConfig": null,
  "Attributes": null
}
[34m2026-04-17 10:35:29.419 -03 0017 INFO[0m [grpc] [34;1mAddTraceEvent[0m -> [core] [Channel #4]Channel Connectivity change to CONNECTING
[34m2026-04-17 10:35:29.419 -03 0018 INFO[0m [grpc] [34;1mAddTraceEvent[0m -> [core] [Channel #4 SubChannel #5]Subchannel created
[34m2026-04-17 10:35:29.419 -03 0019 INFO[0m [grpc] [34;1mAddTraceEvent[0m -> [core] [Channel #4]Channel exiting idle mode
[34m2026-04-17 10:35:29.419 -03 001a INFO[0m [grpc] [34;1mAddTraceEvent[0m -> [core] [Channel #4 SubChannel #5]Subchannel Connectivity change to CONNECTING
[34m2026-04-17 10:35:29.419 -03 001b INFO[0m [grpc] [34;1mAddTraceEvent[0m -> [core] [Channel #4 SubChannel #5]Subchannel picks a new address "10.10.20.152:14051" to connect
[34m2026-04-17 10:35:29.423 -03 001c INFO[0m [grpc] [34;1mAddTraceEvent[0m -> [core] [Channel #4 SubChannel #5]Subchannel Connectivity change to READY
[34m2026-04-17 10:35:29.423 -03 001d INFO[0m [grpc] [34;1mInfof[0m -> [pick-first-leaf-lb] [pick-first-leaf-lb 0xc0003e67e0] SubConn 0xc00003eb90 reported connectivity state READY and the health listener is disabled. Transitioning SubConn to READY.
[34m2026-04-17 10:35:29.423 -03 001e INFO[0m [grpc] [34;1mAddTraceEvent[0m -> [core] [Channel #4]Channel Connectivity change to READY
[34m2026-04-17 10:35:29.437 -03 001f INFO[0m [cli.lifecycle.chaincode] [34;1msubmitInstallProposal[0m -> Installed remotely: response:{status:200 payload:"\nLcalc_do_1.0:52d4e858f1c31f04ae80e11cc7602d29376d4e2cce13b9355feafdb3c143958c\x12\x0bcalc_do_1.0"}
[34m2026-04-17 10:35:29.437 -03 0020 INFO[0m [cli.lifecycle.chaincode] [34;1msubmitInstallProposal[0m -> Chaincode code package identifier: calc_do_1.0:52d4e858f1c31f04ae80e11cc7602d29376d4e2cce13b9355feafdb3c143958c
[34m2026-04-17 10:35:29.486 -03 0001 INFO[0m [grpc] [34;1mInfof[0m -> [core] original dial target is: "10.10.20.152:14051"
[34m2026-04-17 10:35:29.486 -03 0002 INFO[0m [grpc] [34;1mAddTraceEvent[0m -> [core] [Channel #1]Channel created
[34m2026-04-17 10:35:29.486 -03 0003 INFO[0m [grpc] [34;1mAddTraceEvent[0m -> [core] [Channel #1]parsed dial target is: resolver.Target{URL:url.URL{Scheme:"passthrough", Opaque:"", User:(*url.Userinfo)(nil), Host:"", Path:"/10.10.20.152:14051", RawPath:"", OmitHost:false, ForceQuery:false, RawQuery:"", Fragment:"", RawFragment:""}}
[34m2026-04-17 10:35:29.486 -03 0004 INFO[0m [grpc] [34;1mAddTraceEvent[0m -> [core] [Channel #1]Channel authority set to "10.10.20.152:14051"
[34m2026-04-17 10:35:29.486 -03 0005 INFO[0m [grpc] [34;1mAddTraceEvent[0m -> [core] [Channel #1]Resolver state updated: {
  "Addresses": [
    {
      "Addr": "10.10.20.152:14051",
      "ServerName": "",
      "Attributes": null,
      "BalancerAttributes": null,
      "Metadata": null
    }
  ],
  "Endpoints": [
    {
      "Addresses": [
        {
          "Addr": "10.10.20.152:14051",
          "ServerName": "",
          "Attributes": null,
          "BalancerAttributes": null,
          "Metadata": null
        }
      ],
      "Attributes": null
    }
  ],
  "ServiceConfig": null,
  "Attributes": null
} (resolver returned new addresses)
[34m2026-04-17 10:35:29.486 -03 0006 INFO[0m [grpc] [34;1mAddTraceEvent[0m -> [core] [Channel #1]Channel switches to new LB policy "pick_first"
[34m2026-04-17 10:35:29.486 -03 0007 INFO[0m [grpc] [34;1mInfof[0m -> [pick-first-leaf-lb] [pick-first-leaf-lb 0xc0001294d0] Received new config {
  "shuffleAddressList": false
}, resolver state {
  "Addresses": [
    {
      "Addr": "10.10.20.152:14051",
      "ServerName": "",
      "Attributes": null,
      "BalancerAttributes": null,
      "Metadata": null
    }
  ],
  "Endpoints": [
    {
      "Addresses": [
        {
          "Addr": "10.10.20.152:14051",
          "ServerName": "",
          "Attributes": null,
          "BalancerAttributes": null,
          "Metadata": null
        }
      ],
      "Attributes": null
    }
  ],
  "ServiceConfig": null,
  "Attributes": null
}
[34m2026-04-17 10:35:29.486 -03 0008 INFO[0m [grpc] [34;1mAddTraceEvent[0m -> [core] [Channel #1]Channel Connectivity change to CONNECTING
[34m2026-04-17 10:35:29.486 -03 0009 INFO[0m [grpc] [34;1mAddTraceEvent[0m -> [core] [Channel #1 SubChannel #2]Subchannel created
[34m2026-04-17 10:35:29.486 -03 000a INFO[0m [grpc] [34;1mAddTraceEvent[0m -> [core] [Channel #1]Channel exiting idle mode
[34m2026-04-17 10:35:29.486 -03 000b INFO[0m [grpc] [34;1mAddTraceEvent[0m -> [core] [Channel #1 SubChannel #2]Subchannel Connectivity change to CONNECTING
[34m2026-04-17 10:35:29.486 -03 000c INFO[0m [grpc] [34;1mAddTraceEvent[0m -> [core] [Channel #1 SubChannel #2]Subchannel picks a new address "10.10.20.152:14051" to connect
[34m2026-04-17 10:35:29.488 -03 000d INFO[0m [grpc] [34;1mAddTraceEvent[0m -> [core] [Channel #1 SubChannel #2]Subchannel Connectivity change to READY
[34m2026-04-17 10:35:29.488 -03 000e INFO[0m [grpc] [34;1mInfof[0m -> [pick-first-leaf-lb] [pick-first-leaf-lb 0xc0001294d0] SubConn 0xc0001ae410 reported connectivity state READY and the health listener is disabled. Transitioning SubConn to READY.
[34m2026-04-17 10:35:29.488 -03 000f INFO[0m [grpc] [34;1mAddTraceEvent[0m -> [core] [Channel #1]Channel Connectivity change to READY
[34m2026-04-17 10:35:29.489 -03 0010 INFO[0m [grpc] [34;1mInfof[0m -> [core] original dial target is: "10.10.20.152:14051"
[34m2026-04-17 10:35:29.490 -03 0011 INFO[0m [grpc] [34;1mAddTraceEvent[0m -> [core] [Channel #4]Channel created
[34m2026-04-17 10:35:29.490 -03 0012 INFO[0m [grpc] [34;1mAddTraceEvent[0m -> [core] [Channel #4]parsed dial target is: resolver.Target{URL:url.URL{Scheme:"passthrough", Opaque:"", User:(*url.Userinfo)(nil), Host:"", Path:"/10.10.20.152:14051", RawPath:"", OmitHost:false, ForceQuery:false, RawQuery:"", Fragment:"", RawFragment:""}}
[34m2026-04-17 10:35:29.490 -03 0013 INFO[0m [grpc] [34;1mAddTraceEvent[0m -> [core] [Channel #4]Channel authority set to "10.10.20.152:14051"
[34m2026-04-17 10:35:29.490 -03 0014 INFO[0m [grpc] [34;1mAddTraceEvent[0m -> [core] [Channel #4]Resolver state updated: {
  "Addresses": [
    {
      "Addr": "10.10.20.152:14051",
      "ServerName": "",
      "Attributes": null,
      "BalancerAttributes": null,
      "Metadata": null
    }
  ],
  "Endpoints": [
    {
      "Addresses": [
        {
          "Addr": "10.10.20.152:14051",
          "ServerName": "",
          "Attributes": null,
          "BalancerAttributes": null,
          "Metadata": null
        }
      ],
      "Attributes": null
    }
  ],
  "ServiceConfig": null,
  "Attributes": null
} (resolver returned new addresses)
[34m2026-04-17 10:35:29.490 -03 0015 INFO[0m [grpc] [34;1mAddTraceEvent[0m -> [core] [Channel #4]Channel switches to new LB policy "pick_first"
[34m2026-04-17 10:35:29.490 -03 0016 INFO[0m [grpc] [34;1mInfof[0m -> [pick-first-leaf-lb] [pick-first-leaf-lb 0xc0001298c0] Received new config {
  "shuffleAddressList": false
}, resolver state {
  "Addresses": [
    {
      "Addr": "10.10.20.152:14051",
      "ServerName": "",
      "Attributes": null,
      "BalancerAttributes": null,
      "Metadata": null
    }
  ],
  "Endpoints": [
    {
      "Addresses": [
        {
          "Addr": "10.10.20.152:14051",
          "ServerName": "",
          "Attributes": null,
          "BalancerAttributes": null,
          "Metadata": null
        }
      ],
      "Attributes": null
    }
  ],
  "ServiceConfig": null,
  "Attributes": null
}
[34m2026-04-17 10:35:29.490 -03 0017 INFO[0m [grpc] [34;1mAddTraceEvent[0m -> [core] [Channel #4]Channel Connectivity change to CONNECTING
[34m2026-04-17 10:35:29.490 -03 0018 INFO[0m [grpc] [34;1mAddTraceEvent[0m -> [core] [Channel #4 SubChannel #5]Subchannel created
[34m2026-04-17 10:35:29.490 -03 0019 INFO[0m [grpc] [34;1mAddTraceEvent[0m -> [core] [Channel #4]Channel exiting idle mode
[34m2026-04-17 10:35:29.490 -03 001a INFO[0m [grpc] [34;1mAddTraceEvent[0m -> [core] [Channel #4 SubChannel #5]Subchannel Connectivity change to CONNECTING
[34m2026-04-17 10:35:29.490 -03 001b INFO[0m [grpc] [34;1mAddTraceEvent[0m -> [core] [Channel #4 SubChannel #5]Subchannel picks a new address "10.10.20.152:14051" to connect
[34m2026-04-17 10:35:29.492 -03 001c INFO[0m [grpc] [34;1mAddTraceEvent[0m -> [core] [Channel #4 SubChannel #5]Subchannel Connectivity change to READY
[34m2026-04-17 10:35:29.492 -03 001d INFO[0m [grpc] [34;1mInfof[0m -> [pick-first-leaf-lb] [pick-first-leaf-lb 0xc0001298c0] SubConn 0xc0001aec30 reported connectivity state READY and the health listener is disabled. Transitioning SubConn to READY.
[34m2026-04-17 10:35:29.492 -03 001e INFO[0m [grpc] [34;1mAddTraceEvent[0m -> [core] [Channel #4]Channel Connectivity change to READY
[34m2026-04-17 10:35:29.543 -03 0001 INFO[0m [grpc] [34;1mInfof[0m -> [core] original dial target is: "10.10.20.151:7051"
[34m2026-04-17 10:35:29.543 -03 0002 INFO[0m [grpc] [34;1mAddTraceEvent[0m -> [core] [Channel #1]Channel created
[34m2026-04-17 10:35:29.543 -03 0003 INFO[0m [grpc] [34;1mAddTraceEvent[0m -> [core] [Channel #1]parsed dial target is: resolver.Target{URL:url.URL{Scheme:"passthrough", Opaque:"", User:(*url.Userinfo)(nil), Host:"", Path:"/10.10.20.151:7051", RawPath:"", OmitHost:false, ForceQuery:false, RawQuery:"", Fragment:"", RawFragment:""}}
[34m2026-04-17 10:35:29.543 -03 0004 INFO[0m [grpc] [34;1mAddTraceEvent[0m -> [core] [Channel #1]Channel authority set to "10.10.20.151:7051"
[34m2026-04-17 10:35:29.543 -03 0005 INFO[0m [grpc] [34;1mAddTraceEvent[0m -> [core] [Channel #1]Resolver state updated: {
  "Addresses": [
    {
      "Addr": "10.10.20.151:7051",
      "ServerName": "",
      "Attributes": null,
      "BalancerAttributes": null,
      "Metadata": null
    }
  ],
  "Endpoints": [
    {
      "Addresses": [
        {
          "Addr": "10.10.20.151:7051",
          "ServerName": "",
          "Attributes": null,
          "BalancerAttributes": null,
          "Metadata": null
        }
      ],
      "Attributes": null
    }
  ],
  "ServiceConfig": null,
  "Attributes": null
} (resolver returned new addresses)
[34m2026-04-17 10:35:29.543 -03 0006 INFO[0m [grpc] [34;1mAddTraceEvent[0m -> [core] [Channel #1]Channel switches to new LB policy "pick_first"
[34m2026-04-17 10:35:29.543 -03 0007 INFO[0m [grpc] [34;1mInfof[0m -> [pick-first-leaf-lb] [pick-first-leaf-lb 0xc000296cf0] Received new config {
  "shuffleAddressList": false
}, resolver state {
  "Addresses": [
    {
      "Addr": "10.10.20.151:7051",
      "ServerName": "",
      "Attributes": null,
      "BalancerAttributes": null,
      "Metadata": null
    }
  ],
  "Endpoints": [
    {
      "Addresses": [
        {
          "Addr": "10.10.20.151:7051",
          "ServerName": "",
          "Attributes": null,
          "BalancerAttributes": null,
          "Metadata": null
        }
      ],
      "Attributes": null
    }
  ],
  "ServiceConfig": null,
  "Attributes": null
}
[34m2026-04-17 10:35:29.543 -03 0008 INFO[0m [grpc] [34;1mAddTraceEvent[0m -> [core] [Channel #1]Channel Connectivity change to CONNECTING
[34m2026-04-17 10:35:29.543 -03 0009 INFO[0m [grpc] [34;1mAddTraceEvent[0m -> [core] [Channel #1 SubChannel #2]Subchannel created
[34m2026-04-17 10:35:29.543 -03 000a INFO[0m [grpc] [34;1mAddTraceEvent[0m -> [core] [Channel #1]Channel exiting idle mode
[34m2026-04-17 10:35:29.543 -03 000b INFO[0m [grpc] [34;1mAddTraceEvent[0m -> [core] [Channel #1 SubChannel #2]Subchannel Connectivity change to CONNECTING
[34m2026-04-17 10:35:29.543 -03 000c INFO[0m [grpc] [34;1mAddTraceEvent[0m -> [core] [Channel #1 SubChannel #2]Subchannel picks a new address "10.10.20.151:7051" to connect
[34m2026-04-17 10:35:29.546 -03 000d INFO[0m [grpc] [34;1mAddTraceEvent[0m -> [core] [Channel #1 SubChannel #2]Subchannel Connectivity change to READY
[34m2026-04-17 10:35:29.546 -03 000e INFO[0m [grpc] [34;1mInfof[0m -> [pick-first-leaf-lb] [pick-first-leaf-lb 0xc000296cf0] SubConn 0xc0002410e0 reported connectivity state READY and the health listener is disabled. Transitioning SubConn to READY.
[34m2026-04-17 10:35:29.546 -03 000f INFO[0m [grpc] [34;1mAddTraceEvent[0m -> [core] [Channel #1]Channel Connectivity change to READY
[34m2026-04-17 10:35:29.547 -03 0010 INFO[0m [grpc] [34;1mInfof[0m -> [core] original dial target is: "10.10.20.151:7051"
[34m2026-04-17 10:35:29.547 -03 0011 INFO[0m [grpc] [34;1mAddTraceEvent[0m -> [core] [Channel #4]Channel created
[34m2026-04-17 10:35:29.547 -03 0012 INFO[0m [grpc] [34;1mAddTraceEvent[0m -> [core] [Channel #4]parsed dial target is: resolver.Target{URL:url.URL{Scheme:"passthrough", Opaque:"", User:(*url.Userinfo)(nil), Host:"", Path:"/10.10.20.151:7051", RawPath:"", OmitHost:false, ForceQuery:false, RawQuery:"", Fragment:"", RawFragment:""}}
[34m2026-04-17 10:35:29.547 -03 0013 INFO[0m [grpc] [34;1mAddTraceEvent[0m -> [core] [Channel #4]Channel authority set to "10.10.20.151:7051"
[34m2026-04-17 10:35:29.547 -03 0014 INFO[0m [grpc] [34;1mAddTraceEvent[0m -> [core] [Channel #4]Resolver state updated: {
  "Addresses": [
    {
      "Addr": "10.10.20.151:7051",
      "ServerName": "",
      "Attributes": null,
      "BalancerAttributes": null,
      "Metadata": null
    }
  ],
  "Endpoints": [
    {
      "Addresses": [
        {
          "Addr": "10.10.20.151:7051",
          "ServerName": "",
          "Attributes": null,
          "BalancerAttributes": null,
          "Metadata": null
        }
      ],
      "Attributes": null
    }
  ],
  "ServiceConfig": null,
  "Attributes": null
} (resolver returned new addresses)
[34m2026-04-17 10:35:29.547 -03 0015 INFO[0m [grpc] [34;1mAddTraceEvent[0m -> [core] [Channel #4]Channel switches to new LB policy "pick_first"
[34m2026-04-17 10:35:29.548 -03 0016 INFO[0m [grpc] [34;1mInfof[0m -> [pick-first-leaf-lb] [pick-first-leaf-lb 0xc0001401b0] Received new config {
  "shuffleAddressList": false
}, resolver state {
  "Addresses": [
    {
      "Addr": "10.10.20.151:7051",
      "ServerName": "",
      "Attributes": null,
      "BalancerAttributes": null,
      "Metadata": null
    }
  ],
  "Endpoints": [
    {
      "Addresses": [
        {
          "Addr": "10.10.20.151:7051",
          "ServerName": "",
          "Attributes": null,
          "BalancerAttributes": null,
          "Metadata": null
        }
      ],
      "Attributes": null
    }
  ],
  "ServiceConfig": null,
  "Attributes": null
}
[34m2026-04-17 10:35:29.548 -03 0017 INFO[0m [grpc] [34;1mAddTraceEvent[0m -> [core] [Channel #4]Channel Connectivity change to CONNECTING
[34m2026-04-17 10:35:29.548 -03 0018 INFO[0m [grpc] [34;1mAddTraceEvent[0m -> [core] [Channel #4 SubChannel #5]Subchannel created
[34m2026-04-17 10:35:29.548 -03 0019 INFO[0m [grpc] [34;1mAddTraceEvent[0m -> [core] [Channel #4]Channel exiting idle mode
[34m2026-04-17 10:35:29.548 -03 001a INFO[0m [grpc] [34;1mAddTraceEvent[0m -> [core] [Channel #4 SubChannel #5]Subchannel Connectivity change to CONNECTING
[34m2026-04-17 10:35:29.548 -03 001b INFO[0m [grpc] [34;1mAddTraceEvent[0m -> [core] [Channel #4 SubChannel #5]Subchannel picks a new address "10.10.20.151:7051" to connect
[34m2026-04-17 10:35:29.550 -03 001c INFO[0m [grpc] [34;1mAddTraceEvent[0m -> [core] [Channel #4 SubChannel #5]Subchannel Connectivity change to READY
[34m2026-04-17 10:35:29.550 -03 001d INFO[0m [grpc] [34;1mInfof[0m -> [pick-first-leaf-lb] [pick-first-leaf-lb 0xc0001401b0] SubConn 0xc0004500f0 reported connectivity state READY and the health listener is disabled. Transitioning SubConn to READY.
[34m2026-04-17 10:35:29.550 -03 001e INFO[0m [grpc] [34;1mAddTraceEvent[0m -> [core] [Channel #4]Channel Connectivity change to READY
[33m2026-04-17 10:35:29.552 -03 001f WARN[0m [grpc] [33;1mWarningf[0m -> [core] Adjusting keepalive ping interval to minimum period of 10s
[34m2026-04-17 10:35:29.552 -03 0020 INFO[0m [grpc] [34;1mInfof[0m -> [core] original dial target is: "10.10.20.151:7060"
[34m2026-04-17 10:35:29.552 -03 0021 INFO[0m [grpc] [34;1mAddTraceEvent[0m -> [core] [Channel #7]Channel created
[34m2026-04-17 10:35:29.552 -03 0022 INFO[0m [grpc] [34;1mAddTraceEvent[0m -> [core] [Channel #7]parsed dial target is: resolver.Target{URL:url.URL{Scheme:"passthrough", Opaque:"", User:(*url.Userinfo)(nil), Host:"", Path:"/10.10.20.151:7060", RawPath:"", OmitHost:false, ForceQuery:false, RawQuery:"", Fragment:"", RawFragment:""}}
[34m2026-04-17 10:35:29.552 -03 0023 INFO[0m [grpc] [34;1mAddTraceEvent[0m -> [core] [Channel #7]Channel authority set to "orderer0.exemplo.com"
[34m2026-04-17 10:35:29.552 -03 0024 INFO[0m [grpc] [34;1mAddTraceEvent[0m -> [core] [Channel #7]Resolver state updated: {
  "Addresses": [
    {
      "Addr": "10.10.20.151:7060",
      "ServerName": "",
      "Attributes": null,
      "BalancerAttributes": null,
      "Metadata": null
    }
  ],
  "Endpoints": [
    {
      "Addresses": [
        {
          "Addr": "10.10.20.151:7060",
          "ServerName": "",
          "Attributes": null,
          "BalancerAttributes": null,
          "Metadata": null
        }
      ],
      "Attributes": null
    }
  ],
  "ServiceConfig": null,
  "Attributes": null
} (resolver returned new addresses)
[34m2026-04-17 10:35:29.552 -03 0025 INFO[0m [grpc] [34;1mAddTraceEvent[0m -> [core] [Channel #7]Channel switches to new LB policy "pick_first"
[34m2026-04-17 10:35:29.552 -03 0026 INFO[0m [grpc] [34;1mInfof[0m -> [pick-first-leaf-lb] [pick-first-leaf-lb 0xc00072e5a0] Received new config {
  "shuffleAddressList": false
}, resolver state {
  "Addresses": [
    {
      "Addr": "10.10.20.151:7060",
      "ServerName": "",
      "Attributes": null,
      "BalancerAttributes": null,
      "Metadata": null
    }
  ],
  "Endpoints": [
    {
      "Addresses": [
        {
          "Addr": "10.10.20.151:7060",
          "ServerName": "",
          "Attributes": null,
          "BalancerAttributes": null,
          "Metadata": null
        }
      ],
      "Attributes": null
    }
  ],
  "ServiceConfig": null,
  "Attributes": null
}
[34m2026-04-17 10:35:29.552 -03 0027 INFO[0m [grpc] [34;1mAddTraceEvent[0m -> [core] [Channel #7]Channel Connectivity change to CONNECTING
[34m2026-04-17 10:35:29.552 -03 0028 INFO[0m [grpc] [34;1mAddTraceEvent[0m -> [core] [Channel #7 SubChannel #8]Subchannel created
[34m2026-04-17 10:35:29.552 -03 0029 INFO[0m [grpc] [34;1mAddTraceEvent[0m -> [core] [Channel #7]Channel exiting idle mode
[34m2026-04-17 10:35:29.552 -03 002a INFO[0m [grpc] [34;1mAddTraceEvent[0m -> [core] [Channel #7 SubChannel #8]Subchannel Connectivity change to CONNECTING
[34m2026-04-17 10:35:29.552 -03 002b INFO[0m [grpc] [34;1mAddTraceEvent[0m -> [core] [Channel #7 SubChannel #8]Subchannel picks a new address "10.10.20.151:7060" to connect
[34m2026-04-17 10:35:29.555 -03 002c INFO[0m [grpc] [34;1mAddTraceEvent[0m -> [core] [Channel #7 SubChannel #8]Subchannel Connectivity change to READY
[34m2026-04-17 10:35:29.555 -03 002d INFO[0m [grpc] [34;1mInfof[0m -> [pick-first-leaf-lb] [pick-first-leaf-lb 0xc00072e5a0] SubConn 0xc0003f24b0 reported connectivity state READY and the health listener is disabled. Transitioning SubConn to READY.
[34m2026-04-17 10:35:29.555 -03 002e INFO[0m [grpc] [34;1mAddTraceEvent[0m -> [core] [Channel #7]Channel Connectivity change to READY
[34m2026-04-17 10:35:29.721 -03 002f INFO[0m [chaincodeCmd] [34;1mClientWait[0m -> txid [c24eb2d24521910f17d42892e5af4e1557c1fbac00d4e5ebf1ab7632ddd14924] committed with status (VALID) at 10.10.20.151:7051
[34m2026-04-17 10:35:29.773 -03 0001 INFO[0m [grpc] [34;1mInfof[0m -> [core] original dial target is: "10.10.20.151:9051"
[34m2026-04-17 10:35:29.773 -03 0002 INFO[0m [grpc] [34;1mAddTraceEvent[0m -> [core] [Channel #1]Channel created
[34m2026-04-17 10:35:29.773 -03 0003 INFO[0m [grpc] [34;1mAddTraceEvent[0m -> [core] [Channel #1]parsed dial target is: resolver.Target{URL:url.URL{Scheme:"passthrough", Opaque:"", User:(*url.Userinfo)(nil), Host:"", Path:"/10.10.20.151:9051", RawPath:"", OmitHost:false, ForceQuery:false, RawQuery:"", Fragment:"", RawFragment:""}}
[34m2026-04-17 10:35:29.773 -03 0004 INFO[0m [grpc] [34;1mAddTraceEvent[0m -> [core] [Channel #1]Channel authority set to "10.10.20.151:9051"
[34m2026-04-17 10:35:29.773 -03 0005 INFO[0m [grpc] [34;1mAddTraceEvent[0m -> [core] [Channel #1]Resolver state updated: {
  "Addresses": [
    {
      "Addr": "10.10.20.151:9051",
      "ServerName": "",
      "Attributes": null,
      "BalancerAttributes": null,
      "Metadata": null
    }
  ],
  "Endpoints": [
    {
      "Addresses": [
        {
          "Addr": "10.10.20.151:9051",
          "ServerName": "",
          "Attributes": null,
          "BalancerAttributes": null,
          "Metadata": null
        }
      ],
      "Attributes": null
    }
  ],
  "ServiceConfig": null,
  "Attributes": null
} (resolver returned new addresses)
[34m2026-04-17 10:35:29.773 -03 0006 INFO[0m [grpc] [34;1mAddTraceEvent[0m -> [core] [Channel #1]Channel switches to new LB policy "pick_first"
[34m2026-04-17 10:35:29.773 -03 0007 INFO[0m [grpc] [34;1mInfof[0m -> [pick-first-leaf-lb] [pick-first-leaf-lb 0xc00046d3b0] Received new config {
  "shuffleAddressList": false
}, resolver state {
  "Addresses": [
    {
      "Addr": "10.10.20.151:9051",
      "ServerName": "",
      "Attributes": null,
      "BalancerAttributes": null,
      "Metadata": null
    }
  ],
  "Endpoints": [
    {
      "Addresses": [
        {
          "Addr": "10.10.20.151:9051",
          "ServerName": "",
          "Attributes": null,
          "BalancerAttributes": null,
          "Metadata": null
        }
      ],
      "Attributes": null
    }
  ],
  "ServiceConfig": null,
  "Attributes": null
}
[34m2026-04-17 10:35:29.773 -03 0008 INFO[0m [grpc] [34;1mAddTraceEvent[0m -> [core] [Channel #1]Channel Connectivity change to CONNECTING
[34m2026-04-17 10:35:29.773 -03 0009 INFO[0m [grpc] [34;1mAddTraceEvent[0m -> [core] [Channel #1 SubChannel #2]Subchannel created
[34m2026-04-17 10:35:29.773 -03 000a INFO[0m [grpc] [34;1mAddTraceEvent[0m -> [core] [Channel #1]Channel exiting idle mode
[34m2026-04-17 10:35:29.773 -03 000b INFO[0m [grpc] [34;1mAddTraceEvent[0m -> [core] [Channel #1 SubChannel #2]Subchannel Connectivity change to CONNECTING
[34m2026-04-17 10:35:29.773 -03 000c INFO[0m [grpc] [34;1mAddTraceEvent[0m -> [core] [Channel #1 SubChannel #2]Subchannel picks a new address "10.10.20.151:9051" to connect
[34m2026-04-17 10:35:29.774 -03 000d INFO[0m [grpc] [34;1mAddTraceEvent[0m -> [core] [Channel #1 SubChannel #2]Subchannel Connectivity change to READY
[34m2026-04-17 10:35:29.774 -03 000e INFO[0m [grpc] [34;1mInfof[0m -> [pick-first-leaf-lb] [pick-first-leaf-lb 0xc00046d3b0] SubConn 0xc00012afa0 reported connectivity state READY and the health listener is disabled. Transitioning SubConn to READY.
[34m2026-04-17 10:35:29.774 -03 000f INFO[0m [grpc] [34;1mAddTraceEvent[0m -> [core] [Channel #1]Channel Connectivity change to READY
[34m2026-04-17 10:35:29.775 -03 0010 INFO[0m [grpc] [34;1mInfof[0m -> [core] original dial target is: "10.10.20.151:9051"
[34m2026-04-17 10:35:29.775 -03 0011 INFO[0m [grpc] [34;1mAddTraceEvent[0m -> [core] [Channel #4]Channel created
[34m2026-04-17 10:35:29.775 -03 0012 INFO[0m [grpc] [34;1mAddTraceEvent[0m -> [core] [Channel #4]parsed dial target is: resolver.Target{URL:url.URL{Scheme:"passthrough", Opaque:"", User:(*url.Userinfo)(nil), Host:"", Path:"/10.10.20.151:9051", RawPath:"", OmitHost:false, ForceQuery:false, RawQuery:"", Fragment:"", RawFragment:""}}
[34m2026-04-17 10:35:29.775 -03 0013 INFO[0m [grpc] [34;1mAddTraceEvent[0m -> [core] [Channel #4]Channel authority set to "10.10.20.151:9051"
[34m2026-04-17 10:35:29.775 -03 0014 INFO[0m [grpc] [34;1mAddTraceEvent[0m -> [core] [Channel #4]Resolver state updated: {
  "Addresses": [
    {
      "Addr": "10.10.20.151:9051",
      "ServerName": "",
      "Attributes": null,
      "BalancerAttributes": null,
      "Metadata": null
    }
  ],
  "Endpoints": [
    {
      "Addresses": [
        {
          "Addr": "10.10.20.151:9051",
          "ServerName": "",
          "Attributes": null,
          "BalancerAttributes": null,
          "Metadata": null
        }
      ],
      "Attributes": null
    }
  ],
  "ServiceConfig": null,
  "Attributes": null
} (resolver returned new addresses)
[34m2026-04-17 10:35:29.775 -03 0015 INFO[0m [grpc] [34;1mAddTraceEvent[0m -> [core] [Channel #4]Channel switches to new LB policy "pick_first"
[34m2026-04-17 10:35:29.775 -03 0016 INFO[0m [grpc] [34;1mInfof[0m -> [pick-first-leaf-lb] [pick-first-leaf-lb 0xc0002966c0] Received new config {
  "shuffleAddressList": false
}, resolver state {
  "Addresses": [
    {
      "Addr": "10.10.20.151:9051",
      "ServerName": "",
      "Attributes": null,
      "BalancerAttributes": null,
      "Metadata": null
    }
  ],
  "Endpoints": [
    {
      "Addresses": [
        {
          "Addr": "10.10.20.151:9051",
          "ServerName": "",
          "Attributes": null,
          "BalancerAttributes": null,
          "Metadata": null
        }
      ],
      "Attributes": null
    }
  ],
  "ServiceConfig": null,
  "Attributes": null
}
[34m2026-04-17 10:35:29.775 -03 0017 INFO[0m [grpc] [34;1mAddTraceEvent[0m -> [core] [Channel #4]Channel Connectivity change to CONNECTING
[34m2026-04-17 10:35:29.775 -03 0018 INFO[0m [grpc] [34;1mAddTraceEvent[0m -> [core] [Channel #4 SubChannel #5]Subchannel created
[34m2026-04-17 10:35:29.775 -03 0019 INFO[0m [grpc] [34;1mAddTraceEvent[0m -> [core] [Channel #4]Channel exiting idle mode
[34m2026-04-17 10:35:29.775 -03 001a INFO[0m [grpc] [34;1mAddTraceEvent[0m -> [core] [Channel #4 SubChannel #5]Subchannel Connectivity change to CONNECTING
[34m2026-04-17 10:35:29.775 -03 001b INFO[0m [grpc] [34;1mAddTraceEvent[0m -> [core] [Channel #4 SubChannel #5]Subchannel picks a new address "10.10.20.151:9051" to connect
[34m2026-04-17 10:35:29.776 -03 001c INFO[0m [grpc] [34;1mAddTraceEvent[0m -> [core] [Channel #4 SubChannel #5]Subchannel Connectivity change to READY
[34m2026-04-17 10:35:29.776 -03 001d INFO[0m [grpc] [34;1mInfof[0m -> [pick-first-leaf-lb] [pick-first-leaf-lb 0xc0002966c0] SubConn 0xc0004ac2d0 reported connectivity state READY and the health listener is disabled. Transitioning SubConn to READY.
[34m2026-04-17 10:35:29.776 -03 001e INFO[0m [grpc] [34;1mAddTraceEvent[0m -> [core] [Channel #4]Channel Connectivity change to READY
[33m2026-04-17 10:35:29.776 -03 001f WARN[0m [grpc] [33;1mWarningf[0m -> [core] Adjusting keepalive ping interval to minimum period of 10s
[34m2026-04-17 10:35:29.776 -03 0020 INFO[0m [grpc] [34;1mInfof[0m -> [core] original dial target is: "10.10.20.151:7060"
[34m2026-04-17 10:35:29.776 -03 0021 INFO[0m [grpc] [34;1mAddTraceEvent[0m -> [core] [Channel #7]Channel created
[34m2026-04-17 10:35:29.776 -03 0022 INFO[0m [grpc] [34;1mAddTraceEvent[0m -> [core] [Channel #7]parsed dial target is: resolver.Target{URL:url.URL{Scheme:"passthrough", Opaque:"", User:(*url.Userinfo)(nil), Host:"", Path:"/10.10.20.151:7060", RawPath:"", OmitHost:false, ForceQuery:false, RawQuery:"", Fragment:"", RawFragment:""}}
[34m2026-04-17 10:35:29.776 -03 0023 INFO[0m [grpc] [34;1mAddTraceEvent[0m -> [core] [Channel #7]Channel authority set to "orderer0.exemplo.com"
[34m2026-04-17 10:35:29.776 -03 0024 INFO[0m [grpc] [34;1mAddTraceEvent[0m -> [core] [Channel #7]Resolver state updated: {
  "Addresses": [
    {
      "Addr": "10.10.20.151:7060",
      "ServerName": "",
      "Attributes": null,
      "BalancerAttributes": null,
      "Metadata": null
    }
  ],
  "Endpoints": [
    {
      "Addresses": [
        {
          "Addr": "10.10.20.151:7060",
          "ServerName": "",
          "Attributes": null,
          "BalancerAttributes": null,
          "Metadata": null
        }
      ],
      "Attributes": null
    }
  ],
  "ServiceConfig": null,
  "Attributes": null
} (resolver returned new addresses)
[34m2026-04-17 10:35:29.776 -03 0025 INFO[0m [grpc] [34;1mAddTraceEvent[0m -> [core] [Channel #7]Channel switches to new LB policy "pick_first"
[34m2026-04-17 10:35:29.776 -03 0026 INFO[0m [grpc] [34;1mInfof[0m -> [pick-first-leaf-lb] [pick-first-leaf-lb 0xc00046d7a0] Received new config {
  "shuffleAddressList": false
}, resolver state {
  "Addresses": [
    {
      "Addr": "10.10.20.151:7060",
      "ServerName": "",
      "Attributes": null,
      "BalancerAttributes": null,
      "Metadata": null
    }
  ],
  "Endpoints": [
    {
      "Addresses": [
        {
          "Addr": "10.10.20.151:7060",
          "ServerName": "",
          "Attributes": null,
          "BalancerAttributes": null,
          "Metadata": null
        }
      ],
      "Attributes": null
    }
  ],
  "ServiceConfig": null,
  "Attributes": null
}
[34m2026-04-17 10:35:29.776 -03 0027 INFO[0m [grpc] [34;1mAddTraceEvent[0m -> [core] [Channel #7]Channel Connectivity change to CONNECTING
[34m2026-04-17 10:35:29.776 -03 0028 INFO[0m [grpc] [34;1mAddTraceEvent[0m -> [core] [Channel #7 SubChannel #8]Subchannel created
[34m2026-04-17 10:35:29.776 -03 0029 INFO[0m [grpc] [34;1mAddTraceEvent[0m -> [core] [Channel #7]Channel exiting idle mode
[34m2026-04-17 10:35:29.776 -03 002a INFO[0m [grpc] [34;1mAddTraceEvent[0m -> [core] [Channel #7 SubChannel #8]Subchannel Connectivity change to CONNECTING
[34m2026-04-17 10:35:29.776 -03 002b INFO[0m [grpc] [34;1mAddTraceEvent[0m -> [core] [Channel #7 SubChannel #8]Subchannel picks a new address "10.10.20.151:7060" to connect
[34m2026-04-17 10:35:29.778 -03 002c INFO[0m [grpc] [34;1mAddTraceEvent[0m -> [core] [Channel #7 SubChannel #8]Subchannel Connectivity change to READY
[34m2026-04-17 10:35:29.778 -03 002d INFO[0m [grpc] [34;1mInfof[0m -> [pick-first-leaf-lb] [pick-first-leaf-lb 0xc00046d7a0] SubConn 0xc00012b310 reported connectivity state READY and the health listener is disabled. Transitioning SubConn to READY.
[34m2026-04-17 10:35:29.778 -03 002e INFO[0m [grpc] [34;1mAddTraceEvent[0m -> [core] [Channel #7]Channel Connectivity change to READY
[34m2026-04-17 10:35:29.944 -03 002f INFO[0m [chaincodeCmd] [34;1mClientWait[0m -> txid [a48b6e1522d0f66a6e9f006dc88448675e706eb0a6a9ac40d5bbc88a2a840d98] committed with status (VALID) at 10.10.20.151:9051
[34m2026-04-17 10:35:29.994 -03 0001 INFO[0m [grpc] [34;1mInfof[0m -> [core] original dial target is: "10.10.20.152:11051"
[34m2026-04-17 10:35:29.994 -03 0002 INFO[0m [grpc] [34;1mAddTraceEvent[0m -> [core] [Channel #1]Channel created
[34m2026-04-17 10:35:29.994 -03 0003 INFO[0m [grpc] [34;1mAddTraceEvent[0m -> [core] [Channel #1]parsed dial target is: resolver.Target{URL:url.URL{Scheme:"passthrough", Opaque:"", User:(*url.Userinfo)(nil), Host:"", Path:"/10.10.20.152:11051", RawPath:"", OmitHost:false, ForceQuery:false, RawQuery:"", Fragment:"", RawFragment:""}}
[34m2026-04-17 10:35:29.994 -03 0004 INFO[0m [grpc] [34;1mAddTraceEvent[0m -> [core] [Channel #1]Channel authority set to "10.10.20.152:11051"
[34m2026-04-17 10:35:29.994 -03 0005 INFO[0m [grpc] [34;1mAddTraceEvent[0m -> [core] [Channel #1]Resolver state updated: {
  "Addresses": [
    {
      "Addr": "10.10.20.152:11051",
      "ServerName": "",
      "Attributes": null,
      "BalancerAttributes": null,
      "Metadata": null
    }
  ],
  "Endpoints": [
    {
      "Addresses": [
        {
          "Addr": "10.10.20.152:11051",
          "ServerName": "",
          "Attributes": null,
          "BalancerAttributes": null,
          "Metadata": null
        }
      ],
      "Attributes": null
    }
  ],
  "ServiceConfig": null,
  "Attributes": null
} (resolver returned new addresses)
[34m2026-04-17 10:35:29.994 -03 0006 INFO[0m [grpc] [34;1mAddTraceEvent[0m -> [core] [Channel #1]Channel switches to new LB policy "pick_first"
[34m2026-04-17 10:35:29.994 -03 0007 INFO[0m [grpc] [34;1mInfof[0m -> [pick-first-leaf-lb] [pick-first-leaf-lb 0xc0003ceea0] Received new config {
  "shuffleAddressList": false
}, resolver state {
  "Addresses": [
    {
      "Addr": "10.10.20.152:11051",
      "ServerName": "",
      "Attributes": null,
      "BalancerAttributes": null,
      "Metadata": null
    }
  ],
  "Endpoints": [
    {
      "Addresses": [
        {
          "Addr": "10.10.20.152:11051",
          "ServerName": "",
          "Attributes": null,
          "BalancerAttributes": null,
          "Metadata": null
        }
      ],
      "Attributes": null
    }
  ],
  "ServiceConfig": null,
  "Attributes": null
}
[34m2026-04-17 10:35:29.994 -03 0008 INFO[0m [grpc] [34;1mAddTraceEvent[0m -> [core] [Channel #1]Channel Connectivity change to CONNECTING
[34m2026-04-17 10:35:29.994 -03 0009 INFO[0m [grpc] [34;1mAddTraceEvent[0m -> [core] [Channel #1 SubChannel #2]Subchannel created
[34m2026-04-17 10:35:29.994 -03 000a INFO[0m [grpc] [34;1mAddTraceEvent[0m -> [core] [Channel #1]Channel exiting idle mode
[34m2026-04-17 10:35:29.994 -03 000b INFO[0m [grpc] [34;1mAddTraceEvent[0m -> [core] [Channel #1 SubChannel #2]Subchannel Connectivity change to CONNECTING
[34m2026-04-17 10:35:29.994 -03 000c INFO[0m [grpc] [34;1mAddTraceEvent[0m -> [core] [Channel #1 SubChannel #2]Subchannel picks a new address "10.10.20.152:11051" to connect
[34m2026-04-17 10:35:29.996 -03 000d INFO[0m [grpc] [34;1mAddTraceEvent[0m -> [core] [Channel #1 SubChannel #2]Subchannel Connectivity change to READY
[34m2026-04-17 10:35:29.996 -03 000e INFO[0m [grpc] [34;1mInfof[0m -> [pick-first-leaf-lb] [pick-first-leaf-lb 0xc0003ceea0] SubConn 0xc0003f5c20 reported connectivity state READY and the health listener is disabled. Transitioning SubConn to READY.
[34m2026-04-17 10:35:29.996 -03 000f INFO[0m [grpc] [34;1mAddTraceEvent[0m -> [core] [Channel #1]Channel Connectivity change to READY
[34m2026-04-17 10:35:29.996 -03 0010 INFO[0m [grpc] [34;1mInfof[0m -> [core] original dial target is: "10.10.20.152:11051"
[34m2026-04-17 10:35:29.996 -03 0011 INFO[0m [grpc] [34;1mAddTraceEvent[0m -> [core] [Channel #4]Channel created
[34m2026-04-17 10:35:29.996 -03 0012 INFO[0m [grpc] [34;1mAddTraceEvent[0m -> [core] [Channel #4]parsed dial target is: resolver.Target{URL:url.URL{Scheme:"passthrough", Opaque:"", User:(*url.Userinfo)(nil), Host:"", Path:"/10.10.20.152:11051", RawPath:"", OmitHost:false, ForceQuery:false, RawQuery:"", Fragment:"", RawFragment:""}}
[34m2026-04-17 10:35:29.996 -03 0013 INFO[0m [grpc] [34;1mAddTraceEvent[0m -> [core] [Channel #4]Channel authority set to "10.10.20.152:11051"
[34m2026-04-17 10:35:29.996 -03 0014 INFO[0m [grpc] [34;1mAddTraceEvent[0m -> [core] [Channel #4]Resolver state updated: {
  "Addresses": [
    {
      "Addr": "10.10.20.152:11051",
      "ServerName": "",
      "Attributes": null,
      "BalancerAttributes": null,
      "Metadata": null
    }
  ],
  "Endpoints": [
    {
      "Addresses": [
        {
          "Addr": "10.10.20.152:11051",
          "ServerName": "",
          "Attributes": null,
          "BalancerAttributes": null,
          "Metadata": null
        }
      ],
      "Attributes": null
    }
  ],
  "ServiceConfig": null,
  "Attributes": null
} (resolver returned new addresses)
[34m2026-04-17 10:35:29.996 -03 0015 INFO[0m [grpc] [34;1mAddTraceEvent[0m -> [core] [Channel #4]Channel switches to new LB policy "pick_first"
[34m2026-04-17 10:35:29.996 -03 0016 INFO[0m [grpc] [34;1mInfof[0m -> [pick-first-leaf-lb] [pick-first-leaf-lb 0xc0003806c0] Received new config {
  "shuffleAddressList": false
}, resolver state {
  "Addresses": [
    {
      "Addr": "10.10.20.152:11051",
      "ServerName": "",
      "Attributes": null,
      "BalancerAttributes": null,
      "Metadata": null
    }
  ],
  "Endpoints": [
    {
      "Addresses": [
        {
          "Addr": "10.10.20.152:11051",
          "ServerName": "",
          "Attributes": null,
          "BalancerAttributes": null,
          "Metadata": null
        }
      ],
      "Attributes": null
    }
  ],
  "ServiceConfig": null,
  "Attributes": null
}
[34m2026-04-17 10:35:29.996 -03 0017 INFO[0m [grpc] [34;1mAddTraceEvent[0m -> [core] [Channel #4]Channel Connectivity change to CONNECTING
[34m2026-04-17 10:35:29.996 -03 0018 INFO[0m [grpc] [34;1mAddTraceEvent[0m -> [core] [Channel #4 SubChannel #5]Subchannel created
[34m2026-04-17 10:35:29.996 -03 0019 INFO[0m [grpc] [34;1mAddTraceEvent[0m -> [core] [Channel #4]Channel exiting idle mode
[34m2026-04-17 10:35:29.996 -03 001a INFO[0m [grpc] [34;1mAddTraceEvent[0m -> [core] [Channel #4 SubChannel #5]Subchannel Connectivity change to CONNECTING
[34m2026-04-17 10:35:29.996 -03 001b INFO[0m [grpc] [34;1mAddTraceEvent[0m -> [core] [Channel #4 SubChannel #5]Subchannel picks a new address "10.10.20.152:11051" to connect
[34m2026-04-17 10:35:29.998 -03 001c INFO[0m [grpc] [34;1mAddTraceEvent[0m -> [core] [Channel #4 SubChannel #5]Subchannel Connectivity change to READY
[34m2026-04-17 10:35:29.998 -03 001d INFO[0m [grpc] [34;1mInfof[0m -> [pick-first-leaf-lb] [pick-first-leaf-lb 0xc0003806c0] SubConn 0xc00015f450 reported connectivity state READY and the health listener is disabled. Transitioning SubConn to READY.
[34m2026-04-17 10:35:29.998 -03 001e INFO[0m [grpc] [34;1mAddTraceEvent[0m -> [core] [Channel #4]Channel Connectivity change to READY
[33m2026-04-17 10:35:29.999 -03 001f WARN[0m [grpc] [33;1mWarningf[0m -> [core] Adjusting keepalive ping interval to minimum period of 10s
[34m2026-04-17 10:35:29.999 -03 0020 INFO[0m [grpc] [34;1mInfof[0m -> [core] original dial target is: "10.10.20.151:7060"
[34m2026-04-17 10:35:29.999 -03 0021 INFO[0m [grpc] [34;1mAddTraceEvent[0m -> [core] [Channel #7]Channel created
[34m2026-04-17 10:35:29.999 -03 0022 INFO[0m [grpc] [34;1mAddTraceEvent[0m -> [core] [Channel #7]parsed dial target is: resolver.Target{URL:url.URL{Scheme:"passthrough", Opaque:"", User:(*url.Userinfo)(nil), Host:"", Path:"/10.10.20.151:7060", RawPath:"", OmitHost:false, ForceQuery:false, RawQuery:"", Fragment:"", RawFragment:""}}
[34m2026-04-17 10:35:29.999 -03 0023 INFO[0m [grpc] [34;1mAddTraceEvent[0m -> [core] [Channel #7]Channel authority set to "orderer0.exemplo.com"
[34m2026-04-17 10:35:29.999 -03 0024 INFO[0m [grpc] [34;1mAddTraceEvent[0m -> [core] [Channel #7]Resolver state updated: {
  "Addresses": [
    {
      "Addr": "10.10.20.151:7060",
      "ServerName": "",
      "Attributes": null,
      "BalancerAttributes": null,
      "Metadata": null
    }
  ],
  "Endpoints": [
    {
      "Addresses": [
        {
          "Addr": "10.10.20.151:7060",
          "ServerName": "",
          "Attributes": null,
          "BalancerAttributes": null,
          "Metadata": null
        }
      ],
      "Attributes": null
    }
  ],
  "ServiceConfig": null,
  "Attributes": null
} (resolver returned new addresses)
[34m2026-04-17 10:35:29.999 -03 0025 INFO[0m [grpc] [34;1mAddTraceEvent[0m -> [core] [Channel #7]Channel switches to new LB policy "pick_first"
[34m2026-04-17 10:35:29.999 -03 0026 INFO[0m [grpc] [34;1mInfof[0m -> [pick-first-leaf-lb] [pick-first-leaf-lb 0xc00054e2d0] Received new config {
  "shuffleAddressList": false
}, resolver state {
  "Addresses": [
    {
      "Addr": "10.10.20.151:7060",
      "ServerName": "",
      "Attributes": null,
      "BalancerAttributes": null,
      "Metadata": null
    }
  ],
  "Endpoints": [
    {
      "Addresses": [
        {
          "Addr": "10.10.20.151:7060",
          "ServerName": "",
          "Attributes": null,
          "BalancerAttributes": null,
          "Metadata": null
        }
      ],
      "Attributes": null
    }
  ],
  "ServiceConfig": null,
  "Attributes": null
}
[34m2026-04-17 10:35:29.999 -03 0027 INFO[0m [grpc] [34;1mAddTraceEvent[0m -> [core] [Channel #7]Channel Connectivity change to CONNECTING
[34m2026-04-17 10:35:29.999 -03 0028 INFO[0m [grpc] [34;1mAddTraceEvent[0m -> [core] [Channel #7 SubChannel #8]Subchannel created
[34m2026-04-17 10:35:29.999 -03 0029 INFO[0m [grpc] [34;1mAddTraceEvent[0m -> [core] [Channel #7]Channel exiting idle mode
[34m2026-04-17 10:35:29.999 -03 002a INFO[0m [grpc] [34;1mAddTraceEvent[0m -> [core] [Channel #7 SubChannel #8]Subchannel Connectivity change to CONNECTING
[34m2026-04-17 10:35:29.999 -03 002b INFO[0m [grpc] [34;1mAddTraceEvent[0m -> [core] [Channel #7 SubChannel #8]Subchannel picks a new address "10.10.20.151:7060" to connect
[34m2026-04-17 10:35:30.000 -03 002c INFO[0m [grpc] [34;1mAddTraceEvent[0m -> [core] [Channel #7 SubChannel #8]Subchannel Connectivity change to READY
[34m2026-04-17 10:35:30.000 -03 002d INFO[0m [grpc] [34;1mInfof[0m -> [pick-first-leaf-lb] [pick-first-leaf-lb 0xc00054e2d0] SubConn 0xc0005242d0 reported connectivity state READY and the health listener is disabled. Transitioning SubConn to READY.
[34m2026-04-17 10:35:30.000 -03 002e INFO[0m [grpc] [34;1mAddTraceEvent[0m -> [core] [Channel #7]Channel Connectivity change to READY
[34m2026-04-17 10:35:30.166 -03 002f INFO[0m [chaincodeCmd] [34;1mClientWait[0m -> txid [9df9582bbe2ed49713b3f9f77b224eed3e4e84b393bb86cd54cc068139c73434] committed with status (VALID) at 10.10.20.152:11051
[34m2026-04-17 10:35:30.212 -03 0001 INFO[0m [grpc] [34;1mInfof[0m -> [core] original dial target is: "10.10.20.152:13051"
[34m2026-04-17 10:35:30.212 -03 0002 INFO[0m [grpc] [34;1mAddTraceEvent[0m -> [core] [Channel #1]Channel created
[34m2026-04-17 10:35:30.212 -03 0003 INFO[0m [grpc] [34;1mAddTraceEvent[0m -> [core] [Channel #1]parsed dial target is: resolver.Target{URL:url.URL{Scheme:"passthrough", Opaque:"", User:(*url.Userinfo)(nil), Host:"", Path:"/10.10.20.152:13051", RawPath:"", OmitHost:false, ForceQuery:false, RawQuery:"", Fragment:"", RawFragment:""}}
[34m2026-04-17 10:35:30.212 -03 0004 INFO[0m [grpc] [34;1mAddTraceEvent[0m -> [core] [Channel #1]Channel authority set to "10.10.20.152:13051"
[34m2026-04-17 10:35:30.212 -03 0005 INFO[0m [grpc] [34;1mAddTraceEvent[0m -> [core] [Channel #1]Resolver state updated: {
  "Addresses": [
    {
      "Addr": "10.10.20.152:13051",
      "ServerName": "",
      "Attributes": null,
      "BalancerAttributes": null,
      "Metadata": null
    }
  ],
  "Endpoints": [
    {
      "Addresses": [
        {
          "Addr": "10.10.20.152:13051",
          "ServerName": "",
          "Attributes": null,
          "BalancerAttributes": null,
          "Metadata": null
        }
      ],
      "Attributes": null
    }
  ],
  "ServiceConfig": null,
  "Attributes": null
} (resolver returned new addresses)
[34m2026-04-17 10:35:30.212 -03 0006 INFO[0m [grpc] [34;1mAddTraceEvent[0m -> [core] [Channel #1]Channel switches to new LB policy "pick_first"
[34m2026-04-17 10:35:30.212 -03 0007 INFO[0m [grpc] [34;1mInfof[0m -> [pick-first-leaf-lb] [pick-first-leaf-lb 0xc000216bd0] Received new config {
  "shuffleAddressList": false
}, resolver state {
  "Addresses": [
    {
      "Addr": "10.10.20.152:13051",
      "ServerName": "",
      "Attributes": null,
      "BalancerAttributes": null,
      "Metadata": null
    }
  ],
  "Endpoints": [
    {
      "Addresses": [
        {
          "Addr": "10.10.20.152:13051",
          "ServerName": "",
          "Attributes": null,
          "BalancerAttributes": null,
          "Metadata": null
        }
      ],
      "Attributes": null
    }
  ],
  "ServiceConfig": null,
  "Attributes": null
}
[34m2026-04-17 10:35:30.212 -03 0008 INFO[0m [grpc] [34;1mAddTraceEvent[0m -> [core] [Channel #1]Channel Connectivity change to CONNECTING
[34m2026-04-17 10:35:30.212 -03 0009 INFO[0m [grpc] [34;1mAddTraceEvent[0m -> [core] [Channel #1 SubChannel #2]Subchannel created
[34m2026-04-17 10:35:30.212 -03 000a INFO[0m [grpc] [34;1mAddTraceEvent[0m -> [core] [Channel #1]Channel exiting idle mode
[34m2026-04-17 10:35:30.212 -03 000b INFO[0m [grpc] [34;1mAddTraceEvent[0m -> [core] [Channel #1 SubChannel #2]Subchannel Connectivity change to CONNECTING
[34m2026-04-17 10:35:30.212 -03 000c INFO[0m [grpc] [34;1mAddTraceEvent[0m -> [core] [Channel #1 SubChannel #2]Subchannel picks a new address "10.10.20.152:13051" to connect
[34m2026-04-17 10:35:30.214 -03 000d INFO[0m [grpc] [34;1mAddTraceEvent[0m -> [core] [Channel #1 SubChannel #2]Subchannel Connectivity change to READY
[34m2026-04-17 10:35:30.214 -03 000e INFO[0m [grpc] [34;1mInfof[0m -> [pick-first-leaf-lb] [pick-first-leaf-lb 0xc000216bd0] SubConn 0xc0002753b0 reported connectivity state READY and the health listener is disabled. Transitioning SubConn to READY.
[34m2026-04-17 10:35:30.214 -03 000f INFO[0m [grpc] [34;1mAddTraceEvent[0m -> [core] [Channel #1]Channel Connectivity change to READY
[34m2026-04-17 10:35:30.215 -03 0010 INFO[0m [grpc] [34;1mInfof[0m -> [core] original dial target is: "10.10.20.152:13051"
[34m2026-04-17 10:35:30.216 -03 0011 INFO[0m [grpc] [34;1mAddTraceEvent[0m -> [core] [Channel #4]Channel created
[34m2026-04-17 10:35:30.216 -03 0012 INFO[0m [grpc] [34;1mAddTraceEvent[0m -> [core] [Channel #4]parsed dial target is: resolver.Target{URL:url.URL{Scheme:"passthrough", Opaque:"", User:(*url.Userinfo)(nil), Host:"", Path:"/10.10.20.152:13051", RawPath:"", OmitHost:false, ForceQuery:false, RawQuery:"", Fragment:"", RawFragment:""}}
[34m2026-04-17 10:35:30.216 -03 0013 INFO[0m [grpc] [34;1mAddTraceEvent[0m -> [core] [Channel #4]Channel authority set to "10.10.20.152:13051"
[34m2026-04-17 10:35:30.216 -03 0014 INFO[0m [grpc] [34;1mAddTraceEvent[0m -> [core] [Channel #4]Resolver state updated: {
  "Addresses": [
    {
      "Addr": "10.10.20.152:13051",
      "ServerName": "",
      "Attributes": null,
      "BalancerAttributes": null,
      "Metadata": null
    }
  ],
  "Endpoints": [
    {
      "Addresses": [
        {
          "Addr": "10.10.20.152:13051",
          "ServerName": "",
          "Attributes": null,
          "BalancerAttributes": null,
          "Metadata": null
        }
      ],
      "Attributes": null
    }
  ],
  "ServiceConfig": null,
  "Attributes": null
} (resolver returned new addresses)
[34m2026-04-17 10:35:30.216 -03 0015 INFO[0m [grpc] [34;1mAddTraceEvent[0m -> [core] [Channel #4]Channel switches to new LB policy "pick_first"
[34m2026-04-17 10:35:30.216 -03 0016 INFO[0m [grpc] [34;1mInfof[0m -> [pick-first-leaf-lb] [pick-first-leaf-lb 0xc000556090] Received new config {
  "shuffleAddressList": false
}, resolver state {
  "Addresses": [
    {
      "Addr": "10.10.20.152:13051",
      "ServerName": "",
      "Attributes": null,
      "BalancerAttributes": null,
      "Metadata": null
    }
  ],
  "Endpoints": [
    {
      "Addresses": [
        {
          "Addr": "10.10.20.152:13051",
          "ServerName": "",
          "Attributes": null,
          "BalancerAttributes": null,
          "Metadata": null
        }
      ],
      "Attributes": null
    }
  ],
  "ServiceConfig": null,
  "Attributes": null
}
[34m2026-04-17 10:35:30.216 -03 0017 INFO[0m [grpc] [34;1mAddTraceEvent[0m -> [core] [Channel #4]Channel Connectivity change to CONNECTING
[34m2026-04-17 10:35:30.216 -03 0018 INFO[0m [grpc] [34;1mAddTraceEvent[0m -> [core] [Channel #4 SubChannel #5]Subchannel created
[34m2026-04-17 10:35:30.216 -03 0019 INFO[0m [grpc] [34;1mAddTraceEvent[0m -> [core] [Channel #4]Channel exiting idle mode
[34m2026-04-17 10:35:30.216 -03 001a INFO[0m [grpc] [34;1mAddTraceEvent[0m -> [core] [Channel #4 SubChannel #5]Subchannel Connectivity change to CONNECTING
[34m2026-04-17 10:35:30.216 -03 001b INFO[0m [grpc] [34;1mAddTraceEvent[0m -> [core] [Channel #4 SubChannel #5]Subchannel picks a new address "10.10.20.152:13051" to connect
[34m2026-04-17 10:35:30.218 -03 001c INFO[0m [grpc] [34;1mAddTraceEvent[0m -> [core] [Channel #4 SubChannel #5]Subchannel Connectivity change to READY
[34m2026-04-17 10:35:30.218 -03 001d INFO[0m [grpc] [34;1mInfof[0m -> [pick-first-leaf-lb] [pick-first-leaf-lb 0xc000556090] SubConn 0xc000550190 reported connectivity state READY and the health listener is disabled. Transitioning SubConn to READY.
[34m2026-04-17 10:35:30.218 -03 001e INFO[0m [grpc] [34;1mAddTraceEvent[0m -> [core] [Channel #4]Channel Connectivity change to READY
[33m2026-04-17 10:35:30.220 -03 001f WARN[0m [grpc] [33;1mWarningf[0m -> [core] Adjusting keepalive ping interval to minimum period of 10s
[34m2026-04-17 10:35:30.220 -03 0020 INFO[0m [grpc] [34;1mInfof[0m -> [core] original dial target is: "10.10.20.151:7060"
[34m2026-04-17 10:35:30.220 -03 0021 INFO[0m [grpc] [34;1mAddTraceEvent[0m -> [core] [Channel #7]Channel created
[34m2026-04-17 10:35:30.220 -03 0022 INFO[0m [grpc] [34;1mAddTraceEvent[0m -> [core] [Channel #7]parsed dial target is: resolver.Target{URL:url.URL{Scheme:"passthrough", Opaque:"", User:(*url.Userinfo)(nil), Host:"", Path:"/10.10.20.151:7060", RawPath:"", OmitHost:false, ForceQuery:false, RawQuery:"", Fragment:"", RawFragment:""}}
[34m2026-04-17 10:35:30.220 -03 0023 INFO[0m [grpc] [34;1mAddTraceEvent[0m -> [core] [Channel #7]Channel authority set to "orderer0.exemplo.com"
[34m2026-04-17 10:35:30.220 -03 0024 INFO[0m [grpc] [34;1mAddTraceEvent[0m -> [core] [Channel #7]Resolver state updated: {
  "Addresses": [
    {
      "Addr": "10.10.20.151:7060",
      "ServerName": "",
      "Attributes": null,
      "BalancerAttributes": null,
      "Metadata": null
    }
  ],
  "Endpoints": [
    {
      "Addresses": [
        {
          "Addr": "10.10.20.151:7060",
          "ServerName": "",
          "Attributes": null,
          "BalancerAttributes": null,
          "Metadata": null
        }
      ],
      "Attributes": null
    }
  ],
  "ServiceConfig": null,
  "Attributes": null
} (resolver returned new addresses)
[34m2026-04-17 10:35:30.220 -03 0025 INFO[0m [grpc] [34;1mAddTraceEvent[0m -> [core] [Channel #7]Channel switches to new LB policy "pick_first"
[34m2026-04-17 10:35:30.220 -03 0026 INFO[0m [grpc] [34;1mInfof[0m -> [pick-first-leaf-lb] [pick-first-leaf-lb 0xc0005561b0] Received new config {
  "shuffleAddressList": false
}, resolver state {
  "Addresses": [
    {
      "Addr": "10.10.20.151:7060",
      "ServerName": "",
      "Attributes": null,
      "BalancerAttributes": null,
      "Metadata": null
    }
  ],
  "Endpoints": [
    {
      "Addresses": [
        {
          "Addr": "10.10.20.151:7060",
          "ServerName": "",
          "Attributes": null,
          "BalancerAttributes": null,
          "Metadata": null
        }
      ],
      "Attributes": null
    }
  ],
  "ServiceConfig": null,
  "Attributes": null
}
[34m2026-04-17 10:35:30.220 -03 0027 INFO[0m [grpc] [34;1mAddTraceEvent[0m -> [core] [Channel #7]Channel Connectivity change to CONNECTING
[34m2026-04-17 10:35:30.220 -03 0028 INFO[0m [grpc] [34;1mAddTraceEvent[0m -> [core] [Channel #7 SubChannel #8]Subchannel created
[34m2026-04-17 10:35:30.220 -03 0029 INFO[0m [grpc] [34;1mAddTraceEvent[0m -> [core] [Channel #7]Channel exiting idle mode
[34m2026-04-17 10:35:30.220 -03 002a INFO[0m [grpc] [34;1mAddTraceEvent[0m -> [core] [Channel #7 SubChannel #8]Subchannel Connectivity change to CONNECTING
[34m2026-04-17 10:35:30.220 -03 002b INFO[0m [grpc] [34;1mAddTraceEvent[0m -> [core] [Channel #7 SubChannel #8]Subchannel picks a new address "10.10.20.151:7060" to connect
[34m2026-04-17 10:35:30.222 -03 002c INFO[0m [grpc] [34;1mAddTraceEvent[0m -> [core] [Channel #7 SubChannel #8]Subchannel Connectivity change to READY
[34m2026-04-17 10:35:30.222 -03 002d INFO[0m [grpc] [34;1mInfof[0m -> [pick-first-leaf-lb] [pick-first-leaf-lb 0xc0005561b0] SubConn 0xc000550690 reported connectivity state READY and the health listener is disabled. Transitioning SubConn to READY.
[34m2026-04-17 10:35:30.222 -03 002e INFO[0m [grpc] [34;1mAddTraceEvent[0m -> [core] [Channel #7]Channel Connectivity change to READY
[34m2026-04-17 10:35:30.379 -03 002f INFO[0m [chaincodeCmd] [34;1mClientWait[0m -> txid [3f763c9a6d5fd9a9c1f094c6838e89396e58119e50c658b0dbb0ac4a6f353b2e] committed with status (VALID) at 10.10.20.152:13051
[34m2026-04-17 10:35:30.590 -03 0001 INFO[0m [grpc] [34;1mInfof[0m -> [core] original dial target is: "10.10.20.151:7051"
[34m2026-04-17 10:35:30.590 -03 0002 INFO[0m [grpc] [34;1mAddTraceEvent[0m -> [core] [Channel #1]Channel created
[34m2026-04-17 10:35:30.591 -03 0003 INFO[0m [grpc] [34;1mAddTraceEvent[0m -> [core] [Channel #1]parsed dial target is: resolver.Target{URL:url.URL{Scheme:"passthrough", Opaque:"", User:(*url.Userinfo)(nil), Host:"", Path:"/10.10.20.151:7051", RawPath:"", OmitHost:false, ForceQuery:false, RawQuery:"", Fragment:"", RawFragment:""}}
[34m2026-04-17 10:35:30.591 -03 0004 INFO[0m [grpc] [34;1mAddTraceEvent[0m -> [core] [Channel #1]Channel authority set to "10.10.20.151:7051"
[34m2026-04-17 10:35:30.591 -03 0005 INFO[0m [grpc] [34;1mAddTraceEvent[0m -> [core] [Channel #1]Resolver state updated: {
  "Addresses": [
    {
      "Addr": "10.10.20.151:7051",
      "ServerName": "",
      "Attributes": null,
      "BalancerAttributes": null,
      "Metadata": null
    }
  ],
  "Endpoints": [
    {
      "Addresses": [
        {
          "Addr": "10.10.20.151:7051",
          "ServerName": "",
          "Attributes": null,
          "BalancerAttributes": null,
          "Metadata": null
        }
      ],
      "Attributes": null
    }
  ],
  "ServiceConfig": null,
  "Attributes": null
} (resolver returned new addresses)
[34m2026-04-17 10:35:30.591 -03 0006 INFO[0m [grpc] [34;1mAddTraceEvent[0m -> [core] [Channel #1]Channel switches to new LB policy "pick_first"
[34m2026-04-17 10:35:30.591 -03 0007 INFO[0m [grpc] [34;1mInfof[0m -> [pick-first-leaf-lb] [pick-first-leaf-lb 0xc000226bd0] Received new config {
  "shuffleAddressList": false
}, resolver state {
  "Addresses": [
    {
      "Addr": "10.10.20.151:7051",
      "ServerName": "",
      "Attributes": null,
      "BalancerAttributes": null,
      "Metadata": null
    }
  ],
  "Endpoints": [
    {
      "Addresses": [
        {
          "Addr": "10.10.20.151:7051",
          "ServerName": "",
          "Attributes": null,
          "BalancerAttributes": null,
          "Metadata": null
        }
      ],
      "Attributes": null
    }
  ],
  "ServiceConfig": null,
  "Attributes": null
}
[34m2026-04-17 10:35:30.591 -03 0008 INFO[0m [grpc] [34;1mAddTraceEvent[0m -> [core] [Channel #1]Channel Connectivity change to CONNECTING
[34m2026-04-17 10:35:30.591 -03 0009 INFO[0m [grpc] [34;1mAddTraceEvent[0m -> [core] [Channel #1 SubChannel #2]Subchannel created
[34m2026-04-17 10:35:30.591 -03 000a INFO[0m [grpc] [34;1mAddTraceEvent[0m -> [core] [Channel #1]Channel exiting idle mode
[34m2026-04-17 10:35:30.591 -03 000b INFO[0m [grpc] [34;1mAddTraceEvent[0m -> [core] [Channel #1 SubChannel #2]Subchannel Connectivity change to CONNECTING
[34m2026-04-17 10:35:30.591 -03 000c INFO[0m [grpc] [34;1mAddTraceEvent[0m -> [core] [Channel #1 SubChannel #2]Subchannel picks a new address "10.10.20.151:7051" to connect
[34m2026-04-17 10:35:30.594 -03 000d INFO[0m [grpc] [34;1mAddTraceEvent[0m -> [core] [Channel #1 SubChannel #2]Subchannel Connectivity change to READY
[34m2026-04-17 10:35:30.595 -03 000e INFO[0m [grpc] [34;1mInfof[0m -> [pick-first-leaf-lb] [pick-first-leaf-lb 0xc000226bd0] SubConn 0xc000409cc0 reported connectivity state READY and the health listener is disabled. Transitioning SubConn to READY.
[34m2026-04-17 10:35:30.595 -03 000f INFO[0m [grpc] [34;1mAddTraceEvent[0m -> [core] [Channel #1]Channel Connectivity change to READY
[34m2026-04-17 10:35:30.596 -03 0010 INFO[0m [grpc] [34;1mInfof[0m -> [core] original dial target is: "10.10.20.151:7051"
[34m2026-04-17 10:35:30.596 -03 0011 INFO[0m [grpc] [34;1mAddTraceEvent[0m -> [core] [Channel #4]Channel created
[34m2026-04-17 10:35:30.596 -03 0012 INFO[0m [grpc] [34;1mAddTraceEvent[0m -> [core] [Channel #4]parsed dial target is: resolver.Target{URL:url.URL{Scheme:"passthrough", Opaque:"", User:(*url.Userinfo)(nil), Host:"", Path:"/10.10.20.151:7051", RawPath:"", OmitHost:false, ForceQuery:false, RawQuery:"", Fragment:"", RawFragment:""}}
[34m2026-04-17 10:35:30.596 -03 0013 INFO[0m [grpc] [34;1mAddTraceEvent[0m -> [core] [Channel #4]Channel authority set to "10.10.20.151:7051"
[34m2026-04-17 10:35:30.596 -03 0014 INFO[0m [grpc] [34;1mAddTraceEvent[0m -> [core] [Channel #4]Resolver state updated: {
  "Addresses": [
    {
      "Addr": "10.10.20.151:7051",
      "ServerName": "",
      "Attributes": null,
      "BalancerAttributes": null,
      "Metadata": null
    }
  ],
  "Endpoints": [
    {
      "Addresses": [
        {
          "Addr": "10.10.20.151:7051",
          "ServerName": "",
          "Attributes": null,
          "BalancerAttributes": null,
          "Metadata": null
        }
      ],
      "Attributes": null
    }
  ],
  "ServiceConfig": null,
  "Attributes": null
} (resolver returned new addresses)
[34m2026-04-17 10:35:30.596 -03 0015 INFO[0m [grpc] [34;1mAddTraceEvent[0m -> [core] [Channel #4]Channel switches to new LB policy "pick_first"
[34m2026-04-17 10:35:30.596 -03 0016 INFO[0m [grpc] [34;1mInfof[0m -> [pick-first-leaf-lb] [pick-first-leaf-lb 0xc000226fc0] Received new config {
  "shuffleAddressList": false
}, resolver state {
  "Addresses": [
    {
      "Addr": "10.10.20.151:7051",
      "ServerName": "",
      "Attributes": null,
      "BalancerAttributes": null,
      "Metadata": null
    }
  ],
  "Endpoints": [
    {
      "Addresses": [
        {
          "Addr": "10.10.20.151:7051",
          "ServerName": "",
          "Attributes": null,
          "BalancerAttributes": null,
          "Metadata": null
        }
      ],
      "Attributes": null
    }
  ],
  "ServiceConfig": null,
  "Attributes": null
}
[34m2026-04-17 10:35:30.596 -03 0017 INFO[0m [grpc] [34;1mAddTraceEvent[0m -> [core] [Channel #4]Channel Connectivity change to CONNECTING
[34m2026-04-17 10:35:30.596 -03 0018 INFO[0m [grpc] [34;1mAddTraceEvent[0m -> [core] [Channel #4 SubChannel #5]Subchannel created
[34m2026-04-17 10:35:30.596 -03 0019 INFO[0m [grpc] [34;1mAddTraceEvent[0m -> [core] [Channel #4]Channel exiting idle mode
[34m2026-04-17 10:35:30.596 -03 001a INFO[0m [grpc] [34;1mAddTraceEvent[0m -> [core] [Channel #4 SubChannel #5]Subchannel Connectivity change to CONNECTING
[34m2026-04-17 10:35:30.596 -03 001b INFO[0m [grpc] [34;1mAddTraceEvent[0m -> [core] [Channel #4 SubChannel #5]Subchannel picks a new address "10.10.20.151:7051" to connect
[34m2026-04-17 10:35:30.599 -03 001c INFO[0m [grpc] [34;1mAddTraceEvent[0m -> [core] [Channel #4 SubChannel #5]Subchannel Connectivity change to READY
[34m2026-04-17 10:35:30.599 -03 001d INFO[0m [grpc] [34;1mInfof[0m -> [pick-first-leaf-lb] [pick-first-leaf-lb 0xc000226fc0] SubConn 0xc00043e190 reported connectivity state READY and the health listener is disabled. Transitioning SubConn to READY.
[34m2026-04-17 10:35:30.599 -03 001e INFO[0m [grpc] [34;1mAddTraceEvent[0m -> [core] [Channel #4]Channel Connectivity change to READY
[34m2026-04-17 10:35:30.600 -03 001f INFO[0m [grpc] [34;1mInfof[0m -> [core] original dial target is: "10.10.20.151:9051"
[34m2026-04-17 10:35:30.600 -03 0020 INFO[0m [grpc] [34;1mAddTraceEvent[0m -> [core] [Channel #7]Channel created
[34m2026-04-17 10:35:30.601 -03 0021 INFO[0m [grpc] [34;1mAddTraceEvent[0m -> [core] [Channel #7]parsed dial target is: resolver.Target{URL:url.URL{Scheme:"passthrough", Opaque:"", User:(*url.Userinfo)(nil), Host:"", Path:"/10.10.20.151:9051", RawPath:"", OmitHost:false, ForceQuery:false, RawQuery:"", Fragment:"", RawFragment:""}}
[34m2026-04-17 10:35:30.601 -03 0022 INFO[0m [grpc] [34;1mAddTraceEvent[0m -> [core] [Channel #7]Channel authority set to "10.10.20.151:9051"
[34m2026-04-17 10:35:30.601 -03 0023 INFO[0m [grpc] [34;1mAddTraceEvent[0m -> [core] [Channel #7]Resolver state updated: {
  "Addresses": [
    {
      "Addr": "10.10.20.151:9051",
      "ServerName": "",
      "Attributes": null,
      "BalancerAttributes": null,
      "Metadata": null
    }
  ],
  "Endpoints": [
    {
      "Addresses": [
        {
          "Addr": "10.10.20.151:9051",
          "ServerName": "",
          "Attributes": null,
          "BalancerAttributes": null,
          "Metadata": null
        }
      ],
      "Attributes": null
    }
  ],
  "ServiceConfig": null,
  "Attributes": null
} (resolver returned new addresses)
[34m2026-04-17 10:35:30.601 -03 0024 INFO[0m [grpc] [34;1mAddTraceEvent[0m -> [core] [Channel #7]Channel switches to new LB policy "pick_first"
[34m2026-04-17 10:35:30.601 -03 0025 INFO[0m [grpc] [34;1mInfof[0m -> [pick-first-leaf-lb] [pick-first-leaf-lb 0xc0004a0000] Received new config {
  "shuffleAddressList": false
}, resolver state {
  "Addresses": [
    {
      "Addr": "10.10.20.151:9051",
      "ServerName": "",
      "Attributes": null,
      "BalancerAttributes": null,
      "Metadata": null
    }
  ],
  "Endpoints": [
    {
      "Addresses": [
        {
          "Addr": "10.10.20.151:9051",
          "ServerName": "",
          "Attributes": null,
          "BalancerAttributes": null,
          "Metadata": null
        }
      ],
      "Attributes": null
    }
  ],
  "ServiceConfig": null,
  "Attributes": null
}
[34m2026-04-17 10:35:30.601 -03 0026 INFO[0m [grpc] [34;1mAddTraceEvent[0m -> [core] [Channel #7]Channel Connectivity change to CONNECTING
[34m2026-04-17 10:35:30.601 -03 0027 INFO[0m [grpc] [34;1mAddTraceEvent[0m -> [core] [Channel #7 SubChannel #8]Subchannel created
[34m2026-04-17 10:35:30.602 -03 0028 INFO[0m [grpc] [34;1mAddTraceEvent[0m -> [core] [Channel #7]Channel exiting idle mode
[34m2026-04-17 10:35:30.602 -03 0029 INFO[0m [grpc] [34;1mAddTraceEvent[0m -> [core] [Channel #7 SubChannel #8]Subchannel Connectivity change to CONNECTING
[34m2026-04-17 10:35:30.602 -03 002a INFO[0m [grpc] [34;1mAddTraceEvent[0m -> [core] [Channel #7 SubChannel #8]Subchannel picks a new address "10.10.20.151:9051" to connect
[34m2026-04-17 10:35:30.604 -03 002b INFO[0m [grpc] [34;1mAddTraceEvent[0m -> [core] [Channel #7 SubChannel #8]Subchannel Connectivity change to READY
[34m2026-04-17 10:35:30.604 -03 002c INFO[0m [grpc] [34;1mInfof[0m -> [pick-first-leaf-lb] [pick-first-leaf-lb 0xc0004a0000] SubConn 0xc0003ec410 reported connectivity state READY and the health listener is disabled. Transitioning SubConn to READY.
[34m2026-04-17 10:35:30.604 -03 002d INFO[0m [grpc] [34;1mAddTraceEvent[0m -> [core] [Channel #7]Channel Connectivity change to READY
[34m2026-04-17 10:35:30.605 -03 002e INFO[0m [grpc] [34;1mInfof[0m -> [core] original dial target is: "10.10.20.151:9051"
[34m2026-04-17 10:35:30.605 -03 002f INFO[0m [grpc] [34;1mAddTraceEvent[0m -> [core] [Channel #10]Channel created
[34m2026-04-17 10:35:30.605 -03 0030 INFO[0m [grpc] [34;1mAddTraceEvent[0m -> [core] [Channel #10]parsed dial target is: resolver.Target{URL:url.URL{Scheme:"passthrough", Opaque:"", User:(*url.Userinfo)(nil), Host:"", Path:"/10.10.20.151:9051", RawPath:"", OmitHost:false, ForceQuery:false, RawQuery:"", Fragment:"", RawFragment:""}}
[34m2026-04-17 10:35:30.605 -03 0031 INFO[0m [grpc] [34;1mAddTraceEvent[0m -> [core] [Channel #10]Channel authority set to "10.10.20.151:9051"
[34m2026-04-17 10:35:30.606 -03 0032 INFO[0m [grpc] [34;1mAddTraceEvent[0m -> [core] [Channel #10]Resolver state updated: {
  "Addresses": [
    {
      "Addr": "10.10.20.151:9051",
      "ServerName": "",
      "Attributes": null,
      "BalancerAttributes": null,
      "Metadata": null
    }
  ],
  "Endpoints": [
    {
      "Addresses": [
        {
          "Addr": "10.10.20.151:9051",
          "ServerName": "",
          "Attributes": null,
          "BalancerAttributes": null,
          "Metadata": null
        }
      ],
      "Attributes": null
    }
  ],
  "ServiceConfig": null,
  "Attributes": null
} (resolver returned new addresses)
[34m2026-04-17 10:35:30.606 -03 0033 INFO[0m [grpc] [34;1mAddTraceEvent[0m -> [core] [Channel #10]Channel switches to new LB policy "pick_first"
[34m2026-04-17 10:35:30.606 -03 0034 INFO[0m [grpc] [34;1mInfof[0m -> [pick-first-leaf-lb] [pick-first-leaf-lb 0xc000226cf0] Received new config {
  "shuffleAddressList": false
}, resolver state {
  "Addresses": [
    {
      "Addr": "10.10.20.151:9051",
      "ServerName": "",
      "Attributes": null,
      "BalancerAttributes": null,
      "Metadata": null
    }
  ],
  "Endpoints": [
    {
      "Addresses": [
        {
          "Addr": "10.10.20.151:9051",
          "ServerName": "",
          "Attributes": null,
          "BalancerAttributes": null,
          "Metadata": null
        }
      ],
      "Attributes": null
    }
  ],
  "ServiceConfig": null,
  "Attributes": null
}
[34m2026-04-17 10:35:30.606 -03 0035 INFO[0m [grpc] [34;1mAddTraceEvent[0m -> [core] [Channel #10]Channel Connectivity change to CONNECTING
[34m2026-04-17 10:35:30.606 -03 0036 INFO[0m [grpc] [34;1mAddTraceEvent[0m -> [core] [Channel #10 SubChannel #11]Subchannel created
[34m2026-04-17 10:35:30.606 -03 0037 INFO[0m [grpc] [34;1mAddTraceEvent[0m -> [core] [Channel #10]Channel exiting idle mode
[34m2026-04-17 10:35:30.606 -03 0038 INFO[0m [grpc] [34;1mAddTraceEvent[0m -> [core] [Channel #10 SubChannel #11]Subchannel Connectivity change to CONNECTING
[34m2026-04-17 10:35:30.606 -03 0039 INFO[0m [grpc] [34;1mAddTraceEvent[0m -> [core] [Channel #10 SubChannel #11]Subchannel picks a new address "10.10.20.151:9051" to connect
[34m2026-04-17 10:35:30.608 -03 003a INFO[0m [grpc] [34;1mAddTraceEvent[0m -> [core] [Channel #10 SubChannel #11]Subchannel Connectivity change to READY
[34m2026-04-17 10:35:30.608 -03 003b INFO[0m [grpc] [34;1mInfof[0m -> [pick-first-leaf-lb] [pick-first-leaf-lb 0xc000226cf0] SubConn 0xc0005ba460 reported connectivity state READY and the health listener is disabled. Transitioning SubConn to READY.
[34m2026-04-17 10:35:30.608 -03 003c INFO[0m [grpc] [34;1mAddTraceEvent[0m -> [core] [Channel #10]Channel Connectivity change to READY
[34m2026-04-17 10:35:30.609 -03 003d INFO[0m [grpc] [34;1mInfof[0m -> [core] original dial target is: "10.10.20.152:11051"
[34m2026-04-17 10:35:30.609 -03 003e INFO[0m [grpc] [34;1mAddTraceEvent[0m -> [core] [Channel #13]Channel created
[34m2026-04-17 10:35:30.609 -03 003f INFO[0m [grpc] [34;1mAddTraceEvent[0m -> [core] [Channel #13]parsed dial target is: resolver.Target{URL:url.URL{Scheme:"passthrough", Opaque:"", User:(*url.Userinfo)(nil), Host:"", Path:"/10.10.20.152:11051", RawPath:"", OmitHost:false, ForceQuery:false, RawQuery:"", Fragment:"", RawFragment:""}}
[34m2026-04-17 10:35:30.609 -03 0040 INFO[0m [grpc] [34;1mAddTraceEvent[0m -> [core] [Channel #13]Channel authority set to "10.10.20.152:11051"
[34m2026-04-17 10:35:30.609 -03 0041 INFO[0m [grpc] [34;1mAddTraceEvent[0m -> [core] [Channel #13]Resolver state updated: {
  "Addresses": [
    {
      "Addr": "10.10.20.152:11051",
      "ServerName": "",
      "Attributes": null,
      "BalancerAttributes": null,
      "Metadata": null
    }
  ],
  "Endpoints": [
    {
      "Addresses": [
        {
          "Addr": "10.10.20.152:11051",
          "ServerName": "",
          "Attributes": null,
          "BalancerAttributes": null,
          "Metadata": null
        }
      ],
      "Attributes": null
    }
  ],
  "ServiceConfig": null,
  "Attributes": null
} (resolver returned new addresses)
[34m2026-04-17 10:35:30.609 -03 0042 INFO[0m [grpc] [34;1mAddTraceEvent[0m -> [core] [Channel #13]Channel switches to new LB policy "pick_first"
[34m2026-04-17 10:35:30.609 -03 0043 INFO[0m [grpc] [34;1mInfof[0m -> [pick-first-leaf-lb] [pick-first-leaf-lb 0xc000227290] Received new config {
  "shuffleAddressList": false
}, resolver state {
  "Addresses": [
    {
      "Addr": "10.10.20.152:11051",
      "ServerName": "",
      "Attributes": null,
      "BalancerAttributes": null,
      "Metadata": null
    }
  ],
  "Endpoints": [
    {
      "Addresses": [
        {
          "Addr": "10.10.20.152:11051",
          "ServerName": "",
          "Attributes": null,
          "BalancerAttributes": null,
          "Metadata": null
        }
      ],
      "Attributes": null
    }
  ],
  "ServiceConfig": null,
  "Attributes": null
}
[34m2026-04-17 10:35:30.609 -03 0044 INFO[0m [grpc] [34;1mAddTraceEvent[0m -> [core] [Channel #13]Channel Connectivity change to CONNECTING
[34m2026-04-17 10:35:30.609 -03 0045 INFO[0m [grpc] [34;1mAddTraceEvent[0m -> [core] [Channel #13 SubChannel #14]Subchannel created
[34m2026-04-17 10:35:30.609 -03 0046 INFO[0m [grpc] [34;1mAddTraceEvent[0m -> [core] [Channel #13]Channel exiting idle mode
[34m2026-04-17 10:35:30.609 -03 0047 INFO[0m [grpc] [34;1mAddTraceEvent[0m -> [core] [Channel #13 SubChannel #14]Subchannel Connectivity change to CONNECTING
[34m2026-04-17 10:35:30.609 -03 0048 INFO[0m [grpc] [34;1mAddTraceEvent[0m -> [core] [Channel #13 SubChannel #14]Subchannel picks a new address "10.10.20.152:11051" to connect
[34m2026-04-17 10:35:30.612 -03 0049 INFO[0m [grpc] [34;1mAddTraceEvent[0m -> [core] [Channel #13 SubChannel #14]Subchannel Connectivity change to READY
[34m2026-04-17 10:35:30.612 -03 004a INFO[0m [grpc] [34;1mInfof[0m -> [pick-first-leaf-lb] [pick-first-leaf-lb 0xc000227290] SubConn 0xc0005ba7d0 reported connectivity state READY and the health listener is disabled. Transitioning SubConn to READY.
[34m2026-04-17 10:35:30.612 -03 004b INFO[0m [grpc] [34;1mAddTraceEvent[0m -> [core] [Channel #13]Channel Connectivity change to READY
[34m2026-04-17 10:35:30.614 -03 004c INFO[0m [grpc] [34;1mInfof[0m -> [core] original dial target is: "10.10.20.152:11051"
[34m2026-04-17 10:35:30.614 -03 004d INFO[0m [grpc] [34;1mAddTraceEvent[0m -> [core] [Channel #16]Channel created
[34m2026-04-17 10:35:30.614 -03 004e INFO[0m [grpc] [34;1mAddTraceEvent[0m -> [core] [Channel #16]parsed dial target is: resolver.Target{URL:url.URL{Scheme:"passthrough", Opaque:"", User:(*url.Userinfo)(nil), Host:"", Path:"/10.10.20.152:11051", RawPath:"", OmitHost:false, ForceQuery:false, RawQuery:"", Fragment:"", RawFragment:""}}
[34m2026-04-17 10:35:30.614 -03 004f INFO[0m [grpc] [34;1mAddTraceEvent[0m -> [core] [Channel #16]Channel authority set to "10.10.20.152:11051"
[34m2026-04-17 10:35:30.614 -03 0050 INFO[0m [grpc] [34;1mAddTraceEvent[0m -> [core] [Channel #16]Resolver state updated: {
  "Addresses": [
    {
      "Addr": "10.10.20.152:11051",
      "ServerName": "",
      "Attributes": null,
      "BalancerAttributes": null,
      "Metadata": null
    }
  ],
  "Endpoints": [
    {
      "Addresses": [
        {
          "Addr": "10.10.20.152:11051",
          "ServerName": "",
          "Attributes": null,
          "BalancerAttributes": null,
          "Metadata": null
        }
      ],
      "Attributes": null
    }
  ],
  "ServiceConfig": null,
  "Attributes": null
} (resolver returned new addresses)
[34m2026-04-17 10:35:30.614 -03 0051 INFO[0m [grpc] [34;1mAddTraceEvent[0m -> [core] [Channel #16]Channel switches to new LB policy "pick_first"
[34m2026-04-17 10:35:30.614 -03 0052 INFO[0m [grpc] [34;1mInfof[0m -> [pick-first-leaf-lb] [pick-first-leaf-lb 0xc0003070e0] Received new config {
  "shuffleAddressList": false
}, resolver state {
  "Addresses": [
    {
      "Addr": "10.10.20.152:11051",
      "ServerName": "",
      "Attributes": null,
      "BalancerAttributes": null,
      "Metadata": null
    }
  ],
  "Endpoints": [
    {
      "Addresses": [
        {
          "Addr": "10.10.20.152:11051",
          "ServerName": "",
          "Attributes": null,
          "BalancerAttributes": null,
          "Metadata": null
        }
      ],
      "Attributes": null
    }
  ],
  "ServiceConfig": null,
  "Attributes": null
}
[34m2026-04-17 10:35:30.614 -03 0053 INFO[0m [grpc] [34;1mAddTraceEvent[0m -> [core] [Channel #16]Channel Connectivity change to CONNECTING
[34m2026-04-17 10:35:30.614 -03 0054 INFO[0m [grpc] [34;1mAddTraceEvent[0m -> [core] [Channel #16 SubChannel #17]Subchannel created
[34m2026-04-17 10:35:30.614 -03 0055 INFO[0m [grpc] [34;1mAddTraceEvent[0m -> [core] [Channel #16]Channel exiting idle mode
[34m2026-04-17 10:35:30.614 -03 0056 INFO[0m [grpc] [34;1mAddTraceEvent[0m -> [core] [Channel #16 SubChannel #17]Subchannel Connectivity change to CONNECTING
[34m2026-04-17 10:35:30.614 -03 0057 INFO[0m [grpc] [34;1mAddTraceEvent[0m -> [core] [Channel #16 SubChannel #17]Subchannel picks a new address "10.10.20.152:11051" to connect
[34m2026-04-17 10:35:30.616 -03 0058 INFO[0m [grpc] [34;1mAddTraceEvent[0m -> [core] [Channel #16 SubChannel #17]Subchannel Connectivity change to READY
[34m2026-04-17 10:35:30.616 -03 0059 INFO[0m [grpc] [34;1mInfof[0m -> [pick-first-leaf-lb] [pick-first-leaf-lb 0xc0003070e0] SubConn 0xc0003ed040 reported connectivity state READY and the health listener is disabled. Transitioning SubConn to READY.
[34m2026-04-17 10:35:30.617 -03 005a INFO[0m [grpc] [34;1mAddTraceEvent[0m -> [core] [Channel #16]Channel Connectivity change to READY
[34m2026-04-17 10:35:30.618 -03 005b INFO[0m [grpc] [34;1mInfof[0m -> [core] original dial target is: "10.10.20.152:13051"
[34m2026-04-17 10:35:30.618 -03 005c INFO[0m [grpc] [34;1mAddTraceEvent[0m -> [core] [Channel #19]Channel created
[34m2026-04-17 10:35:30.618 -03 005d INFO[0m [grpc] [34;1mAddTraceEvent[0m -> [core] [Channel #19]parsed dial target is: resolver.Target{URL:url.URL{Scheme:"passthrough", Opaque:"", User:(*url.Userinfo)(nil), Host:"", Path:"/10.10.20.152:13051", RawPath:"", OmitHost:false, ForceQuery:false, RawQuery:"", Fragment:"", RawFragment:""}}
[34m2026-04-17 10:35:30.618 -03 005e INFO[0m [grpc] [34;1mAddTraceEvent[0m -> [core] [Channel #19]Channel authority set to "10.10.20.152:13051"
[34m2026-04-17 10:35:30.618 -03 005f INFO[0m [grpc] [34;1mAddTraceEvent[0m -> [core] [Channel #19]Resolver state updated: {
  "Addresses": [
    {
      "Addr": "10.10.20.152:13051",
      "ServerName": "",
      "Attributes": null,
      "BalancerAttributes": null,
      "Metadata": null
    }
  ],
  "Endpoints": [
    {
      "Addresses": [
        {
          "Addr": "10.10.20.152:13051",
          "ServerName": "",
          "Attributes": null,
          "BalancerAttributes": null,
          "Metadata": null
        }
      ],
      "Attributes": null
    }
  ],
  "ServiceConfig": null,
  "Attributes": null
} (resolver returned new addresses)
[34m2026-04-17 10:35:30.618 -03 0060 INFO[0m [grpc] [34;1mAddTraceEvent[0m -> [core] [Channel #19]Channel switches to new LB policy "pick_first"
[34m2026-04-17 10:35:30.618 -03 0061 INFO[0m [grpc] [34;1mInfof[0m -> [pick-first-leaf-lb] [pick-first-leaf-lb 0xc000227680] Received new config {
  "shuffleAddressList": false
}, resolver state {
  "Addresses": [
    {
      "Addr": "10.10.20.152:13051",
      "ServerName": "",
      "Attributes": null,
      "BalancerAttributes": null,
      "Metadata": null
    }
  ],
  "Endpoints": [
    {
      "Addresses": [
        {
          "Addr": "10.10.20.152:13051",
          "ServerName": "",
          "Attributes": null,
          "BalancerAttributes": null,
          "Metadata": null
        }
      ],
      "Attributes": null
    }
  ],
  "ServiceConfig": null,
  "Attributes": null
}
[34m2026-04-17 10:35:30.618 -03 0062 INFO[0m [grpc] [34;1mAddTraceEvent[0m -> [core] [Channel #19]Channel Connectivity change to CONNECTING
[34m2026-04-17 10:35:30.618 -03 0063 INFO[0m [grpc] [34;1mAddTraceEvent[0m -> [core] [Channel #19 SubChannel #20]Subchannel created
[34m2026-04-17 10:35:30.618 -03 0064 INFO[0m [grpc] [34;1mAddTraceEvent[0m -> [core] [Channel #19]Channel exiting idle mode
[34m2026-04-17 10:35:30.618 -03 0065 INFO[0m [grpc] [34;1mAddTraceEvent[0m -> [core] [Channel #19 SubChannel #20]Subchannel Connectivity change to CONNECTING
[34m2026-04-17 10:35:30.618 -03 0066 INFO[0m [grpc] [34;1mAddTraceEvent[0m -> [core] [Channel #19 SubChannel #20]Subchannel picks a new address "10.10.20.152:13051" to connect
[34m2026-04-17 10:35:30.621 -03 0067 INFO[0m [grpc] [34;1mAddTraceEvent[0m -> [core] [Channel #19 SubChannel #20]Subchannel Connectivity change to READY
[34m2026-04-17 10:35:30.621 -03 0068 INFO[0m [grpc] [34;1mInfof[0m -> [pick-first-leaf-lb] [pick-first-leaf-lb 0xc000227680] SubConn 0xc0005bab40 reported connectivity state READY and the health listener is disabled. Transitioning SubConn to READY.
[34m2026-04-17 10:35:30.621 -03 0069 INFO[0m [grpc] [34;1mAddTraceEvent[0m -> [core] [Channel #19]Channel Connectivity change to READY
[34m2026-04-17 10:35:30.622 -03 006a INFO[0m [grpc] [34;1mInfof[0m -> [core] original dial target is: "10.10.20.152:13051"
[34m2026-04-17 10:35:30.622 -03 006b INFO[0m [grpc] [34;1mAddTraceEvent[0m -> [core] [Channel #22]Channel created
[34m2026-04-17 10:35:30.622 -03 006c INFO[0m [grpc] [34;1mAddTraceEvent[0m -> [core] [Channel #22]parsed dial target is: resolver.Target{URL:url.URL{Scheme:"passthrough", Opaque:"", User:(*url.Userinfo)(nil), Host:"", Path:"/10.10.20.152:13051", RawPath:"", OmitHost:false, ForceQuery:false, RawQuery:"", Fragment:"", RawFragment:""}}
[34m2026-04-17 10:35:30.622 -03 006d INFO[0m [grpc] [34;1mAddTraceEvent[0m -> [core] [Channel #22]Channel authority set to "10.10.20.152:13051"
[34m2026-04-17 10:35:30.622 -03 006e INFO[0m [grpc] [34;1mAddTraceEvent[0m -> [core] [Channel #22]Resolver state updated: {
  "Addresses": [
    {
      "Addr": "10.10.20.152:13051",
      "ServerName": "",
      "Attributes": null,
      "BalancerAttributes": null,
      "Metadata": null
    }
  ],
  "Endpoints": [
    {
      "Addresses": [
        {
          "Addr": "10.10.20.152:13051",
          "ServerName": "",
          "Attributes": null,
          "BalancerAttributes": null,
          "Metadata": null
        }
      ],
      "Attributes": null
    }
  ],
  "ServiceConfig": null,
  "Attributes": null
} (resolver returned new addresses)
[34m2026-04-17 10:35:30.622 -03 006f INFO[0m [grpc] [34;1mAddTraceEvent[0m -> [core] [Channel #22]Channel switches to new LB policy "pick_first"
[34m2026-04-17 10:35:30.622 -03 0070 INFO[0m [grpc] [34;1mInfof[0m -> [pick-first-leaf-lb] [pick-first-leaf-lb 0xc000227a70] Received new config {
  "shuffleAddressList": false
}, resolver state {
  "Addresses": [
    {
      "Addr": "10.10.20.152:13051",
      "ServerName": "",
      "Attributes": null,
      "BalancerAttributes": null,
      "Metadata": null
    }
  ],
  "Endpoints": [
    {
      "Addresses": [
        {
          "Addr": "10.10.20.152:13051",
          "ServerName": "",
          "Attributes": null,
          "BalancerAttributes": null,
          "Metadata": null
        }
      ],
      "Attributes": null
    }
  ],
  "ServiceConfig": null,
  "Attributes": null
}
[34m2026-04-17 10:35:30.622 -03 0071 INFO[0m [grpc] [34;1mAddTraceEvent[0m -> [core] [Channel #22]Channel Connectivity change to CONNECTING
[34m2026-04-17 10:35:30.622 -03 0072 INFO[0m [grpc] [34;1mAddTraceEvent[0m -> [core] [Channel #22 SubChannel #23]Subchannel created
[34m2026-04-17 10:35:30.622 -03 0073 INFO[0m [grpc] [34;1mAddTraceEvent[0m -> [core] [Channel #22]Channel exiting idle mode
[34m2026-04-17 10:35:30.622 -03 0074 INFO[0m [grpc] [34;1mAddTraceEvent[0m -> [core] [Channel #22 SubChannel #23]Subchannel Connectivity change to CONNECTING
[34m2026-04-17 10:35:30.622 -03 0075 INFO[0m [grpc] [34;1mAddTraceEvent[0m -> [core] [Channel #22 SubChannel #23]Subchannel picks a new address "10.10.20.152:13051" to connect
[34m2026-04-17 10:35:30.624 -03 0076 INFO[0m [grpc] [34;1mAddTraceEvent[0m -> [core] [Channel #22 SubChannel #23]Subchannel Connectivity change to READY
[34m2026-04-17 10:35:30.624 -03 0077 INFO[0m [grpc] [34;1mInfof[0m -> [pick-first-leaf-lb] [pick-first-leaf-lb 0xc000227a70] SubConn 0xc0005bb2c0 reported connectivity state READY and the health listener is disabled. Transitioning SubConn to READY.
[34m2026-04-17 10:35:30.624 -03 0078 INFO[0m [grpc] [34;1mAddTraceEvent[0m -> [core] [Channel #22]Channel Connectivity change to READY
[33m2026-04-17 10:35:30.625 -03 0079 WARN[0m [grpc] [33;1mWarningf[0m -> [core] Adjusting keepalive ping interval to minimum period of 10s
[34m2026-04-17 10:35:30.625 -03 007a INFO[0m [grpc] [34;1mInfof[0m -> [core] original dial target is: "10.10.20.151:7060"
[34m2026-04-17 10:35:30.625 -03 007b INFO[0m [grpc] [34;1mAddTraceEvent[0m -> [core] [Channel #25]Channel created
[34m2026-04-17 10:35:30.625 -03 007c INFO[0m [grpc] [34;1mAddTraceEvent[0m -> [core] [Channel #25]parsed dial target is: resolver.Target{URL:url.URL{Scheme:"passthrough", Opaque:"", User:(*url.Userinfo)(nil), Host:"", Path:"/10.10.20.151:7060", RawPath:"", OmitHost:false, ForceQuery:false, RawQuery:"", Fragment:"", RawFragment:""}}
[34m2026-04-17 10:35:30.625 -03 007d INFO[0m [grpc] [34;1mAddTraceEvent[0m -> [core] [Channel #25]Channel authority set to "orderer0.exemplo.com"
[34m2026-04-17 10:35:30.626 -03 007e INFO[0m [grpc] [34;1mAddTraceEvent[0m -> [core] [Channel #25]Resolver state updated: {
  "Addresses": [
    {
      "Addr": "10.10.20.151:7060",
      "ServerName": "",
      "Attributes": null,
      "BalancerAttributes": null,
      "Metadata": null
    }
  ],
  "Endpoints": [
    {
      "Addresses": [
        {
          "Addr": "10.10.20.151:7060",
          "ServerName": "",
          "Attributes": null,
          "BalancerAttributes": null,
          "Metadata": null
        }
      ],
      "Attributes": null
    }
  ],
  "ServiceConfig": null,
  "Attributes": null
} (resolver returned new addresses)
[34m2026-04-17 10:35:30.626 -03 007f INFO[0m [grpc] [34;1mAddTraceEvent[0m -> [core] [Channel #25]Channel switches to new LB policy "pick_first"
[34m2026-04-17 10:35:30.626 -03 0080 INFO[0m [grpc] [34;1mInfof[0m -> [pick-first-leaf-lb] [pick-first-leaf-lb 0xc000227e60] Received new config {
  "shuffleAddressList": false
}, resolver state {
  "Addresses": [
    {
      "Addr": "10.10.20.151:7060",
      "ServerName": "",
      "Attributes": null,
      "BalancerAttributes": null,
      "Metadata": null
    }
  ],
  "Endpoints": [
    {
      "Addresses": [
        {
          "Addr": "10.10.20.151:7060",
          "ServerName": "",
          "Attributes": null,
          "BalancerAttributes": null,
          "Metadata": null
        }
      ],
      "Attributes": null
    }
  ],
  "ServiceConfig": null,
  "Attributes": null
}
[34m2026-04-17 10:35:30.626 -03 0081 INFO[0m [grpc] [34;1mAddTraceEvent[0m -> [core] [Channel #25]Channel Connectivity change to CONNECTING
[34m2026-04-17 10:35:30.626 -03 0082 INFO[0m [grpc] [34;1mAddTraceEvent[0m -> [core] [Channel #25 SubChannel #26]Subchannel created
[34m2026-04-17 10:35:30.626 -03 0083 INFO[0m [grpc] [34;1mAddTraceEvent[0m -> [core] [Channel #25]Channel exiting idle mode
[34m2026-04-17 10:35:30.626 -03 0084 INFO[0m [grpc] [34;1mAddTraceEvent[0m -> [core] [Channel #25 SubChannel #26]Subchannel Connectivity change to CONNECTING
[34m2026-04-17 10:35:30.626 -03 0085 INFO[0m [grpc] [34;1mAddTraceEvent[0m -> [core] [Channel #25 SubChannel #26]Subchannel picks a new address "10.10.20.151:7060" to connect
[34m2026-04-17 10:35:30.629 -03 0086 INFO[0m [grpc] [34;1mAddTraceEvent[0m -> [core] [Channel #25 SubChannel #26]Subchannel Connectivity change to READY
[34m2026-04-17 10:35:30.629 -03 0087 INFO[0m [grpc] [34;1mInfof[0m -> [pick-first-leaf-lb] [pick-first-leaf-lb 0xc000227e60] SubConn 0xc0005bb6d0 reported connectivity state READY and the health listener is disabled. Transitioning SubConn to READY.
[34m2026-04-17 10:35:30.629 -03 0088 INFO[0m [grpc] [34;1mAddTraceEvent[0m -> [core] [Channel #25]Channel Connectivity change to READY
[34m2026-04-17 10:35:30.797 -03 0089 INFO[0m [chaincodeCmd] [34;1mClientWait[0m -> txid [47b685b3b80627dde954e8bb121c4182f11c51e3b76379bfc83615bb02e19c96] committed with status (VALID) at 10.10.20.152:13051
[34m2026-04-17 10:35:30.798 -03 008a INFO[0m [chaincodeCmd] [34;1mClientWait[0m -> txid [47b685b3b80627dde954e8bb121c4182f11c51e3b76379bfc83615bb02e19c96] committed with status (VALID) at 10.10.20.152:11051
[34m2026-04-17 10:35:30.799 -03 008b INFO[0m [chaincodeCmd] [34;1mClientWait[0m -> txid [47b685b3b80627dde954e8bb121c4182f11c51e3b76379bfc83615bb02e19c96] committed with status (VALID) at 10.10.20.151:9051
[34m2026-04-17 10:35:30.799 -03 008c INFO[0m [chaincodeCmd] [34;1mClientWait[0m -> txid [47b685b3b80627dde954e8bb121c4182f11c51e3b76379bfc83615bb02e19c96] committed with status (VALID) at 10.10.20.151:7051
[34m2026-04-17 10:35:31.718 -03 0001 INFO[0m [grpc] [34;1mInfof[0m -> [core] original dial target is: "10.10.20.151:7051"
[34m2026-04-17 10:35:31.719 -03 0002 INFO[0m [grpc] [34;1mAddTraceEvent[0m -> [core] [Channel #1]Channel created
[34m2026-04-17 10:35:31.719 -03 0003 INFO[0m [grpc] [34;1mAddTraceEvent[0m -> [core] [Channel #1]parsed dial target is: resolver.Target{URL:url.URL{Scheme:"passthrough", Opaque:"", User:(*url.Userinfo)(nil), Host:"", Path:"/10.10.20.151:7051", RawPath:"", OmitHost:false, ForceQuery:false, RawQuery:"", Fragment:"", RawFragment:""}}
[34m2026-04-17 10:35:31.719 -03 0004 INFO[0m [grpc] [34;1mAddTraceEvent[0m -> [core] [Channel #1]Channel authority set to "10.10.20.151:7051"
[34m2026-04-17 10:35:31.719 -03 0005 INFO[0m [grpc] [34;1mAddTraceEvent[0m -> [core] [Channel #1]Resolver state updated: {
  "Addresses": [
    {
      "Addr": "10.10.20.151:7051",
      "ServerName": "",
      "Attributes": null,
      "BalancerAttributes": null,
      "Metadata": null
    }
  ],
  "Endpoints": [
    {
      "Addresses": [
        {
          "Addr": "10.10.20.151:7051",
          "ServerName": "",
          "Attributes": null,
          "BalancerAttributes": null,
          "Metadata": null
        }
      ],
      "Attributes": null
    }
  ],
  "ServiceConfig": null,
  "Attributes": null
} (resolver returned new addresses)
[34m2026-04-17 10:35:31.719 -03 0006 INFO[0m [grpc] [34;1mAddTraceEvent[0m -> [core] [Channel #1]Channel switches to new LB policy "pick_first"
[34m2026-04-17 10:35:31.719 -03 0007 INFO[0m [grpc] [34;1mInfof[0m -> [pick-first-leaf-lb] [pick-first-leaf-lb 0xc0005c15f0] Received new config {
  "shuffleAddressList": false
}, resolver state {
  "Addresses": [
    {
      "Addr": "10.10.20.151:7051",
      "ServerName": "",
      "Attributes": null,
      "BalancerAttributes": null,
      "Metadata": null
    }
  ],
  "Endpoints": [
    {
      "Addresses": [
        {
          "Addr": "10.10.20.151:7051",
          "ServerName": "",
          "Attributes": null,
          "BalancerAttributes": null,
          "Metadata": null
        }
      ],
      "Attributes": null
    }
  ],
  "ServiceConfig": null,
  "Attributes": null
}
[34m2026-04-17 10:35:31.719 -03 0008 INFO[0m [grpc] [34;1mAddTraceEvent[0m -> [core] [Channel #1]Channel Connectivity change to CONNECTING
[34m2026-04-17 10:35:31.719 -03 0009 INFO[0m [grpc] [34;1mAddTraceEvent[0m -> [core] [Channel #1 SubChannel #2]Subchannel created
[34m2026-04-17 10:35:31.719 -03 000a INFO[0m [grpc] [34;1mAddTraceEvent[0m -> [core] [Channel #1]Channel exiting idle mode
[34m2026-04-17 10:35:31.719 -03 000b INFO[0m [grpc] [34;1mAddTraceEvent[0m -> [core] [Channel #1 SubChannel #2]Subchannel Connectivity change to CONNECTING
[34m2026-04-17 10:35:31.719 -03 000c INFO[0m [grpc] [34;1mAddTraceEvent[0m -> [core] [Channel #1 SubChannel #2]Subchannel picks a new address "10.10.20.151:7051" to connect
[34m2026-04-17 10:35:31.722 -03 000d INFO[0m [grpc] [34;1mAddTraceEvent[0m -> [core] [Channel #1 SubChannel #2]Subchannel Connectivity change to READY
[34m2026-04-17 10:35:31.722 -03 000e INFO[0m [grpc] [34;1mInfof[0m -> [pick-first-leaf-lb] [pick-first-leaf-lb 0xc0005c15f0] SubConn 0xc000600730 reported connectivity state READY and the health listener is disabled. Transitioning SubConn to READY.
[34m2026-04-17 10:35:31.722 -03 000f INFO[0m [grpc] [34;1mAddTraceEvent[0m -> [core] [Channel #1]Channel Connectivity change to READY
[34m2026-04-17 10:35:31.723 -03 0010 INFO[0m [grpc] [34;1mInfof[0m -> [core] original dial target is: "10.10.20.151:7051"
[34m2026-04-17 10:35:31.723 -03 0011 INFO[0m [grpc] [34;1mAddTraceEvent[0m -> [core] [Channel #4]Channel created
[34m2026-04-17 10:35:31.723 -03 0012 INFO[0m [grpc] [34;1mAddTraceEvent[0m -> [core] [Channel #4]parsed dial target is: resolver.Target{URL:url.URL{Scheme:"passthrough", Opaque:"", User:(*url.Userinfo)(nil), Host:"", Path:"/10.10.20.151:7051", RawPath:"", OmitHost:false, ForceQuery:false, RawQuery:"", Fragment:"", RawFragment:""}}
[34m2026-04-17 10:35:31.723 -03 0013 INFO[0m [grpc] [34;1mAddTraceEvent[0m -> [core] [Channel #4]Channel authority set to "10.10.20.151:7051"
[34m2026-04-17 10:35:31.723 -03 0014 INFO[0m [grpc] [34;1mAddTraceEvent[0m -> [core] [Channel #4]Resolver state updated: {
  "Addresses": [
    {
      "Addr": "10.10.20.151:7051",
      "ServerName": "",
      "Attributes": null,
      "BalancerAttributes": null,
      "Metadata": null
    }
  ],
  "Endpoints": [
    {
      "Addresses": [
        {
          "Addr": "10.10.20.151:7051",
          "ServerName": "",
          "Attributes": null,
          "BalancerAttributes": null,
          "Metadata": null
        }
      ],
      "Attributes": null
    }
  ],
  "ServiceConfig": null,
  "Attributes": null
} (resolver returned new addresses)
[34m2026-04-17 10:35:31.723 -03 0015 INFO[0m [grpc] [34;1mAddTraceEvent[0m -> [core] [Channel #4]Channel switches to new LB policy "pick_first"
[34m2026-04-17 10:35:31.723 -03 0016 INFO[0m [grpc] [34;1mInfof[0m -> [pick-first-leaf-lb] [pick-first-leaf-lb 0xc0005c19e0] Received new config {
  "shuffleAddressList": false
}, resolver state {
  "Addresses": [
    {
      "Addr": "10.10.20.151:7051",
      "ServerName": "",
      "Attributes": null,
      "BalancerAttributes": null,
      "Metadata": null
    }
  ],
  "Endpoints": [
    {
      "Addresses": [
        {
          "Addr": "10.10.20.151:7051",
          "ServerName": "",
          "Attributes": null,
          "BalancerAttributes": null,
          "Metadata": null
        }
      ],
      "Attributes": null
    }
  ],
  "ServiceConfig": null,
  "Attributes": null
}
[34m2026-04-17 10:35:31.723 -03 0017 INFO[0m [grpc] [34;1mAddTraceEvent[0m -> [core] [Channel #4]Channel Connectivity change to CONNECTING
[34m2026-04-17 10:35:31.723 -03 0018 INFO[0m [grpc] [34;1mAddTraceEvent[0m -> [core] [Channel #4 SubChannel #5]Subchannel created
[34m2026-04-17 10:35:31.723 -03 0019 INFO[0m [grpc] [34;1mAddTraceEvent[0m -> [core] [Channel #4]Channel exiting idle mode
[34m2026-04-17 10:35:31.723 -03 001a INFO[0m [grpc] [34;1mAddTraceEvent[0m -> [core] [Channel #4 SubChannel #5]Subchannel Connectivity change to CONNECTING
[34m2026-04-17 10:35:31.723 -03 001b INFO[0m [grpc] [34;1mAddTraceEvent[0m -> [core] [Channel #4 SubChannel #5]Subchannel picks a new address "10.10.20.151:7051" to connect
[34m2026-04-17 10:35:31.726 -03 001c INFO[0m [grpc] [34;1mAddTraceEvent[0m -> [core] [Channel #4 SubChannel #5]Subchannel Connectivity change to READY
[34m2026-04-17 10:35:31.726 -03 001d INFO[0m [grpc] [34;1mInfof[0m -> [pick-first-leaf-lb] [pick-first-leaf-lb 0xc0005c19e0] SubConn 0xc000600f50 reported connectivity state READY and the health listener is disabled. Transitioning SubConn to READY.
[34m2026-04-17 10:35:31.726 -03 001e INFO[0m [grpc] [34;1mAddTraceEvent[0m -> [core] [Channel #4]Channel Connectivity change to READY
[34m2026-04-17 10:35:34.042 -03 0001 INFO[0m [grpc] [34;1mInfof[0m -> [core] original dial target is: "10.10.20.151:7051"
[34m2026-04-17 10:35:34.042 -03 0002 INFO[0m [grpc] [34;1mAddTraceEvent[0m -> [core] [Channel #1]Channel created
[34m2026-04-17 10:35:34.042 -03 0003 INFO[0m [grpc] [34;1mAddTraceEvent[0m -> [core] [Channel #1]parsed dial target is: resolver.Target{URL:url.URL{Scheme:"passthrough", Opaque:"", User:(*url.Userinfo)(nil), Host:"", Path:"/10.10.20.151:7051", RawPath:"", OmitHost:false, ForceQuery:false, RawQuery:"", Fragment:"", RawFragment:""}}
[34m2026-04-17 10:35:34.042 -03 0004 INFO[0m [grpc] [34;1mAddTraceEvent[0m -> [core] [Channel #1]Channel authority set to "10.10.20.151:7051"
[34m2026-04-17 10:35:34.042 -03 0005 INFO[0m [grpc] [34;1mAddTraceEvent[0m -> [core] [Channel #1]Resolver state updated: {
  "Addresses": [
    {
      "Addr": "10.10.20.151:7051",
      "ServerName": "",
      "Attributes": null,
      "BalancerAttributes": null,
      "Metadata": null
    }
  ],
  "Endpoints": [
    {
      "Addresses": [
        {
          "Addr": "10.10.20.151:7051",
          "ServerName": "",
          "Attributes": null,
          "BalancerAttributes": null,
          "Metadata": null
        }
      ],
      "Attributes": null
    }
  ],
  "ServiceConfig": null,
  "Attributes": null
} (resolver returned new addresses)
[34m2026-04-17 10:35:34.042 -03 0006 INFO[0m [grpc] [34;1mAddTraceEvent[0m -> [core] [Channel #1]Channel switches to new LB policy "pick_first"
[34m2026-04-17 10:35:34.042 -03 0007 INFO[0m [grpc] [34;1mInfof[0m -> [pick-first-leaf-lb] [pick-first-leaf-lb 0xc000692e10] Received new config {
  "shuffleAddressList": false
}, resolver state {
  "Addresses": [
    {
      "Addr": "10.10.20.151:7051",
      "ServerName": "",
      "Attributes": null,
      "BalancerAttributes": null,
      "Metadata": null
    }
  ],
  "Endpoints": [
    {
      "Addresses": [
        {
          "Addr": "10.10.20.151:7051",
          "ServerName": "",
          "Attributes": null,
          "BalancerAttributes": null,
          "Metadata": null
        }
      ],
      "Attributes": null
    }
  ],
  "ServiceConfig": null,
  "Attributes": null
}
[34m2026-04-17 10:35:34.042 -03 0008 INFO[0m [grpc] [34;1mAddTraceEvent[0m -> [core] [Channel #1]Channel Connectivity change to CONNECTING
[34m2026-04-17 10:35:34.042 -03 0009 INFO[0m [grpc] [34;1mAddTraceEvent[0m -> [core] [Channel #1 SubChannel #2]Subchannel created
[34m2026-04-17 10:35:34.042 -03 000a INFO[0m [grpc] [34;1mAddTraceEvent[0m -> [core] [Channel #1]Channel exiting idle mode
[34m2026-04-17 10:35:34.042 -03 000b INFO[0m [grpc] [34;1mAddTraceEvent[0m -> [core] [Channel #1 SubChannel #2]Subchannel Connectivity change to CONNECTING
[34m2026-04-17 10:35:34.043 -03 000c INFO[0m [grpc] [34;1mAddTraceEvent[0m -> [core] [Channel #1 SubChannel #2]Subchannel picks a new address "10.10.20.151:7051" to connect
[34m2026-04-17 10:35:34.045 -03 000d INFO[0m [grpc] [34;1mAddTraceEvent[0m -> [core] [Channel #1 SubChannel #2]Subchannel Connectivity change to READY
[34m2026-04-17 10:35:34.046 -03 000e INFO[0m [grpc] [34;1mInfof[0m -> [pick-first-leaf-lb] [pick-first-leaf-lb 0xc000692e10] SubConn 0xc00034ed20 reported connectivity state READY and the health listener is disabled. Transitioning SubConn to READY.
[34m2026-04-17 10:35:34.046 -03 000f INFO[0m [grpc] [34;1mAddTraceEvent[0m -> [core] [Channel #1]Channel Connectivity change to READY
[34m2026-04-17 10:35:34.046 -03 0010 INFO[0m [grpc] [34;1mInfof[0m -> [core] original dial target is: "10.10.20.151:7051"
[34m2026-04-17 10:35:34.046 -03 0011 INFO[0m [grpc] [34;1mAddTraceEvent[0m -> [core] [Channel #4]Channel created
[34m2026-04-17 10:35:34.046 -03 0012 INFO[0m [grpc] [34;1mAddTraceEvent[0m -> [core] [Channel #4]parsed dial target is: resolver.Target{URL:url.URL{Scheme:"passthrough", Opaque:"", User:(*url.Userinfo)(nil), Host:"", Path:"/10.10.20.151:7051", RawPath:"", OmitHost:false, ForceQuery:false, RawQuery:"", Fragment:"", RawFragment:""}}
[34m2026-04-17 10:35:34.046 -03 0013 INFO[0m [grpc] [34;1mAddTraceEvent[0m -> [core] [Channel #4]Channel authority set to "10.10.20.151:7051"
[34m2026-04-17 10:35:34.047 -03 0014 INFO[0m [grpc] [34;1mAddTraceEvent[0m -> [core] [Channel #4]Resolver state updated: {
  "Addresses": [
    {
      "Addr": "10.10.20.151:7051",
      "ServerName": "",
      "Attributes": null,
      "BalancerAttributes": null,
      "Metadata": null
    }
  ],
  "Endpoints": [
    {
      "Addresses": [
        {
          "Addr": "10.10.20.151:7051",
          "ServerName": "",
          "Attributes": null,
          "BalancerAttributes": null,
          "Metadata": null
        }
      ],
      "Attributes": null
    }
  ],
  "ServiceConfig": null,
  "Attributes": null
} (resolver returned new addresses)
[34m2026-04-17 10:35:34.047 -03 0015 INFO[0m [grpc] [34;1mAddTraceEvent[0m -> [core] [Channel #4]Channel switches to new LB policy "pick_first"
[34m2026-04-17 10:35:34.047 -03 0016 INFO[0m [grpc] [34;1mInfof[0m -> [pick-first-leaf-lb] [pick-first-leaf-lb 0xc0002975f0] Received new config {
  "shuffleAddressList": false
}, resolver state {
  "Addresses": [
    {
      "Addr": "10.10.20.151:7051",
      "ServerName": "",
      "Attributes": null,
      "BalancerAttributes": null,
      "Metadata": null
    }
  ],
  "Endpoints": [
    {
      "Addresses": [
        {
          "Addr": "10.10.20.151:7051",
          "ServerName": "",
          "Attributes": null,
          "BalancerAttributes": null,
          "Metadata": null
        }
      ],
      "Attributes": null
    }
  ],
  "ServiceConfig": null,
  "Attributes": null
}
[34m2026-04-17 10:35:34.047 -03 0017 INFO[0m [grpc] [34;1mAddTraceEvent[0m -> [core] [Channel #4]Channel Connectivity change to CONNECTING
[34m2026-04-17 10:35:34.047 -03 0018 INFO[0m [grpc] [34;1mAddTraceEvent[0m -> [core] [Channel #4 SubChannel #5]Subchannel created
[34m2026-04-17 10:35:34.047 -03 0019 INFO[0m [grpc] [34;1mAddTraceEvent[0m -> [core] [Channel #4]Channel exiting idle mode
[34m2026-04-17 10:35:34.047 -03 001a INFO[0m [grpc] [34;1mAddTraceEvent[0m -> [core] [Channel #4 SubChannel #5]Subchannel Connectivity change to CONNECTING
[34m2026-04-17 10:35:34.047 -03 001b INFO[0m [grpc] [34;1mAddTraceEvent[0m -> [core] [Channel #4 SubChannel #5]Subchannel picks a new address "10.10.20.151:7051" to connect
[34m2026-04-17 10:35:34.050 -03 001c INFO[0m [grpc] [34;1mAddTraceEvent[0m -> [core] [Channel #4 SubChannel #5]Subchannel Connectivity change to READY
[34m2026-04-17 10:35:34.050 -03 001d INFO[0m [grpc] [34;1mInfof[0m -> [pick-first-leaf-lb] [pick-first-leaf-lb 0xc0002975f0] SubConn 0xc0006de3c0 reported connectivity state READY and the health listener is disabled. Transitioning SubConn to READY.
[34m2026-04-17 10:35:34.050 -03 001e INFO[0m [grpc] [34;1mAddTraceEvent[0m -> [core] [Channel #4]Channel Connectivity change to READY
slurmstepd-baia1: error: *** JOB 17 ON baia1 CANCELLED AT 2026-04-18T09:33:27 DUE TO TIME LIMIT ***
